{
    "type": "FeatureCollection",
    "name": "Marrakech_Safi",
    "crs": {
        "type": "name",
        "properties": {
            "name": "urn:ogc:def:crs:OGC:1.3:CRS84"
        }
    },
    "features": [
        {
            "type": "Feature",
            "properties": {
                "name": "Marrakech-Safi"
            },
            "geometry": {
                "type": "Polygon",
                "coordinates": [
                    [
                        [
                            -8.690326412699999,
                            30.87972082
                        ],
                        [
                            -8.706099912699999,
                            30.86599842
                        ],
                        [
                            -8.7136369127,
                            30.86257242
                        ],
                        [
                            -8.7275190127,
                            30.85626192
                        ],
                        [
                            -8.7247724127,
                            30.83865032
                        ],
                        [
                            -8.726832312699999,
                            30.83017492
                        ],
                        [
                            -8.725373212699999,
                            30.81941382
                        ],
                        [
                            -8.7282056127,
                            30.81403282
                        ],
                        [
                            -8.741766912699999,
                            30.81071562
                        ],
                        [
                            -8.7423253127,
                            30.81125002
                        ],
                        [
                            -8.7428717127,
                            30.81177292
                        ],
                        [
                            -8.744020112699999,
                            30.81287202
                        ],
                        [
                            -8.7477750127,
                            30.81646542
                        ],
                        [
                            -8.7602205127,
                            30.83791332
                        ],
                        [
                            -8.7629671126,
                            30.85331452
                        ],
                        [
                            -8.764512012599999,
                            30.872838919900001
                        ],
                        [
                            -8.7612032126,
                            30.8886875199
                        ],
                        [
                            -8.7699644126,
                            30.898765119899998
                        ],
                        [
                            -8.7718462126,
                            30.912770319900002
                        ],
                        [
                            -8.775193612600001,
                            30.917777619900001
                        ],
                        [
                            -8.787896612600001,
                            30.926650119800001
                        ],
                        [
                            -8.7821030125,
                            30.9373992198
                        ],
                        [
                            -8.7913846125,
                            30.9418433198
                        ],
                        [
                            -8.797487112500001,
                            30.949138419800001
                        ],
                        [
                            -8.8003624125,
                            30.958618919799999
                        ],
                        [
                            -8.8057612125,
                            30.9634914198
                        ],
                        [
                            -8.8109539125,
                            30.967601819799999
                        ],
                        [
                            -8.819155112500001,
                            30.973474619699999
                        ],
                        [
                            -8.826201812500001,
                            30.974928019699998
                        ],
                        [
                            -8.8305225125,
                            30.972252719699998
                        ],
                        [
                            -8.841508812500001,
                            30.968271319700001
                        ],
                        [
                            -8.8521776125,
                            30.960583919699999
                        ],
                        [
                            -8.8654994125,
                            30.9494428197
                        ],
                        [
                            -8.8780961125,
                            30.940656819699999
                        ],
                        [
                            -8.896345312499999,
                            30.928404119700001
                        ],
                        [
                            -8.916419512499999,
                            30.914924219700001
                        ],
                        [
                            -8.9548137125,
                            30.904358619700002
                        ],
                        [
                            -8.986092512500001,
                            30.890074119699999
                        ],
                        [
                            -8.9918668125,
                            30.873612419699999
                        ],
                        [
                            -8.996332112499999,
                            30.846489319700002
                        ],
                        [
                            -8.9967239125,
                            30.831451519800002
                        ],
                        [
                            -8.9968364125,
                            30.827130519800001
                        ],
                        [
                            -8.996881412500001,
                            30.825404419800002
                        ],
                        [
                            -9.0014841125,
                            30.8242432198
                        ],
                        [
                            -9.0212402125,
                            30.8192590198
                        ],
                        [
                            -9.0400071125,
                            30.822192719699999
                        ],
                        [
                            -9.078034412499999,
                            30.826467619700001
                        ],
                        [
                            -9.1039252125,
                            30.826854619700001
                        ],
                        [
                            -9.132871612500001,
                            30.8278938196
                        ],
                        [
                            -9.1515894125,
                            30.821887819600001
                        ],
                        [
                            -9.1683864125,
                            30.827684819600002
                        ],
                        [
                            -9.167948712399999,
                            30.840622719599999
                        ],
                        [
                            -9.1662407124,
                            30.859932219600001
                        ],
                        [
                            -9.1655895124,
                            30.9042651195
                        ],
                        [
                            -9.165215012399999,
                            30.929750919500002
                        ],
                        [
                            -9.1539899124,
                            30.927315519499999
                        ],
                        [
                            -9.1042666124,
                            30.916526919500001
                        ],
                        [
                            -9.143886112300001,
                            30.962861919400002
                        ],
                        [
                            -9.1813855123,
                            31.000464019399999
                        ],
                        [
                            -9.2007918122,
                            31.014323819299999
                        ],
                        [
                            -9.214743612199999,
                            31.035139019300001
                        ],
                        [
                            -9.2348580122,
                            31.042235819199998
                        ],
                        [
                            -9.2537665122,
                            31.031454419199999
                        ],
                        [
                            -9.2787123122,
                            31.0428145192
                        ],
                        [
                            -9.280210912199999,
                            31.043496919199999
                        ],
                        [
                            -9.2984070122,
                            31.0490084192
                        ],
                        [
                            -9.3129000121,
                            31.0618500191
                        ],
                        [
                            -9.320525612100001,
                            31.081607619100001
                        ],
                        [
                            -9.321339012099999,
                            31.086181719100001
                        ],
                        [
                            -9.3172381121,
                            31.095509219099998
                        ],
                        [
                            -9.3179977121,
                            31.105621919099999
                        ],
                        [
                            -9.323962912100001,
                            31.111475219100001
                        ],
                        [
                            -9.3241132121,
                            31.118011519100001
                        ],
                        [
                            -9.322993612099999,
                            31.121776819
                        ],
                        [
                            -9.320812912099999,
                            31.129110019
                        ],
                        [
                            -9.309941912099999,
                            31.129625819
                        ],
                        [
                            -9.299992312100001,
                            31.130097819100001
                        ],
                        [
                            -9.290988712100001,
                            31.130525019099998
                        ],
                        [
                            -9.2630233121,
                            31.1318518191
                        ],
                        [
                            -9.2912101121,
                            31.151370619
                        ],
                        [
                            -9.275404412,
                            31.175299019
                        ],
                        [
                            -9.283910212,
                            31.203501419
                        ],
                        [
                            -9.280610012,
                            31.210427819
                        ],
                        [
                            -9.276125312,
                            31.212661719
                        ],
                        [
                            -9.264246412,
                            31.213448519
                        ],
                        [
                            -9.265276412,
                            31.227031319
                        ],
                        [
                            -9.265323912,
                            31.232003818900001
                        ],
                        [
                            -9.265373612,
                            31.237210718899998
                        ],
                        [
                            -9.263731412,
                            31.2446336189
                        ],
                        [
                            -9.265353612,
                            31.250823118900001
                        ],
                        [
                            -9.275142612,
                            31.254128718899999
                        ],
                        [
                            -9.273743611900001,
                            31.266495218900001
                        ],
                        [
                            -9.2734555119,
                            31.2761435189
                        ],
                        [
                            -9.2779000119,
                            31.290180018899999
                        ],
                        [
                            -9.297656011899999,
                            31.322712618800001
                        ],
                        [
                            -9.284309411900001,
                            31.3464106188
                        ],
                        [
                            -9.2736277119,
                            31.3485657188
                        ],
                        [
                            -9.2515607119,
                            31.355452118799999
                        ],
                        [
                            -9.237321311900001,
                            31.354191418799999
                        ],
                        [
                            -9.210443511899999,
                            31.357174518800001
                        ],
                        [
                            -9.215833611900001,
                            31.369490818799999
                        ],
                        [
                            -9.196375811899999,
                            31.372883818799998
                        ],
                        [
                            -9.186835711900001,
                            31.359146118799998
                        ],
                        [
                            -9.1761756119,
                            31.360421418800001
                        ],
                        [
                            -9.1528296119,
                            31.3654051189
                        ],
                        [
                            -9.1431500119,
                            31.410370018799998
                        ],
                        [
                            -9.1464600118,
                            31.425120018800001
                        ],
                        [
                            -9.1535500118,
                            31.438030018799999
                        ],
                        [
                            -9.163825511800001,
                            31.453931518699999
                        ],
                        [
                            -9.1660800118,
                            31.457420018699999
                        ],
                        [
                            -9.1796800118,
                            31.4712800187
                        ],
                        [
                            -9.184070011799999,
                            31.486030018699999
                        ],
                        [
                            -9.178210011699999,
                            31.509950018600001
                        ],
                        [
                            -9.1720867117,
                            31.525248918599999
                        ],
                        [
                            -9.1717700117,
                            31.5260400186
                        ],
                        [
                            -9.1626200117,
                            31.541660018599998
                        ],
                        [
                            -9.159373711700001,
                            31.5494380186
                        ],
                        [
                            -9.154560011699999,
                            31.560970018599999
                        ],
                        [
                            -9.141620011700001,
                            31.582100018599998
                        ],
                        [
                            -9.1319300117,
                            31.600470018500001
                        ],
                        [
                            -9.121941011700001,
                            31.6129569185
                        ],
                        [
                            -9.098490011699999,
                            31.632824518500001
                        ],
                        [
                            -9.0955129116,
                            31.638309818500002
                        ],
                        [
                            -9.0919368116,
                            31.644898118499999
                        ],
                        [
                            -9.077312511600001,
                            31.651283918499999
                        ],
                        [
                            -9.0798274116,
                            31.6602411185
                        ],
                        [
                            -9.0747805116,
                            31.663072018499999
                        ],
                        [
                            -9.069347411600001,
                            31.6581261185
                        ],
                        [
                            -9.062412311599999,
                            31.6597425185
                        ],
                        [
                            -9.0472224116,
                            31.6620840185
                        ],
                        [
                            -9.042502111599999,
                            31.6647222185
                        ],
                        [
                            -9.0354980116,
                            31.668636818500001
                        ],
                        [
                            -9.029313911699999,
                            31.6655212185
                        ],
                        [
                            -9.020439011700001,
                            31.6705325185
                        ],
                        [
                            -9.0070665117,
                            31.6661275186
                        ],
                        [
                            -9.0011708117,
                            31.6632586186
                        ],
                        [
                            -8.9764303117,
                            31.676687618599999
                        ],
                        [
                            -8.9726151117,
                            31.692241118599998
                        ],
                        [
                            -8.9726151116,
                            31.702045118499999
                        ],
                        [
                            -8.9728726116,
                            31.7102672185
                        ],
                        [
                            -8.9724821116,
                            31.7179702185
                        ],
                        [
                            -8.975190011600001,
                            31.7245630185
                        ],
                        [
                            -8.9762586116,
                            31.730907018500002
                        ],
                        [
                            -8.9795674116,
                            31.735936618499998
                        ],
                        [
                            -8.982142311600001,
                            31.7497723185
                        ],
                        [
                            -8.983039311600001,
                            31.757709218399999
                        ],
                        [
                            -8.9856142116,
                            31.7682798184
                        ],
                        [
                            -8.9837260116,
                            31.778453818399999
                        ],
                        [
                            -8.982221811600001,
                            31.780938218399999
                        ],
                        [
                            -8.9799544116,
                            31.778970318399999
                        ],
                        [
                            -8.979384211599999,
                            31.778221218399999
                        ],
                        [
                            -8.9780661116,
                            31.776489518399998
                        ],
                        [
                            -8.9755084116,
                            31.774329718400001
                        ],
                        [
                            -8.9730474116,
                            31.772768418399998
                        ],
                        [
                            -8.9730880116,
                            31.770506218400001
                        ],
                        [
                            -8.9715430116,
                            31.768608918399998
                        ],
                        [
                            -8.9689062116,
                            31.768569718399998
                        ],
                        [
                            -8.967572111599999,
                            31.768789218399998
                        ],
                        [
                            -8.9663932116,
                            31.769338618399999
                        ],
                        [
                            -8.9646766116,
                            31.7697765184
                        ],
                        [
                            -8.960927311600001,
                            31.768877618499999
                        ],
                        [
                            -8.959399511599999,
                            31.767132218499999
                        ],
                        [
                            -8.957998911600001,
                            31.765281418499999
                        ],
                        [
                            -8.9592006116,
                            31.764405718500001
                        ],
                        [
                            -8.958840111600001,
                            31.762625118500001
                        ],
                        [
                            -8.9581534116,
                            31.759414018499999
                        ],
                        [
                            -8.956282311600001,
                            31.7569619185
                        ],
                        [
                            -8.9521624116,
                            31.7557942185
                        ],
                        [
                            -8.9492270116,
                            31.754013418500001
                        ],
                        [
                            -8.9463290116,
                            31.754546118499999
                        ],
                        [
                            -8.9438296116,
                            31.755902018499999
                        ],
                        [
                            -8.9423515116,
                            31.756547118499999
                        ],
                        [
                            -8.9412061116,
                            31.757524418500001
                        ],
                        [
                            -8.9403911116,
                            31.760329918499998
                        ],
                        [
                            -8.939378311600001,
                            31.762483818500002
                        ],
                        [
                            -8.937353611600001,
                            31.764441118499999
                        ],
                        [
                            -8.935596411600001,
                            31.7649249185
                        ],
                        [
                            -8.9351744116,
                            31.766877618500001
                        ],
                        [
                            -8.934015711600001,
                            31.7674035185
                        ],
                        [
                            -8.9324966116,
                            31.767380518500001
                        ],
                        [
                            -8.930667511599999,
                            31.766546918500001
                        ],
                        [
                            -8.928981011599999,
                            31.765213818500001
                        ],
                        [
                            -8.927375211599999,
                            31.763648218499998
                        ],
                        [
                            -8.926052711600001,
                            31.761603418499998
                        ],
                        [
                            -8.9262132116,
                            31.760757418499999
                        ],
                        [
                            -8.9255378116,
                            31.758976218499999
                        ],
                        [
                            -8.923134511600001,
                            31.756348918499999
                        ],
                        [
                            -8.9205596116,
                            31.7535755185
                        ],
                        [
                            -8.9183940116,
                            31.751184718499999
                        ],
                        [
                            -8.917663811600001,
                            31.7492351185
                        ],
                        [
                            -8.9188009116,
                            31.747026418499999
                        ],
                        [
                            -8.9210746116,
                            31.746422918499999
                        ],
                        [
                            -8.9232425116,
                            31.744910718500002
                        ],
                        [
                            -8.922940411600001,
                            31.7398357185
                        ],
                        [
                            -8.920920111599999,
                            31.7371090185
                        ],
                        [
                            -8.9178776116,
                            31.734781318500001
                        ],
                        [
                            -8.915796111600001,
                            31.734799618499999
                        ],
                        [
                            -8.913994411599999,
                            31.7350192185
                        ],
                        [
                            -8.9127459116,
                            31.7352916185
                        ],
                        [
                            -8.910427111600001,
                            31.735613218600001
                        ],
                        [
                            -8.909729711600001,
                            31.735786618599999
                        ],
                        [
                            -8.909241611600001,
                            31.735973618599999
                        ],
                        [
                            -8.9083833116,
                            31.736425318599998
                        ],
                        [
                            -8.9078039116,
                            31.737064018600002
                        ],
                        [
                            -8.907406911600001,
                            31.737689118599999
                        ],
                        [
                            -8.9071700116,
                            31.738831718499998
                        ],
                        [
                            -8.9061400116,
                            31.741605518499998
                        ],
                        [
                            -8.9042518116,
                            31.7445251185
                        ],
                        [
                            -8.901522311600001,
                            31.7465981185
                        ],
                        [
                            -8.8982436116,
                            31.748028618500001
                        ],
                        [
                            -8.8948104116,
                            31.748174618499998
                        ],
                        [
                            -8.8917376116,
                            31.7473279186
                        ],
                        [
                            -8.889979011599999,
                            31.7453208186
                        ],
                        [
                            -8.8909408116,
                            31.7440507186
                        ],
                        [
                            -8.891222711599999,
                            31.743678418599998
                        ],
                        [
                            -8.8937976116,
                            31.742218618599999
                        ],
                        [
                            -8.895840311600001,
                            31.741313518599998
                        ],
                        [
                            -8.8970420116,
                            31.739853618600002
                        ],
                        [
                            -8.8960292116,
                            31.7381309186
                        ],
                        [
                            -8.893437111700001,
                            31.736933818600001
                        ],
                        [
                            -8.8908856117,
                            31.735984218599999
                        ],
                        [
                            -8.888438411699999,
                            31.734451118599999
                        ],
                        [
                            -8.8860556117,
                            31.733429918599999
                        ],
                        [
                            -8.883309111699999,
                            31.733429918599999
                        ],
                        [
                            -8.879388411700001,
                            31.733140418600001
                        ],
                        [
                            -8.8783477117,
                            31.733094818600001
                        ],
                        [
                            -8.8770710117,
                            31.733067418600001
                        ],
                        [
                            -8.876395111700001,
                            31.733176918600002
                        ],
                        [
                            -8.876137611700001,
                            31.733377618599999
                        ],
                        [
                            -8.8759338117,
                            31.733733518600001
                        ],
                        [
                            -8.875805011700001,
                            31.734244518600001
                        ],
                        [
                            -8.874903811699999,
                            31.735011018600002
                        ],
                        [
                            -8.873755811700001,
                            31.7360238186
                        ],
                        [
                            -8.8726078117,
                            31.737036718599999
                        ],
                        [
                            -8.8718890117,
                            31.737648018600002
                        ],
                        [
                            -8.871599311700001,
                            31.737830518599999
                        ],
                        [
                            -8.870912711700001,
                            31.7379400186
                        ],
                        [
                            -8.8703440117,
                            31.7380586186
                        ],
                        [
                            -8.8696145117,
                            31.738432718599999
                        ],
                        [
                            -8.8690244117,
                            31.738907218600001
                        ],
                        [
                            -8.8681124117,
                            31.739299518599999
                        ],
                        [
                            -8.866664011699999,
                            31.739792218600002
                        ],
                        [
                            -8.865312211699999,
                            31.739901318600001
                        ],
                        [
                            -8.8647543117,
                            31.739946918600001
                        ],
                        [
                            -8.8635849117,
                            31.739864818600001
                        ],
                        [
                            -8.862576411699999,
                            31.739500318600001
                        ],
                        [
                            -8.8615357117,
                            31.7392904186
                        ],
                        [
                            -8.860816811699999,
                            31.738761218600001
                        ],
                        [
                            -8.860044311699999,
                            31.737784918599999
                        ],
                        [
                            -8.8595830117,
                            31.736781218600001
                        ],
                        [
                            -8.8591431117,
                            31.735841318599999
                        ],
                        [
                            -8.858767611699999,
                            31.7353395186
                        ],
                        [
                            -8.8586603117,
                            31.734153218599999
                        ],
                        [
                            -8.8586711117,
                            31.733240818599999
                        ],
                        [
                            -8.8589178117,
                            31.732154918599999
                        ],
                        [
                            -8.859786911700001,
                            31.731288018600001
                        ],
                        [
                            -8.860806111700001,
                            31.730247718600001
                        ],
                        [
                            -8.861256711699999,
                            31.7299466186
                        ],
                        [
                            -8.8623296117,
                            31.729335218599999
                        ],
                        [
                            -8.8628446117,
                            31.7288881186
                        ],
                        [
                            -8.8634025117,
                            31.728139818599999
                        ],
                        [
                            -8.863445411700001,
                            31.727446218600001
                        ],
                        [
                            -8.8634990117,
                            31.7266888186
                        ],
                        [
                            -8.863338111699999,
                            31.725885818599998
                        ],
                        [
                            -8.8631021117,
                            31.725438618599998
                        ],
                        [
                            -8.861825311700001,
                            31.724881918600001
                        ],
                        [
                            -8.860441311700001,
                            31.724252318600001
                        ],
                        [
                            -8.859207511699999,
                            31.723723018600001
                        ],
                        [
                            -8.856160511700001,
                            31.721970818599999
                        ],
                        [
                            -8.855205611700001,
                            31.721368418600001
                        ],
                        [
                            -8.8542830117,
                            31.7211859186
                        ],
                        [
                            -8.8534461117,
                            31.721030818599999
                        ],
                        [
                            -8.852620011699999,
                            31.721012518599998
                        ],
                        [
                            -8.8516866117,
                            31.721286318600001
                        ],
                        [
                            -8.8506995117,
                            31.721532718599999
                        ],
                        [
                            -8.849648111700001,
                            31.721989018599999
                        ],
                        [
                            -8.848897111699999,
                            31.722372318600002
                        ],
                        [
                            -8.8482104117,
                            31.723011118599999
                        ],
                        [
                            -8.847201911699999,
                            31.723841618600002
                        ],
                        [
                            -8.8469015117,
                            31.724188418600001
                        ],
                        [
                            -8.846772811699999,
                            31.7246447186
                        ],
                        [
                            -8.8468372117,
                            31.725210518600001
                        ],
                        [
                            -8.8468586117,
                            31.7257215186
                        ],
                        [
                            -8.847019511699999,
                            31.726323818600001
                        ],
                        [
                            -8.847105411699999,
                            31.726825718600001
                        ],
                        [
                            -8.8471483117,
                            31.727446218600001
                        ],
                        [
                            -8.846912311700001,
                            31.7283770186
                        ],
                        [
                            -8.846847911699999,
                            31.729271318599999
                        ],
                        [
                            -8.8466011117,
                            31.7300287186
                        ],
                        [
                            -8.8459788117,
                            31.730895618600002
                        ],
                        [
                            -8.8456141117,
                            31.731589118599999
                        ],
                        [
                            -8.844712811699999,
                            31.7322918186
                        ],
                        [
                            -8.8444124117,
                            31.732675018599998
                        ],
                        [
                            -8.8443695117,
                            31.733222518600002
                        ],
                        [
                            -8.8444768117,
                            31.7336240186
                        ],
                        [
                            -8.844466111699999,
                            31.734344918600002
                        ],
                        [
                            -8.8442193117,
                            31.735275618599999
                        ],
                        [
                            -8.844058411700001,
                            31.7367355186
                        ],
                        [
                            -8.843843811699999,
                            31.737538518600001
                        ],
                        [
                            -8.8433503117,
                            31.737867018599999
                        ],
                        [
                            -8.8426851117,
                            31.738295818600001
                        ],
                        [
                            -8.8421057117,
                            31.7386426186
                        ],
                        [
                            -8.841172311699999,
                            31.739016718599999
                        ],
                        [
                            -8.840324711699999,
                            31.7393360186
                        ],
                        [
                            -8.8390587117,
                            31.739710118600001
                        ],
                        [
                            -8.837953711700001,
                            31.739910418600001
                        ],
                        [
                            -8.8370203117,
                            31.740248018599999
                        ],
                        [
                            -8.836301411699999,
                            31.7404305186
                        ],
                        [
                            -8.8354860117,
                            31.7403849186
                        ],
                        [
                            -8.8346277117,
                            31.739682718600001
                        ],
                        [
                            -8.8337265117,
                            31.738560418599999
                        ],
                        [
                            -8.8327824117,
                            31.737456418600001
                        ],
                        [
                            -8.831956311700001,
                            31.736498318599999
                        ],
                        [
                            -8.831044311699999,
                            31.734691618599999
                        ],
                        [
                            -8.8306259117,
                            31.7335419186
                        ],
                        [
                            -8.8305722117,
                            31.732456018600001
                        ],
                        [
                            -8.8305722117,
                            31.732118318600001
                        ],
                        [
                            -8.8305722117,
                            31.7316804186
                        ],
                        [
                            -8.830121611699999,
                            31.730950418599999
                        ],
                        [
                            -8.828694711700001,
                            31.7294265186
                        ],
                        [
                            -8.827568211699999,
                            31.7283132186
                        ],
                        [
                            -8.826870811699999,
                            31.728021118600001
                        ],
                        [
                            -8.826205611700001,
                            31.727601418599999
                        ],
                        [
                            -8.8252722117,
                            31.7267436186
                        ],
                        [
                            -8.8249611117,
                            31.726159518599999
                        ],
                        [
                            -8.8247679117,
                            31.7250827186
                        ],
                        [
                            -8.8244783117,
                            31.723750318699999
                        ],
                        [
                            -8.8237809117,
                            31.722582218700001
                        ],
                        [
                            -8.823105011699999,
                            31.7218430187
                        ],
                        [
                            -8.822482711699999,
                            31.721405018700001
                        ],
                        [
                            -8.8216995117,
                            31.721094718700002
                        ],
                        [
                            -8.820862611700001,
                            31.7210125187
                        ],
                        [
                            -8.8197857117,
                            31.721166218699999
                        ],
                        [
                            -8.819049511699999,
                            31.7215053187
                        ],
                        [
                            -8.8181375117,
                            31.722198918699998
                        ],
                        [
                            -8.8174401117,
                            31.723093318699998
                        ],
                        [
                            -8.816925211699999,
                            31.7239967187
                        ],
                        [
                            -8.8164531117,
                            31.724626418700002
                        ],
                        [
                            -8.8163458117,
                            31.725018818700001
                        ],
                        [
                            -8.8166140117,
                            31.725274318699999
                        ],
                        [
                            -8.817247011699999,
                            31.725730618699998
                        ],
                        [
                            -8.8178800117,
                            31.726205218699999
                        ],
                        [
                            -8.8183628117,
                            31.726907818699999
                        ],
                        [
                            -8.8188348117,
                            31.7276728187
                        ],
                        [
                            -8.819825811699999,
                            31.7317908186
                        ],
                        [
                            -8.819285111699999,
                            31.738357018599999
                        ],
                        [
                            -8.810032611700001,
                            31.7438114186
                        ],
                        [
                            -8.806442711700001,
                            31.750540918599999
                        ],
                        [
                            -8.804983611700001,
                            31.754456618599999
                        ],
                        [
                            -8.802932911699999,
                            31.755505418599999
                        ],
                        [
                            -8.8021301117,
                            31.7554660186
                        ],
                        [
                            -8.8002096117,
                            31.7555207186
                        ],
                        [
                            -8.799286911699999,
                            31.7555116186
                        ],
                        [
                            -8.797119711700001,
                            31.755028118599999
                        ],
                        [
                            -8.796873011700001,
                            31.755101118599999
                        ],
                        [
                            -8.796476011699999,
                            31.7555116186
                        ],
                        [
                            -8.7960898117,
                            31.755931218600001
                        ],
                        [
                            -8.795338711699999,
                            31.7564148186
                        ],
                        [
                            -8.794974011700001,
                            31.7566246186
                        ],
                        [
                            -8.7939762117,
                            31.7569712186
                        ],
                        [
                            -8.792999911700001,
                            31.757190218600002
                        ],
                        [
                            -8.7924312117,
                            31.757080718600001
                        ],
                        [
                            -8.791986211699999,
                            31.756984018600001
                        ],
                        [
                            -8.7914656117,
                            31.756870918600001
                        ],
                        [
                            -8.790832611700001,
                            31.756524218599999
                        ],
                        [
                            -8.790392711699999,
                            31.756031618600002
                        ],
                        [
                            -8.789631011699999,
                            31.755137618599999
                        ],
                        [
                            -8.788429411699999,
                            31.7544351186
                        ],
                        [
                            -8.7873028117,
                            31.753623218600001
                        ],
                        [
                            -8.7864338117,
                            31.7532856186
                        ],
                        [
                            -8.785350211700001,
                            31.7531397186
                        ],
                        [
                            -8.7848245117,
                            31.752993718599999
                        ],
                        [
                            -8.784320211700001,
                            31.752482818600001
                        ],
                        [
                            -8.7837516117,
                            31.751853318599998
                        ],
                        [
                            -8.783118611700001,
                            31.751415418600001
                        ],
                        [
                            -8.782786011700001,
                            31.7508224187
                        ],
                        [
                            -8.7826573117,
                            31.749910118700001
                        ],
                        [
                            -8.7826894117,
                            31.749253218700002
                        ],
                        [
                            -8.7826143117,
                            31.748350018699998
                        ],
                        [
                            -8.7825178117,
                            31.747483218700001
                        ],
                        [
                            -8.7821530117,
                            31.746744218700002
                        ],
                        [
                            -8.7815629117,
                            31.745886618699998
                        ],
                        [
                            -8.7807475117,
                            31.744992518699998
                        ],
                        [
                            -8.7799965117,
                            31.744381218699999
                        ],
                        [
                            -8.779245511699999,
                            31.744007118700001
                        ],
                        [
                            -8.7777220117,
                            31.7424104187
                        ],
                        [
                            -8.777089011699999,
                            31.7414615187
                        ],
                        [
                            -8.7758981117,
                            31.740467018699999
                        ],
                        [
                            -8.7745892117,
                            31.7400655187
                        ],
                        [
                            -8.773494811699999,
                            31.740083818700001
                        ],
                        [
                            -8.772368311699999,
                            31.740165918700001
                        ],
                        [
                            -8.771670911699999,
                            31.740348418699998
                        ],
                        [
                            -8.770522911700001,
                            31.740977918700001
                        ],
                        [
                            -8.767905111699999,
                            31.741753518700001
                        ],
                        [
                            -8.7667893117,
                            31.742018118699999
                        ],
                        [
                            -8.764471911699999,
                            31.7422371187
                        ],
                        [
                            -8.7627123117,
                            31.742866618699999
                        ],
                        [
                            -8.761800411699999,
                            31.743186018700001
                        ],
                        [
                            -8.760727511700001,
                            31.7437425187
                        ],
                        [
                            -8.7601267117,
                            31.744061818700001
                        ],
                        [
                            -8.7592040117,
                            31.744472418699999
                        ],
                        [
                            -8.7584852117,
                            31.744819118700001
                        ],
                        [
                            -8.7577664117,
                            31.744910418700002
                        ],
                        [
                            -8.7570153117,
                            31.744718818700001
                        ],
                        [
                            -8.756114111700001,
                            31.744052718700001
                        ],
                        [
                            -8.754912511700001,
                            31.7430491187
                        ],
                        [
                            -8.7540434117,
                            31.742556418700001
                        ],
                        [
                            -8.753163711699999,
                            31.7415345187
                        ],
                        [
                            -8.7523805117,
                            31.741160418700002
                        ],
                        [
                            -8.751253911699999,
                            31.7409414187
                        ],
                        [
                            -8.7498914117,
                            31.7407316187
                        ],
                        [
                            -8.748797011700001,
                            31.740622118699999
                        ],
                        [
                            -8.7480246117,
                            31.7407772187
                        ],
                        [
                            -8.747316511699999,
                            31.741041818700001
                        ],
                        [
                            -8.746243611700001,
                            31.7414615187
                        ],
                        [
                            -8.7445377117,
                            31.7421276187
                        ],
                        [
                            -8.743314611700001,
                            31.742684118700002
                        ],
                        [
                            -8.742542111700001,
                            31.743304618700002
                        ],
                        [
                            -8.7421237117,
                            31.7438246187
                        ],
                        [
                            -8.7417697117,
                            31.744390318699999
                        ],
                        [
                            -8.7413941117,
                            31.745038118699998
                        ],
                        [
                            -8.7408899117,
                            31.745667618700001
                        ],
                        [
                            -8.740503711700001,
                            31.746370218700001
                        ],
                        [
                            -8.740053011700001,
                            31.747182218700001
                        ],
                        [
                            -8.739655211700001,
                            31.748109518700002
                        ],
                        [
                            -8.739294511700001,
                            31.748732118700001
                        ],
                        [
                            -8.7383584117,
                            31.749546818700001
                        ],
                        [
                            -8.7369341117,
                            31.749893718700001
                        ],
                        [
                            -8.7352476117,
                            31.7501043187
                        ],
                        [
                            -8.7350363117,
                            31.7501043187
                        ],
                        [
                            -8.7336266117,
                            31.749927818700002
                        ],
                        [
                            -8.7328362117,
                            31.749698618699998
                        ],
                        [
                            -8.732293411700001,
                            31.749977418699999
                        ],
                        [
                            -8.7314593117,
                            31.750730018700001
                        ],
                        [
                            -8.7310408117,
                            31.751023118700001
                        ],
                        [
                            -8.7304185117,
                            31.751324218699999
                        ],
                        [
                            -8.7301932117,
                            31.751625218699999
                        ],
                        [
                            -8.730150311699999,
                            31.751917218700001
                        ],
                        [
                            -8.730225411699999,
                            31.752309518699999
                        ],
                        [
                            -8.7297319117,
                            31.752619618699999
                        ],
                        [
                            -8.729206211699999,
                            31.752647018699999
                        ],
                        [
                            -8.7281440117,
                            31.752491918699999
                        ],
                        [
                            -8.727253511700001,
                            31.752200018700002
                        ],
                        [
                            -8.7261377117,
                            31.751543118699999
                        ],
                        [
                            -8.7253116117,
                            31.751397218699999
                        ],
                        [
                            -8.724667911699999,
                            31.751369818699999
                        ],
                        [
                            -8.7240885117,
                            31.7515158187
                        ],
                        [
                            -8.723273111699999,
                            31.7517621187
                        ],
                        [
                            -8.7226616117,
                            31.752099618700001
                        ],
                        [
                            -8.7224256117,
                            31.7526744187
                        ],
                        [
                            -8.722103711700001,
                            31.753349518699999
                        ],
                        [
                            -8.721878411700001,
                            31.754015518700001
                        ],
                        [
                            -8.7216424117,
                            31.754553718699999
                        ],
                        [
                            -8.721331211700001,
                            31.7549004187
                        ],
                        [
                            -8.7208806117,
                            31.755174118700001
                        ],
                        [
                            -8.720097411699999,
                            31.755566318700001
                        ],
                        [
                            -8.719324911699999,
                            31.755694118699999
                        ],
                        [
                            -8.718917211699999,
                            31.755466018700002
                        ],
                        [
                            -8.7180589117,
                            31.7550372187
                        ],
                        [
                            -8.7167500117,
                            31.754608418699998
                        ],
                        [
                            -8.7155377117,
                            31.754170618700002
                        ],
                        [
                            -8.713799611700001,
                            31.754124918700001
                        ],
                        [
                            -8.712812511699999,
                            31.754061118700001
                        ],
                        [
                            -8.7115573117,
                            31.753650518699999
                        ],
                        [
                            -8.7097334117,
                            31.753112318700001
                        ],
                        [
                            -8.7081562117,
                            31.752072318700002
                        ],
                        [
                            -8.7073086117,
                            31.750931918700001
                        ],
                        [
                            -8.7066542117,
                            31.749782318699999
                        ],
                        [
                            -8.705935311699999,
                            31.749426518700002
                        ],
                        [
                            -8.704723011700001,
                            31.749417418699998
                        ],
                        [
                            -8.7042724117,
                            31.7496729187
                        ],
                        [
                            -8.703821811699999,
                            31.750375418699999
                        ],
                        [
                            -8.7034355117,
                            31.751105218700001
                        ],
                        [
                            -8.7028025117,
                            31.752017518700001
                        ],
                        [
                            -8.7023734117,
                            31.752528418699999
                        ],
                        [
                            -8.7017082117,
                            31.752619618699999
                        ],
                        [
                            -8.7007319117,
                            31.7530119187
                        ],
                        [
                            -8.7000667117,
                            31.753139718700002
                        ],
                        [
                            -8.698875811700001,
                            31.753130518700001
                        ],
                        [
                            -8.6979531117,
                            31.7526288187
                        ],
                        [
                            -8.6969875117,
                            31.752437218699999
                        ],
                        [
                            -8.696064811699999,
                            31.7529298187
                        ],
                        [
                            -8.694562811699999,
                            31.7536141187
                        ],
                        [
                            -8.693532811700001,
                            31.753413318700002
                        ],
                        [
                            -8.692663811699999,
                            31.7529207187
                        ],
                        [
                            -8.6918269117,
                            31.752866018700001
                        ],
                        [
                            -8.6902176117,
                            31.753157918700001
                        ],
                        [
                            -8.6894559117,
                            31.753422518699999
                        ],
                        [
                            -8.6885761117,
                            31.753851218699999
                        ],
                        [
                            -8.6875461117,
                            31.754517218699998
                        ],
                        [
                            -8.686484011699999,
                            31.755009918700001
                        ],
                        [
                            -8.685228711700001,
                            31.755566318700001
                        ],
                        [
                            -8.6836408117,
                            31.755730518699998
                        ],
                        [
                            -8.6824714117,
                            31.755657618699999
                        ],
                        [
                            -8.681205411700001,
                            31.755420418700002
                        ],
                        [
                            -8.6790274117,
                            31.755110218700001
                        ],
                        [
                            -8.678276411700001,
                            31.754298318699998
                        ],
                        [
                            -8.6767958117,
                            31.754115818700001
                        ],
                        [
                            -8.675390311699999,
                            31.7537965187
                        ],
                        [
                            -8.674446211799999,
                            31.7532309188
                        ],
                        [
                            -8.6739849118,
                            31.752574018800001
                        ],
                        [
                            -8.6739741118,
                            31.751771218799998
                        ],
                        [
                            -8.673942011799999,
                            31.751023118799999
                        ],
                        [
                            -8.673427011799999,
                            31.750475718800001
                        ],
                        [
                            -8.6726330118,
                            31.7504027188
                        ],
                        [
                            -8.6718927118,
                            31.750430118800001
                        ],
                        [
                            -8.671066611800001,
                            31.750658218800002
                        ],
                        [
                            -8.670229811800001,
                            31.7510049188
                        ],
                        [
                            -8.6677300118,
                            31.751625218800001
                        ],
                        [
                            -8.667193511800001,
                            31.751543118800001
                        ],
                        [
                            -8.666646311799999,
                            31.7512694188
                        ],
                        [
                            -8.6659812118,
                            31.751196418799999
                        ],
                        [
                            -8.6653589118,
                            31.751561418800001
                        ],
                        [
                            -8.665069211800001,
                            31.751853318799999
                        ],
                        [
                            -8.664371811800001,
                            31.7523824188
                        ],
                        [
                            -8.663138011799999,
                            31.752866018799999
                        ],
                        [
                            -8.6621617118,
                            31.7531032188
                        ],
                        [
                            -8.660906411799999,
                            31.753632318800001
                        ],
                        [
                            -8.6597477118,
                            31.754161418799999
                        ],
                        [
                            -8.658760711799999,
                            31.754243518799999
                        ],
                        [
                            -8.657752111800001,
                            31.754006318799998
                        ],
                        [
                            -8.6571621118,
                            31.753294818800001
                        ],
                        [
                            -8.6560677118,
                            31.752482818800001
                        ],
                        [
                            -8.654222411799999,
                            31.751059618799999
                        ],
                        [
                            -8.653954111799999,
                            31.7504118188
                        ],
                        [
                            -8.6544584118,
                            31.749700218800001
                        ],
                        [
                            -8.653696611799999,
                            31.748970418799999
                        ],
                        [
                            -8.6529242118,
                            31.7484412188
                        ],
                        [
                            -8.652065911799999,
                            31.748039818799999
                        ],
                        [
                            -8.651422111800001,
                            31.748167518799999
                        ],
                        [
                            -8.650145411800001,
                            31.748660218800001
                        ],
                        [
                            -8.6488687118,
                            31.7492988188
                        ],
                        [
                            -8.647785111799999,
                            31.749755018799998
                        ],
                        [
                            -8.646272311800001,
                            31.750165518799999
                        ],
                        [
                            -8.643905111800001,
                            31.750362118799998
                        ],
                        [
                            -8.6427100118,
                            31.750145618800001
                        ],
                        [
                            -8.6403077118,
                            31.7498266188
                        ],
                        [
                            -8.638278911800001,
                            31.7494952188
                        ],
                        [
                            -8.6373133118,
                            31.749201118799999
                        ],
                        [
                            -8.6355459118,
                            31.748537518799999
                        ],
                        [
                            -8.634781711800001,
                            31.748131018799999
                        ],
                        [
                            -8.6328291118,
                            31.7466986188
                        ],
                        [
                            -8.6315094118,
                            31.7459778188
                        ],
                        [
                            -8.6306296118,
                            31.745658518799999
                        ],
                        [
                            -8.629149611800001,
                            31.745448718799999
                        ],
                        [
                            -8.628602411799999,
                            31.745348318800001
                        ],
                        [
                            -8.628044511800001,
                            31.745348318800001
                        ],
                        [
                            -8.6273793118,
                            31.745448718799999
                        ],
                        [
                            -8.626553211799999,
                            31.7458227188
                        ],
                        [
                            -8.625888011800001,
                            31.746242418800001
                        ],
                        [
                            -8.625351611799999,
                            31.746260718799999
                        ],
                        [
                            -8.6248044118,
                            31.746178618799998
                        ],
                        [
                            -8.623892511799999,
                            31.7459231188
                        ],
                        [
                            -8.622862511799999,
                            31.745521718799999
                        ],
                        [
                            -8.6220042118,
                            31.744782618799999
                        ],
                        [
                            -8.621757411800001,
                            31.744335618800001
                        ],
                        [
                            -8.621532111800001,
                            31.742912218800001
                        ],
                        [
                            -8.621403411799999,
                            31.741616618799998
                        ],
                        [
                            -8.621575011799999,
                            31.740923218799999
                        ],
                        [
                            -8.621693111800001,
                            31.7403666188
                        ],
                        [
                            -8.6220042118,
                            31.739728418799999
                        ],
                        [
                            -8.6221866118,
                            31.739180918799999
                        ],
                        [
                            -8.622100811799999,
                            31.738761218800001
                        ],
                        [
                            -8.621532111800001,
                            31.737593318799998
                        ],
                        [
                            -8.621413411800001,
                            31.737191318800001
                        ],
                        [
                            -8.6213813118,
                            31.736726018799999
                        ],
                        [
                            -8.6211452118,
                            31.7362698188
                        ],
                        [
                            -8.6209306118,
                            31.735512418799999
                        ],
                        [
                            -8.6210379118,
                            31.7343171188
                        ],
                        [
                            -8.621134511799999,
                            31.733322518800001
                        ],
                        [
                            -8.621155911800001,
                            31.7323830188
                        ],
                        [
                            -8.620544411799999,
                            31.730831818799999
                        ],
                        [
                            -8.6204586118,
                            31.730311618799998
                        ],
                        [
                            -8.620190411799999,
                            31.729636418799998
                        ],
                        [
                            -8.6198148118,
                            31.7293626188
                        ],
                        [
                            -8.6192033118,
                            31.728988518800001
                        ],
                        [
                            -8.6187725118,
                            31.728652218800001
                        ],
                        [
                            -8.6186132118,
                            31.7282676188
                        ],
                        [
                            -8.618784911800001,
                            31.728066818799999
                        ],
                        [
                            -8.6189995118,
                            31.7271634188
                        ],
                        [
                            -8.6182592118,
                            31.7260957188
                        ],
                        [
                            -8.6175940118,
                            31.725393018799998
                        ],
                        [
                            -8.616446011800001,
                            31.724736018800002
                        ],
                        [
                            -8.615727211799999,
                            31.724471318900001
                        ],
                        [
                            -8.6142251118,
                            31.7243344189
                        ],
                        [
                            -8.612572911799999,
                            31.7244074189
                        ],
                        [
                            -8.610802611800001,
                            31.724480418900001
                        ],
                        [
                            -8.6090753118,
                            31.7247907189
                        ],
                        [
                            -8.6078629118,
                            31.724617318899998
                        ],
                        [
                            -8.606983211799999,
                            31.7243618189
                        ],
                        [
                            -8.6065540118,
                            31.723622618899999
                        ],
                        [
                            -8.6061141118,
                            31.723047718899998
                        ],
                        [
                            -8.604333111800001,
                            31.7229290189
                        ],
                        [
                            -8.603603611800001,
                            31.722938218900001
                        ],
                        [
                            -8.603281711799999,
                            31.723129818899999
                        ],
                        [
                            -8.602219611800001,
                            31.723367118900001
                        ],
                        [
                            -8.6011467118,
                            31.723476618900001
                        ],
                        [
                            -8.600277611799999,
                            31.723686518899999
                        ],
                        [
                            -8.599515911799999,
                            31.724133618900002
                        ],
                        [
                            -8.5986147118,
                            31.724197518899999
                        ],
                        [
                            -8.5978422118,
                            31.7242067189
                        ],
                        [
                            -8.5970804118,
                            31.724927618900001
                        ],
                        [
                            -8.5967157118,
                            31.7253200189
                        ],
                        [
                            -8.5960505118,
                            31.725721518899999
                        ],
                        [
                            -8.5950634118,
                            31.726123118899999
                        ],
                        [
                            -8.5943660118,
                            31.7263786189
                        ],
                        [
                            -8.5938189118,
                            31.726524618900001
                        ],
                        [
                            -8.593443411799999,
                            31.7269626189
                        ],
                        [
                            -8.593336111799999,
                            31.7274098189
                        ],
                        [
                            -8.5931966118,
                            31.727738318899998
                        ],
                        [
                            -8.5918555118,
                            31.728787718900001
                        ],
                        [
                            -8.5913067118,
                            31.729227118899999
                        ],
                        [
                            -8.590664611799999,
                            31.729499518899999
                        ],
                        [
                            -8.5902676118,
                            31.7297641189
                        ],
                        [
                            -8.5901603118,
                            31.730110918899999
                        ],
                        [
                            -8.590332011799999,
                            31.730512418899998
                        ],
                        [
                            -8.5900960118,
                            31.731050818899998
                        ],
                        [
                            -8.589645411799999,
                            31.731534418900001
                        ],
                        [
                            -8.589151811800001,
                            31.7318447189
                        ],
                        [
                            -8.588100411799999,
                            31.732291818899999
                        ],
                        [
                            -8.587930311799999,
                            31.732361918900001
                        ],
                        [
                            -8.5873923118,
                            31.7325838189
                        ],
                        [
                            -8.5863194118,
                            31.732821018900001
                        ],
                        [
                            -8.5846779118,
                            31.732383018899998
                        ],
                        [
                            -8.584023411800001,
                            31.731452318900001
                        ],
                        [
                            -8.5835085118,
                            31.730475918900002
                        ],
                        [
                            -8.583133011799999,
                            31.729499518899999
                        ],
                        [
                            -8.5829827118,
                            31.728513918899999
                        ],
                        [
                            -8.582575111800001,
                            31.727355018899999
                        ],
                        [
                            -8.581920611799999,
                            31.726141318900002
                        ],
                        [
                            -8.580890611799999,
                            31.724799818899999
                        ],
                        [
                            -8.5792384118,
                            31.723321418899999
                        ],
                        [
                            -8.578669811799999,
                            31.722956418900001
                        ],
                        [
                            -8.5783157118,
                            31.722956418900001
                        ],
                        [
                            -8.577714911799999,
                            31.723002018900001
                        ],
                        [
                            -8.5772106118,
                            31.723020318900002
                        ],
                        [
                            -8.5768029118,
                            31.722956418900001
                        ],
                        [
                            -8.575837311800001,
                            31.722646118899998
                        ],
                        [
                            -8.574539211799999,
                            31.721998218900001
                        ],
                        [
                            -8.573455511800001,
                            31.721322818899999
                        ],
                        [
                            -8.571460011799999,
                            31.720985218900001
                        ],
                        [
                            -8.570837711799999,
                            31.720948718900001
                        ],
                        [
                            -8.5693571118,
                            31.7208757189
                        ],
                        [
                            -8.568380811800001,
                            31.720957818900001
                        ],
                        [
                            -8.5678122118,
                            31.721112918900001
                        ],
                        [
                            -8.567350811800001,
                            31.721541918900002
                        ],
                        [
                            -8.5670504118,
                            31.721715318899999
                        ],
                        [
                            -8.5664174118,
                            31.721888718900001
                        ],
                        [
                            -8.5654947118,
                            31.722125918900002
                        ],
                        [
                            -8.564647211800001,
                            31.7222355189
                        ],
                        [
                            -8.5626623118,
                            31.7223176189
                        ],
                        [
                            -8.561836211799999,
                            31.722427118900001
                        ],
                        [
                            -8.5615680118,
                            31.7222720189
                        ],
                        [
                            -8.5608599118,
                            31.721934318900001
                        ],
                        [
                            -8.559561711800001,
                            31.721633118900002
                        ],
                        [
                            -8.557737811799999,
                            31.721213318899999
                        ],
                        [
                            -8.556611311799999,
                            31.7209030189
                        ],
                        [
                            -8.556096311799999,
                            31.7209030189
                        ],
                        [
                            -8.555398911799999,
                            31.721003418900001
                        ],
                        [
                            -8.554326011800001,
                            31.720994318900001
                        ],
                        [
                            -8.5519442118,
                            31.721167718899999
                        ],
                        [
                            -8.550860611899999,
                            31.721058218900001
                        ],
                        [
                            -8.550045211900001,
                            31.720574518900001
                        ],
                        [
                            -8.5485325119,
                            31.7194155189
                        ],
                        [
                            -8.547867311899999,
                            31.7190504189
                        ],
                        [
                            -8.5470841119,
                            31.718612418900001
                        ],
                        [
                            -8.546225811899999,
                            31.7185667189
                        ],
                        [
                            -8.545335311900001,
                            31.718630618900001
                        ],
                        [
                            -8.5440800119,
                            31.718712718900001
                        ],
                        [
                            -8.542964211899999,
                            31.7186397189
                        ],
                        [
                            -8.5404966119,
                            31.718502818899999
                        ],
                        [
                            -8.5388765119,
                            31.7185485189
                        ],
                        [
                            -8.5376749119,
                            31.7184846189
                        ],
                        [
                            -8.5369024119,
                            31.718247318900001
                        ],
                        [
                            -8.5366878119,
                            31.7180739189
                        ],
                        [
                            -8.536344511899999,
                            31.717444218899999
                        ],
                        [
                            -8.5357651119,
                            31.716787118900001
                        ],
                        [
                            -8.5351536119,
                            31.7162395189
                        ],
                        [
                            -8.534434811900001,
                            31.716029518900001
                        ],
                        [
                            -8.533780311899999,
                            31.716029518900001
                        ],
                        [
                            -8.533340411899999,
                            31.716376418900001
                        ],
                        [
                            -8.5331044119,
                            31.7167414189
                        ],
                        [
                            -8.5327396119,
                            31.716951318900001
                        ],
                        [
                            -8.5320315119,
                            31.717243418900001
                        ],
                        [
                            -8.5313341119,
                            31.717562818899999
                        ],
                        [
                            -8.530969411899999,
                            31.718740118900001
                        ],
                        [
                            -8.530486611900001,
                            31.720300718899999
                        ],
                        [
                            -8.530089611899999,
                            31.721213318899999
                        ],
                        [
                            -8.529864311900001,
                            31.721715318899999
                        ],
                        [
                            -8.529499511899999,
                            31.722034718900002
                        ],
                        [
                            -8.528727011899999,
                            31.722080318900002
                        ],
                        [
                            -8.5277936119,
                            31.722135118899999
                        ],
                        [
                            -8.527085511899999,
                            31.722007318900001
                        ],
                        [
                            -8.526602711900001,
                            31.7218978189
                        ],
                        [
                            -8.5257981119,
                            31.7218430189
                        ],
                        [
                            -8.5251972119,
                            31.722080318900002
                        ],
                        [
                            -8.524628611900001,
                            31.7223541189
                        ],
                        [
                            -8.524371111900001,
                            31.7227648189
                        ],
                        [
                            -8.5242424119,
                            31.7232941189
                        ],
                        [
                            -8.5243067119,
                            31.723704718899999
                        ],
                        [
                            -8.524478411900001,
                            31.724060618900001
                        ],
                        [
                            -8.5244569119,
                            31.7244439189
                        ],
                        [
                            -8.524274611899999,
                            31.7253291189
                        ],
                        [
                            -8.523856111900001,
                            31.7263421189
                        ],
                        [
                            -8.5232982119,
                            31.727519318900001
                        ],
                        [
                            -8.522912011900001,
                            31.728459218899999
                        ],
                        [
                            -8.5227403119,
                            31.728596118900001
                        ],
                        [
                            -8.522246811900001,
                            31.728422718899999
                        ],
                        [
                            -8.521592311899999,
                            31.728413618899999
                        ],
                        [
                            -8.5211847119,
                            31.728468318899999
                        ],
                        [
                            -8.520680411900001,
                            31.728632618900001
                        ],
                        [
                            -8.520272711900001,
                            31.728815118899998
                        ],
                        [
                            -8.5196826119,
                            31.728979318899999
                        ],
                        [
                            -8.5191569119,
                            31.7291345189
                        ],
                        [
                            -8.5180947119,
                            31.729280518900001
                        ],
                        [
                            -8.5161636119,
                            31.728550418899999
                        ],
                        [
                            -8.515230111899999,
                            31.727902518899999
                        ],
                        [
                            -8.514865411900001,
                            31.727309418899999
                        ],
                        [
                            -8.5138139119,
                            31.726825718899999
                        ],
                        [
                            -8.5125479119,
                            31.726625018899998
                        ],
                        [
                            -8.5116896119,
                            31.726716218899998
                        ],
                        [
                            -8.5109708119,
                            31.7268714189
                        ],
                        [
                            -8.5102520119,
                            31.7269900189
                        ],
                        [
                            -8.5094580119,
                            31.726980918900001
                        ],
                        [
                            -8.508728511899999,
                            31.727282018899999
                        ],
                        [
                            -8.5082671119,
                            31.727683518900001
                        ],
                        [
                            -8.5073766119,
                            31.7284957189
                        ],
                        [
                            -8.5066471119,
                            31.729326118900001
                        ],
                        [
                            -8.5059604119,
                            31.729910118900001
                        ],
                        [
                            -8.505424011900001,
                            31.7301474189
                        ],
                        [
                            -8.5048339119,
                            31.730165618899999
                        ],
                        [
                            -8.5040936119,
                            31.730421118900001
                        ],
                        [
                            -8.5035357119,
                            31.730704018899999
                        ],
                        [
                            -8.5029564119,
                            31.7308956189
                        ],
                        [
                            -8.5020766119,
                            31.731114618900001
                        ],
                        [
                            -8.5010681119,
                            31.731105519
                        ],
                        [
                            -8.5000703119,
                            31.731215019
                        ],
                        [
                            -8.4988365119,
                            31.731470519
                        ],
                        [
                            -8.4976134119,
                            31.732036319
                        ],
                        [
                            -8.4971091119,
                            31.732501719
                        ],
                        [
                            -8.4965512119,
                            31.732966619
                        ],
                        [
                            -8.496057711900001,
                            31.733386319
                        ],
                        [
                            -8.4950599119,
                            31.733961219
                        ],
                        [
                            -8.4944055119,
                            31.734280619
                        ],
                        [
                            -8.4938476119,
                            31.734234919
                        ],
                        [
                            -8.493439911899999,
                            31.734043319
                        ],
                        [
                            -8.4926138119,
                            31.733733119
                        ],
                        [
                            -8.491776911900001,
                            31.733733119
                        ],
                        [
                            -8.4907148119,
                            31.733751319
                        ],
                        [
                            -8.4901461119,
                            31.733897319
                        ],
                        [
                            -8.489448811899999,
                            31.734198419
                        ],
                        [
                            -8.488966011900001,
                            31.734426619
                        ],
                        [
                            -8.4881720119,
                            31.734791619
                        ],
                        [
                            -8.4874210119,
                            31.734891919
                        ],
                        [
                            -8.486841611899999,
                            31.734919319
                        ],
                        [
                            -8.486262311899999,
                            31.734417419
                        ],
                        [
                            -8.4855542119,
                            31.734052419
                        ],
                        [
                            -8.4843526119,
                            31.733477619
                        ],
                        [
                            -8.482441211899999,
                            31.732840719
                        ],
                        [
                            -8.4799967119,
                            31.731616519
                        ],
                        [
                            -8.478215711900001,
                            31.730539819
                        ],
                        [
                            -8.4772393119,
                            31.729773219
                        ],
                        [
                            -8.4764347119,
                            31.728979319
                        ],
                        [
                            -8.474696611900001,
                            31.727327619
                        ],
                        [
                            -8.474106511900001,
                            31.726962619
                        ],
                        [
                            -8.4732268119,
                            31.726570219
                        ],
                        [
                            -8.472583011899999,
                            31.726223419
                        ],
                        [
                            -8.4724221119,
                            31.725958819
                        ],
                        [
                            -8.4724972119,
                            31.725694219
                        ],
                        [
                            -8.472647411900001,
                            31.725174019
                        ],
                        [
                            -8.4728083119,
                            31.724690319
                        ],
                        [
                            -8.4729585119,
                            31.724069819
                        ],
                        [
                            -8.472931711899999,
                            31.723476619
                        ],
                        [
                            -8.472615211900001,
                            31.723065919
                        ],
                        [
                            -8.472202211899999,
                            31.722719119
                        ],
                        [
                            -8.4719071119,
                            31.722646119
                        ],
                        [
                            -8.471343811900001,
                            31.722605119
                        ],
                        [
                            -8.4709952119,
                            31.722637019
                        ],
                        [
                            -8.470517711899999,
                            31.722769319
                        ],
                        [
                            -8.4701529119,
                            31.722992919
                        ],
                        [
                            -8.469552111900001,
                            31.723052219
                        ],
                        [
                            -8.469074711899999,
                            31.723239319
                        ],
                        [
                            -8.468892311899999,
                            31.723335119
                        ],
                        [
                            -8.468377311899999,
                            31.723713919
                        ],
                        [
                            -8.4679428119,
                            31.724051519
                        ],
                        [
                            -8.4676585119,
                            31.724343519
                        ],
                        [
                            -8.467148911900001,
                            31.724608219
                        ],
                        [
                            -8.466741211900001,
                            31.724790719
                        ],
                        [
                            -8.4664837119,
                            31.724772519
                        ],
                        [
                            -8.465598611900001,
                            31.724749619
                        ],
                        [
                            -8.464418411900001,
                            31.724717719
                        ],
                        [
                            -8.463522511900001,
                            31.724453119
                        ],
                        [
                            -8.4630451119,
                            31.724320719
                        ],
                        [
                            -8.4618166119,
                            31.723723019
                        ],
                        [
                            -8.4610710119,
                            31.723380819
                        ],
                        [
                            -8.4606150119,
                            31.723234719
                        ],
                        [
                            -8.4601751119,
                            31.723221119
                        ],
                        [
                            -8.4597513119,
                            31.723262119
                        ],
                        [
                            -8.459257811900001,
                            31.723303219
                        ],
                        [
                            -8.4587697119,
                            31.723303219
                        ],
                        [
                            -8.4582761119,
                            31.723266719
                        ],
                        [
                            -8.4576968119,
                            31.723577019
                        ],
                        [
                            -8.456838511899999,
                            31.723910119
                        ],
                        [
                            -8.456446911900001,
                            31.724266019
                        ],
                        [
                            -8.4561947119,
                            31.724521519
                        ],
                        [
                            -8.4557656119,
                            31.724854619
                        ],
                        [
                            -8.4554974119,
                            31.725105519
                        ],
                        [
                            -8.455036011900001,
                            31.725210519
                        ],
                        [
                            -8.453909511899999,
                            31.725251619
                        ],
                        [
                            -8.4533677119,
                            31.725342819
                        ],
                        [
                            -8.451790511900001,
                            31.725475119
                        ],
                        [
                            -8.451286311900001,
                            31.725475119
                        ],
                        [
                            -8.450889311899999,
                            31.725242419
                        ],
                        [
                            -8.4505192119,
                            31.725000619
                        ],
                        [
                            -8.4502563119,
                            31.724891119
                        ],
                        [
                            -8.4498577119,
                            31.724869619
                        ],
                        [
                            -8.449339011899999,
                            31.724580819
                        ],
                        [
                            -8.448668511899999,
                            31.724215819
                        ],
                        [
                            -8.447896011899999,
                            31.723891819
                        ],
                        [
                            -8.4473542119,
                            31.723654519
                        ],
                        [
                            -8.4469304119,
                            31.723567819
                        ],
                        [
                            -8.446383211900001,
                            31.723513119
                        ],
                        [
                            -8.446018411900001,
                            31.723389919
                        ],
                        [
                            -8.4454337119,
                            31.723170919
                        ],
                        [
                            -8.4449134119,
                            31.723047719
                        ],
                        [
                            -8.4442750119,
                            31.722938219
                        ],
                        [
                            -8.442966111900001,
                            31.722746519
                        ],
                        [
                            -8.442435011900001,
                            31.722719119
                        ],
                        [
                            -8.441555211900001,
                            31.722687219
                        ],
                        [
                            -8.441131411900001,
                            31.722705419
                        ],
                        [
                            -8.440884711900001,
                            31.722614219
                        ],
                        [
                            -8.4406379119,
                            31.722285619
                        ],
                        [
                            -8.4401605119,
                            31.721637719
                        ],
                        [
                            -8.4397957119,
                            31.721122119
                        ],
                        [
                            -8.439624011899999,
                            31.720948719
                        ],
                        [
                            -8.438915911900001,
                            31.720350919
                        ],
                        [
                            -8.4385565119,
                            31.720081719
                        ],
                        [
                            -8.4383008119,
                            31.720101719
                        ],
                        [
                            -8.438089811899999,
                            31.720118219
                        ],
                        [
                            -8.437984911899999,
                            31.720129919
                        ],
                        [
                            -8.4378860119,
                            31.720141019
                        ],
                        [
                            -8.4375695119,
                            31.720186619
                        ],
                        [
                            -8.4369311119,
                            31.720150119
                        ],
                        [
                            -8.4363249119,
                            31.720150119
                        ],
                        [
                            -8.4357885119,
                            31.720277919
                        ],
                        [
                            -8.435262811899999,
                            31.720323519
                        ],
                        [
                            -8.434892611900001,
                            31.720579119
                        ],
                        [
                            -8.4344581119,
                            31.721076419
                        ],
                        [
                            -8.434082611899999,
                            31.721655919
                        ],
                        [
                            -8.433733911899999,
                            31.722262819
                        ],
                        [
                            -8.433508611900001,
                            31.722851519
                        ],
                        [
                            -8.4335193119,
                            31.723175419
                        ],
                        [
                            -8.4335944119,
                            31.723371619
                        ],
                        [
                            -8.433460311899999,
                            31.723736719
                        ],
                        [
                            -8.4332404119,
                            31.724576219
                        ],
                        [
                            -8.4330955119,
                            31.724895719
                        ],
                        [
                            -8.432881011899999,
                            31.725037119
                        ],
                        [
                            -8.4326503119,
                            31.725242419
                        ],
                        [
                            -8.432473311900001,
                            31.725429519
                        ],
                        [
                            -8.4321943119,
                            31.725680519
                        ],
                        [
                            -8.4319207119,
                            31.725940519
                        ],
                        [
                            -8.4317330119,
                            31.726351219
                        ],
                        [
                            -8.4315721119,
                            31.726898719
                        ],
                        [
                            -8.4314755119,
                            31.727501019
                        ],
                        [
                            -8.4313789119,
                            31.728025719
                        ],
                        [
                            -8.431255611899999,
                            31.728500319
                        ],
                        [
                            -8.4310571119,
                            31.728915519
                        ],
                        [
                            -8.430762011900001,
                            31.729289619
                        ],
                        [
                            -8.4304777119,
                            31.729599919
                        ],
                        [
                            -8.430118311899999,
                            31.729869119
                        ],
                        [
                            -8.4297535119,
                            31.729901019
                        ],
                        [
                            -8.429270711899999,
                            31.729996819
                        ],
                        [
                            -8.4284768119,
                            31.729951219
                        ],
                        [
                            -8.4277311119,
                            31.729837119
                        ],
                        [
                            -8.4273771119,
                            31.729869119
                        ],
                        [
                            -8.4270445119,
                            31.730078919
                        ],
                        [
                            -8.426797711900001,
                            31.730375519
                        ],
                        [
                            -8.426416811899999,
                            31.730612819
                        ],
                        [
                            -8.4259716119,
                            31.730663019
                        ],
                        [
                            -8.4253279119,
                            31.730649319
                        ],
                        [
                            -8.4244803119,
                            31.730466819
                        ],
                        [
                            -8.423654211900001,
                            31.730370919
                        ],
                        [
                            -8.4230963119,
                            31.730019619
                        ],
                        [
                            -8.421926811900001,
                            31.729545119
                        ],
                        [
                            -8.421240211900001,
                            31.729321519
                        ],
                        [
                            -8.420907611900001,
                            31.729257719
                        ],
                        [
                            -8.419738111899999,
                            31.728714719
                        ],
                        [
                            -8.4192607119,
                            31.728491119
                        ],
                        [
                            -8.4187296119,
                            31.728381619
                        ],
                        [
                            -8.417946411899999,
                            31.728258419
                        ],
                        [
                            -8.417640711900001,
                            31.727980119
                        ],
                        [
                            -8.4173617119,
                            31.727496519
                        ],
                        [
                            -8.4170828119,
                            31.726793819
                        ],
                        [
                            -8.4166482119,
                            31.726022719
                        ],
                        [
                            -8.4162835119,
                            31.725525319
                        ],
                        [
                            -8.4159026119,
                            31.724973219
                        ],
                        [
                            -8.4151140119,
                            31.724672119
                        ],
                        [
                            -8.4147385119,
                            31.724690319
                        ],
                        [
                            -8.4142450119,
                            31.724854619
                        ],
                        [
                            -8.4132740119,
                            31.724977819
                        ],
                        [
                            -8.412329911900001,
                            31.725420419
                        ],
                        [
                            -8.4117291119,
                            31.725899519
                        ],
                        [
                            -8.411112211900001,
                            31.726310119
                        ],
                        [
                            -8.4107849119,
                            31.726802919
                        ],
                        [
                            -8.4105704119,
                            31.727227319
                        ],
                        [
                            -8.4102860119,
                            31.727665319
                        ],
                        [
                            -8.4099695119,
                            31.728354319
                        ],
                        [
                            -8.409808611900001,
                            31.728906319
                        ],
                        [
                            -8.4095404119,
                            31.729476719
                        ],
                        [
                            -8.409368711899999,
                            31.729828019
                        ],
                        [
                            -8.408952211900001,
                            31.730106319
                        ],
                        [
                            -8.4092183119,
                            31.731226919
                        ],
                        [
                            -8.4097933119,
                            31.733699219
                        ],
                        [
                            -8.400033711900001,
                            31.744298419
                        ],
                        [
                            -8.401240011900001,
                            31.757710019
                        ],
                        [
                            -8.4040750119,
                            31.767960819
                        ],
                        [
                            -8.4066000119,
                            31.777090019
                        ],
                        [
                            -8.426060011800001,
                            31.807650018899999
                        ],
                        [
                            -8.4199900118,
                            31.834750018899999
                        ],
                        [
                            -8.4106800118,
                            31.854460018899999
                        ],
                        [
                            -8.4046765118,
                            31.8596982189
                        ],
                        [
                            -8.3986800118,
                            31.864930018799999
                        ],
                        [
                            -8.3959333118,
                            31.8702728188
                        ],
                        [
                            -8.389228211800001,
                            31.8833140188
                        ],
                        [
                            -8.3834046118,
                            31.888448418799999
                        ],
                        [
                            -8.378396411800001,
                            31.895236618799998
                        ],
                        [
                            -8.376600911700001,
                            31.902186318799998
                        ],
                        [
                            -8.378692511700001,
                            31.9071467188
                        ],
                        [
                            -8.372272411699999,
                            31.922639518800001
                        ],
                        [
                            -8.3757914117,
                            31.929090218799999
                        ],
                        [
                            -8.368665911700001,
                            31.936926318800001
                        ],
                        [
                            -8.363968311700001,
                            31.9420920188
                        ],
                        [
                            -8.3556813117,
                            31.9563556188
                        ],
                        [
                            -8.351690211699999,
                            31.961471218700002
                        ],
                        [
                            -8.3408455117,
                            31.983165118700001
                        ],
                        [
                            -8.3241100117,
                            32.001840018700001
                        ],
                        [
                            -8.312040011700001,
                            32.0224300187
                        ],
                        [
                            -8.277120011699999,
                            32.034970018700001
                        ],
                        [
                            -8.242210011699999,
                            32.041980018700002
                        ],
                        [
                            -8.237260711699999,
                            32.046135418699997
                        ],
                        [
                            -8.2329692117,
                            32.0522463187
                        ],
                        [
                            -8.236745711699999,
                            32.0575203187
                        ],
                        [
                            -8.237230711600001,
                            32.064023318700002
                        ],
                        [
                            -8.2425050116,
                            32.068536618700001
                        ],
                        [
                            -8.245440411600001,
                            32.071896818699997
                        ],
                        [
                            -8.235003411599999,
                            32.079955118699999
                        ],
                        [
                            -8.2241569117,
                            32.069784318700002
                        ],
                        [
                            -8.214404011699999,
                            32.060168118699998
                        ],
                        [
                            -8.2077564117,
                            32.054403218700003
                        ],
                        [
                            -8.1905271117,
                            32.054085318799999
                        ],
                        [
                            -8.1787646117,
                            32.053868318799999
                        ],
                        [
                            -8.1609700117,
                            32.0535400188
                        ],
                        [
                            -8.1440151117,
                            32.052812518800003
                        ],
                        [
                            -8.130025811699999,
                            32.052212218800001
                        ],
                        [
                            -8.1173900117,
                            32.051670018800003
                        ],
                        [
                            -8.1028838117,
                            32.0535011188
                        ],
                        [
                            -8.093940011700001,
                            32.054630018899999
                        ],
                        [
                            -8.0806134117,
                            32.052103918900002
                        ],
                        [
                            -8.0732600118,
                            32.050710018899998
                        ],
                        [
                            -8.0515100118,
                            32.043560018900003
                        ],
                        [
                            -8.0475298118,
                            32.038927918900001
                        ],
                        [
                            -8.0432769118,
                            32.021038719
                        ],
                        [
                            -8.047263711799999,
                            31.998596819
                        ],
                        [
                            -8.0475684118,
                            31.979709519
                        ],
                        [
                            -8.0504480119,
                            31.963807619
                        ],
                        [
                            -8.0497440119,
                            31.960986619
                        ],
                        [
                            -8.0443455119,
                            31.939352319099999
                        ],
                        [
                            -8.0378953119,
                            31.921137719099999
                        ],
                        [
                            -8.0531996119,
                            31.8783078192
                        ],
                        [
                            -8.032969312,
                            31.877921519200001
                        ],
                        [
                            -8.019622612,
                            31.8534944192
                        ],
                        [
                            -8.009099812,
                            31.8280837193
                        ],
                        [
                            -8.008087012100001,
                            31.796932319300002
                        ],
                        [
                            -8.0090569121,
                            31.773534519399998
                        ],
                        [
                            -8.019159112100001,
                            31.757246719400001
                        ],
                        [
                            -8.0249456121,
                            31.736221319399998
                        ],
                        [
                            -8.0112885121,
                            31.726129819400001
                        ],
                        [
                            -8.002559512099999,
                            31.746386519400001
                        ],
                        [
                            -7.9851530121,
                            31.744452319400001
                        ],
                        [
                            -7.9833849121,
                            31.7609248194
                        ],
                        [
                            -7.9497479121,
                            31.767135019400001
                        ],
                        [
                            -7.9385173122,
                            31.740760919500001
                        ],
                        [
                            -7.9360981122,
                            31.7350785195
                        ],
                        [
                            -7.9328821122,
                            31.727524219500001
                        ],
                        [
                            -7.9210872122,
                            31.731498519500001
                        ],
                        [
                            -7.9118450122,
                            31.734612619499998
                        ],
                        [
                            -7.9095230122,
                            31.728788919500001
                        ],
                        [
                            -7.9055566122,
                            31.718840419500001
                        ],
                        [
                            -7.8960436122,
                            31.7061060196
                        ],
                        [
                            -7.9066060122,
                            31.695023019600001
                        ],
                        [
                            -7.9055449122,
                            31.691595619600001
                        ],
                        [
                            -7.9043692122,
                            31.688798419600001
                        ],
                        [
                            -7.8946703122,
                            31.691529919600001
                        ],
                        [
                            -7.8853133122,
                            31.691777719600001
                        ],
                        [
                            -7.8798444122,
                            31.691922519599999
                        ],
                        [
                            -7.8748467122,
                            31.6920549196
                        ],
                        [
                            -7.8666016122,
                            31.692273219600001
                        ],
                        [
                            -7.8608587122,
                            31.692425319600002
                        ],
                        [
                            -7.8466738123,
                            31.691949819600001
                        ],
                        [
                            -7.8357904123,
                            31.691933919699999
                        ],
                        [
                            -7.8167360123,
                            31.691906019699999
                        ],
                        [
                            -7.8045481123,
                            31.678131119700002
                        ],
                        [
                            -7.7693545123,
                            31.684576119700001
                        ],
                        [
                            -7.7595986123,
                            31.6863627197
                        ],
                        [
                            -7.7532676123,
                            31.682055319700002
                        ],
                        [
                            -7.7414370123,
                            31.674005619799999
                        ],
                        [
                            -7.7360500123,
                            31.670340019800001
                        ],
                        [
                            -7.7198951123,
                            31.667521919799999
                        ],
                        [
                            -7.7073300124,
                            31.665330019799999
                        ],
                        [
                            -7.6916775124,
                            31.6621741198
                        ],
                        [
                            -7.6802500124,
                            31.659870019900001
                        ],
                        [
                            -7.6673894124,
                            31.660538619899999
                        ],
                        [
                            -7.6525500124,
                            31.6613100199
                        ],
                        [
                            -7.6392382124,
                            31.661808219899999
                        ],
                        [
                            -7.6280784124,
                            31.6503154199
                        ],
                        [
                            -7.6174108124,
                            31.639328019899999
                        ],
                        [
                            -7.6108796124,
                            31.62783672
                        ],
                        [
                            -7.6068491125,
                            31.61911692
                        ],
                        [
                            -7.6047394125,
                            31.61957102
                        ],
                        [
                            -7.5883009125,
                            31.62246302
                        ],
                        [
                            -7.5797440125,
                            31.62644062
                        ],
                        [
                            -7.5700108125,
                            31.61868612
                        ],
                        [
                            -7.5588356125,
                            31.62213952
                        ],
                        [
                            -7.5576981125,
                            31.62257132
                        ],
                        [
                            -7.5428539125,
                            31.62820552
                        ],
                        [
                            -7.5295348125,
                            31.63018022
                        ],
                        [
                            -7.5245420125,
                            31.63092052
                        ],
                        [
                            -7.4997387125,
                            31.636435020099999
                        ],
                        [
                            -7.4979344125,
                            31.6368361201
                        ],
                        [
                            -7.4950319125,
                            31.642023120099999
                        ],
                        [
                            -7.4946857125,
                            31.642638120099999
                        ],
                        [
                            -7.4813820125,
                            31.6319984201
                        ],
                        [
                            -7.4727989125,
                            31.6296891201
                        ],
                        [
                            -7.4661900125,
                            31.631289520100001
                        ],
                        [
                            -7.4670744125,
                            31.634375620099998
                        ],
                        [
                            -7.4648338125,
                            31.645867820100001
                        ],
                        [
                            -7.4589962125,
                            31.659463820100001
                        ],
                        [
                            -7.4490584125,
                            31.6591129201
                        ],
                        [
                            -7.4411620125,
                            31.6609649201
                        ],
                        [
                            -7.4240774125,
                            31.669683820100001
                        ],
                        [
                            -7.4188417125,
                            31.673317920100001
                        ],
                        [
                            -7.4159235125,
                            31.673829320100001
                        ],
                        [
                            -7.4125458125,
                            31.677950220100001
                        ],
                        [
                            -7.4021646125,
                            31.677964820100001
                        ],
                        [
                            -7.3919335125,
                            31.6756530201
                        ],
                        [
                            -7.3846422125,
                            31.6781401201
                        ],
                        [
                            -7.3746429125,
                            31.6730087201
                        ],
                        [
                            -7.3724918125,
                            31.673799220100001
                        ],
                        [
                            -7.3627168125,
                            31.677391420100001
                        ],
                        [
                            -7.3674632125,
                            31.6883509201
                        ],
                        [
                            -7.3597213125,
                            31.693634920099999
                        ],
                        [
                            -7.3451472125,
                            31.678410420100001
                        ],
                        [
                            -7.3321918125,
                            31.682999220199999
                        ],
                        [
                            -7.3210513125,
                            31.681308820200002
                        ],
                        [
                            -7.3177029125,
                            31.6813138202
                        ],
                        [
                            -7.3169304125,
                            31.676639120200001
                        ],
                        [
                            -7.3166729126,
                            31.6702840202
                        ],
                        [
                            -7.3133255126,
                            31.670064920200002
                        ],
                        [
                            -7.3015667126,
                            31.670795420200001
                        ],
                        [
                            -7.2881771126,
                            31.6710875202
                        ],
                        [
                            -7.2783066126,
                            31.672548520199999
                        ],
                        [
                            -7.2697407126,
                            31.673337220200001
                        ],
                        [
                            -7.2631017126,
                            31.662463520300001
                        ],
                        [
                            -7.2678653126,
                            31.6326961203
                        ],
                        [
                            -7.2637282126,
                            31.621466920300001
                        ],
                        [
                            -7.2221519127,
                            31.6084637204
                        ],
                        [
                            -7.2142548127,
                            31.588143220399999
                        ],
                        [
                            -7.2089242127,
                            31.5773502204
                        ],
                        [
                            -7.1934833127,
                            31.559539620500001
                        ],
                        [
                            -7.1341411128,
                            31.5577237205
                        ],
                        [
                            -7.1307508128,
                            31.536778520599999
                        ],
                        [
                            -7.1396342128,
                            31.5291336206
                        ],
                        [
                            -7.1403301128,
                            31.524982220599998
                        ],
                        [
                            -7.1428958128,
                            31.5096747206
                        ],
                        [
                            -7.1485606128,
                            31.4825301206
                        ],
                        [
                            -7.1570836129,
                            31.467523620600002
                        ],
                        [
                            -7.1704646128,
                            31.4668501206
                        ],
                        [
                            -7.1736060129,
                            31.4537888206
                        ],
                        [
                            -7.1821462129,
                            31.4419559207
                        ],
                        [
                            -7.1845237129,
                            31.4289570207
                        ],
                        [
                            -7.1929008129,
                            31.425441520700002
                        ],
                        [
                            -7.2137807129,
                            31.415763720699999
                        ],
                        [
                            -7.2178689129,
                            31.413868720699998
                        ],
                        [
                            -7.2392236129,
                            31.392697120699999
                        ],
                        [
                            -7.2339107129,
                            31.374715720699999
                        ],
                        [
                            -7.2528449129,
                            31.3488881207
                        ],
                        [
                            -7.3055965129,
                            31.318184820700001
                        ],
                        [
                            -7.3128212129,
                            31.3146384207
                        ],
                        [
                            -7.3210275129,
                            31.310609920699999
                        ],
                        [
                            -7.3292105129,
                            31.306592820700001
                        ],
                        [
                            -7.3383258129,
                            31.302117820700001
                        ],
                        [
                            -7.3460612129,
                            31.2983200207
                        ],
                        [
                            -7.3517104129,
                            31.295546420699999
                        ],
                        [
                            -7.3582191129,
                            31.294775720699999
                        ],
                        [
                            -7.3632509129,
                            31.292652420700001
                        ],
                        [
                            -7.3698706129,
                            31.290633520699998
                        ],
                        [
                            -7.3791480129,
                            31.288255520700002
                        ],
                        [
                            -7.3864822129,
                            31.286678520700001
                        ],
                        [
                            -7.3967540129,
                            31.2863112207
                        ],
                        [
                            -7.4112947129,
                            31.288488120699999
                        ],
                        [
                            -7.4358336129,
                            31.291284520600001
                        ],
                        [
                            -7.4361047129,
                            31.2842024206
                        ],
                        [
                            -7.4472148129,
                            31.277140620600001
                        ],
                        [
                            -7.4642221129,
                            31.272548320599999
                        ],
                        [
                            -7.4699728129,
                            31.271427720599998
                        ],
                        [
                            -7.4739146129,
                            31.270914220600002
                        ],
                        [
                            -7.4777770129,
                            31.270408020600001
                        ],
                        [
                            -7.4838482129,
                            31.263872920600001
                        ],
                        [
                            -7.4890838129,
                            31.259107620599998
                        ],
                        [
                            -7.4987741129,
                            31.250757620600002
                        ],
                        [
                            -7.5125929129,
                            31.2498147206
                        ],
                        [
                            -7.5840898129,
                            31.245118420499999
                        ],
                        [
                            -7.5847765129,
                            31.241482320500001
                        ],
                        [
                            -7.5860639129,
                            31.2377506206
                        ],
                        [
                            -7.5860639129,
                            31.233813320599999
                        ],
                        [
                            -7.5873471129,
                            31.229380520599999
                        ],
                        [
                            -7.5899263129,
                            31.223695920600001
                        ],
                        [
                            -7.5931021129,
                            31.219776420599999
                        ],
                        [
                            -7.5949903129,
                            31.215207120599999
                        ],
                        [
                            -7.5975610129,
                            31.211334920599999
                        ],
                        [
                            -7.5991102129,
                            31.209015220600001
                        ],
                        [
                            -7.6014233129,
                            31.207965420600001
                        ],
                        [
                            -7.6049467129,
                            31.206842220599999
                        ],
                        [
                            -7.6089764129,
                            31.2052052206
                        ],
                        [
                            -7.6249452129,
                            31.1987960206
                        ],
                        [
                            -7.6501408129,
                            31.191354920599998
                        ],
                        [
                            -7.6625404129,
                            31.177959920599999
                        ],
                        [
                            -7.6786766129,
                            31.1739136206
                        ],
                        [
                            -7.6968684129,
                            31.162618420600001
                        ],
                        [
                            -7.7003445129,
                            31.1437741206
                        ],
                        [
                            -7.7121806129,
                            31.1313108206
                        ],
                        [
                            -7.7317929129,
                            31.1346279206
                        ],
                        [
                            -7.7349772129,
                            31.135423120599999
                        ],
                        [
                            -7.7397837129,
                            31.136798820500001
                        ],
                        [
                            -7.7587008129,
                            31.142172620499998
                        ],
                        [
                            -7.7698245129,
                            31.142896220499999
                        ],
                        [
                            -7.7834715128,
                            31.1625817205
                        ],
                        [
                            -7.7932562128,
                            31.154282020499998
                        ],
                        [
                            -7.8249350128,
                            31.1665860204
                        ],
                        [
                            -7.8096842128,
                            31.145346120500001
                        ],
                        [
                            -7.8869490128,
                            31.106757720400001
                        ],
                        [
                            -7.9031195129,
                            31.0802613205
                        ],
                        [
                            -7.9095000129,
                            31.058800020500001
                        ],
                        [
                            -7.9163491129,
                            31.036832820499999
                        ],
                        [
                            -7.9244781129,
                            31.033305820500001
                        ],
                        [
                            -7.9271142129,
                            31.031930820500001
                        ],
                        [
                            -7.9282700129,
                            31.007910020499999
                        ],
                        [
                            -7.9376400129,
                            30.982230020599999
                        ],
                        [
                            -7.946990013,
                            30.9597800206
                        ],
                        [
                            -7.960209513,
                            30.940949720599999
                        ],
                        [
                            -7.963340013,
                            30.936490020600001
                        ],
                        [
                            -7.978540013,
                            30.922390020600002
                        ],
                        [
                            -8.014562113,
                            30.9089042206
                        ],
                        [
                            -8.031033913,
                            30.9148336206
                        ],
                        [
                            -8.0598900129,
                            30.925220020499999
                        ],
                        [
                            -8.1078200129,
                            30.928080020500001
                        ],
                        [
                            -8.1362357129,
                            30.938772220400001
                        ],
                        [
                            -8.152437412899999,
                            30.934101520399999
                        ],
                        [
                            -8.164086512900001,
                            30.930743120399999
                        ],
                        [
                            -8.194291312900001,
                            30.922034620400002
                        ],
                        [
                            -8.221594312900001,
                            30.914162020399999
                        ],
                        [
                            -8.233631412899999,
                            30.903839320399999
                        ],
                        [
                            -8.241572612900001,
                            30.897028420400002
                        ],
                        [
                            -8.250280012899999,
                            30.889560020400001
                        ],
                        [
                            -8.2566496129,
                            30.888070020400001
                        ],
                        [
                            -8.267115412900001,
                            30.8856217204
                        ],
                        [
                            -8.280372912900001,
                            30.882520320400001
                        ],
                        [
                            -8.281765912899999,
                            30.882194420400001
                        ],
                        [
                            -8.293471612899999,
                            30.880612320400001
                        ],
                        [
                            -8.3071887129,
                            30.878758320399999
                        ],
                        [
                            -8.3159211129,
                            30.8775780203
                        ],
                        [
                            -8.3224438129,
                            30.8766964203
                        ],
                        [
                            -8.3264334129,
                            30.875778820299999
                        ],
                        [
                            -8.330641012899999,
                            30.873798620300001
                        ],
                        [
                            -8.3340396129,
                            30.872199020299998
                        ],
                        [
                            -8.3490385129,
                            30.864846520299999
                        ],
                        [
                            -8.352004812900001,
                            30.864557620300001
                        ],
                        [
                            -8.3649601128,
                            30.863295620300001
                        ],
                        [
                            -8.3791200128,
                            30.863660020299999
                        ],
                        [
                            -8.3869713128,
                            30.8630414203
                        ],
                        [
                            -8.3966144128,
                            30.8645849203
                        ],
                        [
                            -8.405279012799999,
                            30.870972420299999
                        ],
                        [
                            -8.414111012799999,
                            30.8722174203
                        ],
                        [
                            -8.4475100128,
                            30.864290020199999
                        ],
                        [
                            -8.4841332128,
                            30.871409720199999
                        ],
                        [
                            -8.508460512799999,
                            30.870130320200001
                        ],
                        [
                            -8.5092086128,
                            30.8700910202
                        ],
                        [
                            -8.5383696127,
                            30.873885020100001
                        ],
                        [
                            -8.5387075127,
                            30.873978920100001
                        ],
                        [
                            -8.568453312700001,
                            30.882242320100001
                        ],
                        [
                            -8.589110012700001,
                            30.880230020100001
                        ],
                        [
                            -8.6014530127,
                            30.880533520099998
                        ],
                        [
                            -8.604291912700001,
                            30.880603320100001
                        ],
                        [
                            -8.621964412700001,
                            30.88463992
                        ],
                        [
                            -8.6465015127,
                            30.88844552
                        ],
                        [
                            -8.6614318126,
                            30.90147462
                        ],
                        [
                            -8.669450212599999,
                            30.89787942
                        ],
                        [
                            -8.690326412699999,
                            30.87972082
                        ]
                    ]
                ]
            }
        }
    ]
}