pageTitle,screenPageViews,activeUsers,engagedSessions,engagementRate,averageSessionDuration,eventCount
Real Estate Marrakech – Orchid Island | Luxury Properties,8899,5687,3714,0.48498302428832596,76.470754763907024,26527
Unlocking Success: Short-Term Rental Regulations in Morocco 2025,8800,8726,178,0.020410503382639604,8.3883583092535261,34688
"Luxury Real Estate in Marrakech | Villas, Riads & Investment Properties | Orchid Island",7668,1858,1529,0.50966666666666671,269.459241657,14785
Rental Permits Morocco: Your Airbnb Legal Guide 2025,5896,5679,313,0.053743131868131871,18.351142616414837,22780
Properties - Orchid Island,4842,1451,1546,0.81583113456464385,114.04816964485488,10064
Orchid Island Real Estate,2281,722,652,0.73340832395950506,100.70493962992127,4184
Top Neighborhoods in Marrakech: 10 Most Profitable Luxury Areas,1289,1149,496,0.39459029435163084,42.203232661097857,4054
Is Morocco Mall Marrakech a luxury shopping spot? - Orchid Island,986,879,540,0.56074766355140182,115.72864845275183,3447
Contact US - Orchid Island,898,649,729,0.93822393822393824,92.478046496782511,2576
Short-Term Rental Regulations in Morocco: 2025 Legal Guide for Owners | Orchid Island Real Estate,837,972,22,0.022633744855967079,2.5024117129629628,3472
Can Foreigners Buy Property in Morocco? Your Ultimate Guide - Orchid Island,728,639,318,0.45558739255014324,59.980311634670485,2306
Best Coastal Property Investment Areas in Morocco 2025,704,626,287,0.42205882352941176,65.131384839705888,2311
Careers at Orchid Island,691,493,550,0.89141004862236628,94.896205526742293,2118
About us - Orchid Island,663,451,470,0.8061749571183533,76.221059600343054,1343
Real Estate Investment in Morocco: Why Big Plots Are Hot in 2025?,639,560,261,0.4278688524590164,53.571213706557373,2054
How Much Does It Cost to Build a Luxury Villa in Marrakech? - Orchid Island,583,503,240,0.42933810375670839,63.301524465116273,1823
Page not found - Orchid Island,560,432,212,0.46187363834422657,29.910957568627452,1475
Properties | Orchid Island - Luxury Real Estate,535,82,159,0.91907514450867056,299.64605693063584,666
Foreigners in Morocco: Visa and Residence Permit,521,467,234,0.46153846153846156,102.04195441617357,1749
Real Estate Blog | Orchid Island - Luxury Real Estate Insights,520,63,150,0.8875739644970414,264.00729695266273,670
"Agricultural Land Morocco: Rules, Risks, and Investment Benefits - Orchid Island",463,395,193,0.4406392694063927,87.719348671232865,1505
Buying Property in Morocco as a European Investor: 2025 Guide - Orchid Island,417,376,162,0.39320388349514562,77.833834376213588,1322
Rental Permits Morocco: How to Legally Rent Out Your Moroccan Property on Airbnb | Orchid Island Real Estate,378,443,12,0.026966292134831461,6.8858864831460673,1568
Off-Plan Property Investments in Marrakech: 2025 Investor Guide - Orchid Island,334,302,176,0.53495440729483279,93.0070927112462,1166
Real Estate Guide - Orchid Insights - Orchid Island,320,211,220,0.75085324232081907,82.202178866894187,733
Buy Property in Marrakech – Is 2025 the Right Time to Invest? - Orchid Island,313,251,134,0.43648208469055377,63.167052029315954,937
Ultimate Luxury Palace in Marrakech – Orchid Island Estate - Orchid Island,307,207,158,0.535593220338983,80.633926562711878,856
Income Tax Exemptions Morocco: Complete Guide to Legal Cases and Eligibility,245,224,113,0.46122448979591835,95.94906061632652,712
Why China is pouring billions into Moroccan factorie - Orchid Island,242,231,90,0.33457249070631973,69.315386085501871,840
"Investment in Morocco: Land for Sale , Approved for 22 Villas!",241,191,170,0.7589285714285714,83.253971741071425,500
Moving to Marrakech: Everything You Need to Know,222,194,105,0.47511312217194568,90.1604360271493,752
Property Auctions Morocco: A Guide to Smart Buying,218,186,87,0.43718592964824121,43.365033437185936,690
Carrières & Offres d'emploi | Orchid Island Real Estate,215,28,77,0.95061728395061729,373.70231509876544,480
Riad for Sale in Marrakech Medina – Exclusive & Renovated - Orchid Island,215,182,120,0.594059405940594,56.488957351485148,601
10 Smart Real Estate Guide Morocco Tips to Succeed,213,33,30,0.69767441860465118,212.72073160465118,326
Opening a bank account in Morocco: How Can Expats Do It?,207,188,72,0.3380281690140845,65.110715230046949,690
Invest in Morocco's Desert Regions: Merzouga & Zagora,204,160,112,0.60540540540540544,92.5717147783784,670
Wonderful Villa at RiverPalm: Luxury living with breathtaking views - Orchid Island,202,164,132,0.72928176795580113,66.153432994475139,425
Bioclimatic Architecture in Morocco: Sustainable Design,190,172,59,0.29648241206030151,71.88367256281407,646
Royal Real Estate Morocco: Celebrity & Diplomat Properties,190,173,98,0.53846153846153844,42.117550357142854,629
Tax Benefits for Foreign Investors in Morocco - Orchid Island,178,152,68,0.37569060773480661,85.238537337016567,574
The Critical Role of Notaries in Moroccan Real Estate: A 2025 Guide,174,142,53,0.32515337423312884,106.95808424539878,534
Morocco Finance Law 2025: Major Impacts on Real Estate Taxation,172,171,39,0.21666666666666667,62.347699122222224,561
Moroccan Cuisine: A Journey Through Tradition & Flavor - Orchid Island,171,166,17,0.099415204678362568,7.5317907368421055,529
Real Estate Crowdfunding in Morocco: 2025 Investor Guide - Orchid Island,167,130,65,0.42483660130718953,86.435895169934625,498
Data Center Investment in Morocco | Sovereign AI Infrastructure Platform - Orchid Island,164,95,71,0.5461538461538461,114.47961585384614,375
"Immobilier de luxe à Marrakech | Villas, riads et propriétés d'investissement | Île des Orchidées",163,43,56,0.84848484848484851,204.9738238939394,241
Orchidisland | Anouar Association,161,125,115,0.756578947368421,65.290923072368415,340
Wills and Inheritance Morocco Property Essential Legal Guide,158,134,56,0.36363636363636365,70.6347806103896,511
Urban Planning: Your key to smart investments in Marrakech - Orchid Island,154,145,54,0.34177215189873417,31.78006396202532,524
Retirement Properties in Marrakech: 2025 Expat Guide - Orchid Island,151,134,61,0.4236111111111111,74.103387340277777,476
Mansion Marrakech : Premium Property - Orchid Island,150,122,112,0.79432624113475181,85.6856960638298,321
Family-Friendly Real Estate Developments in Morocco 2025,144,134,73,0.51773049645390068,66.223526567375885,491
Orchid Island Investment: Unlock Unique Growth Opportunities,144,112,90,0.72,51.825162312,295
"Investment Opportunity: Villas, Hotels, and Residences in Morocco - Orchid Island",141,107,72,0.61538461538461542,49.874232136752141,413
Best Neighborhoods in Marrakech for Airbnb Investment: 2025 Guide,139,122,44,0.33333333333333331,53.61264091666667,404
Hassan - Orchid Island,138,130,53,0.40769230769230769,22.214955876923078,353
Funds Repatriation Guarantee: A Guide for Foreigners. - Orchid Island,137,122,46,0.32167832167832167,94.064825062937061,432
why are house prices so high in Marrakech ? - Orchid Island,134,123,63,0.47368421052631576,63.107913593984961,443
Marrakech Smart City: The Rise of Morocco’s First Smart City.,128,116,46,0.34586466165413532,64.8034094962406,423
Japan-Morocco :Economic Cooperation: A Growing Partnership,126,114,51,0.38931297709923662,71.827868595419844,416
Top Neighborhoods to Buy a Property in Marrakech in 2025 - Orchid Island,126,118,42,0.34146341463414637,64.573080601626017,389
The difference between a Melkia and a Titled Property in Morocco - Orchid Island,123,105,55,0.44715447154471544,88.461828512195126,400
Apartment Marrakech – Modern2Bedroom in Burj Malak Residence,119,95,72,0.67924528301886788,60.676913443396224,305
Foreign Investors: Reasons for Investing in Marrakech - Orchid Island,118,105,32,0.2831858407079646,48.801880539823,357
"Expat in Morocco: Embrace Adventure, Culture, and Community",116,104,44,0.38596491228070173,57.1731987368421,386
Riad for sale Marrakech: Luxury meets tradition - Orchid Island,116,79,64,0.62135922330097082,117.09991243689321,256
Marrakech Real Estate Market – Top Investment in 2025 - Orchid Island,112,97,55,0.53398058252427183,65.439349058252432,335
Villa du golf - Exclusive Luxury (SOLD) - Orchid Island,112,103,61,0.5446428571428571,28.066304178571432,285
Moroccan Rooftop Terraces: The New Luxury in Urban Living - Orchid Island,111,107,38,0.33333333333333331,43.829302508771931,376
Discover How Moroccan Architecture Powerfully Influences Scandinavian Design Trends in 2025,110,108,22,0.2,22.222461527272724,351
Prime location land in Agadir’s Founty District - Orchid Island,109,91,51,0.53125,70.218749145833343,341
Vertical Farming Morocco: A New Urban Lifestyle,108,101,32,0.29090909090909089,42.855317881818181,357
Is it better to invest in Morocco or Spain real estate? - Orchid Island,105,96,34,0.32692307692307693,60.147329865384613,326
Where to Find the Most Beautiful Riads for Sale in Morocco? - Orchid Island,103,91,53,0.51960784313725494,24.92874302941177,334
Is the Pickalbatros Palais des Roses the new cornerstone of Agadir’s tourism revival - Orchid Island,101,90,44,0.44444444444444442,42.066916676767683,330
Rotary Marrakech 2025: A Global Gathering for Positive Peace,101,38,32,0.45070422535211269,287.34604430985917,233
Renovating a Traditional Riad in Marrakech’s Medina - Orchid Island,100,84,45,0.47368421052631576,76.520497631578948,319
Waterfront Living Morocco: Sustainable Coastal Homes,99,88,31,0.31632653061224492,36.507402040816331,305
Africa Real Estate 2025 - Orchid Island,97,86,35,0.35353535353535354,100.80459377777778,325
"Apartment Tamaris : Contemporary 88m² Home Near the Beach"" - Orchid Island",95,74,70,0.82352941176470584,77.026797647058828,206
Apartment for Sale in Marrakech – Luxury Property in Hivernage,95,85,69,0.75824175824175821,33.650123186813182,196
Luxury Garden Apartment for Sale Hivernage Marrakech with 3 suites - Orchid Island,93,82,63,0.7,38.446636922222226,234
Leaseback Real Estate Morocco: Smart Passive Income,92,83,30,0.33707865168539325,66.647037539325851,280
Riad Renovation Opportunity Morocco Prime Palmeraie Property,92,69,58,0.71604938271604934,82.206388777777775,235
About Us - Orchid Island,91,56,62,0.76543209876543206,57.438785012345669,190
Morocco Russia Partnership: Interview of Hassan AL KHAYER - Orchid Island,91,87,36,0.38297872340425532,66.8037670212766,294
luxury villa resort Marrakech : Experience Timeless Elegance - Orchid Island,91,64,53,0.71621621621621623,27.415353959459463,197
High-Return Property Investment Near Marrakech - Orchid Island,89,74,47,0.573170731707317,40.700612012195116,251
Services - Orchid Island,88,38,48,0.92307692307692313,187.54447376923079,177
How can investors evaluate Riad ROI in Moroccan real estate?,87,76,35,0.40697674418604651,72.5512821860465,278
Morocco Eco-Tourism Investment: Opportunities for Sustainable Property Development in 2025 - Orchid Island,86,76,28,0.345679012345679,107.98245996296295,277
Red City Marrakech: A Living Palette - Orchid Island,85,89,21,0.22340425531914893,19.432672553191487,289
Solar-Powered Homes in Marrakech: Are They Worth the Investment in 2025? - Orchid Island,85,75,29,0.34523809523809523,36.166850833333335,268
Propriété de Luxe à Vendre à Marrakech | Domaine de 1 Hectare avec Autorisation Hôtel 4 Étoiles | Orchid Immobilier,84,30,38,0.95,194.57078005,107
"Mini-Villa Marrakech, Bab Ighli : A Unique Investment Opportunity",83,69,46,0.61333333333333329,45.9410826,244
Morocco Real Estate Market 2026: Growth & Infrastructure Outlook - Orchid Island,83,69,46,0.55421686746987953,114.24965727710843,205
Orchid Island Investment,83,63,43,0.57333333333333336,79.0979392,197
Hôtel de Luxe à Vendre à Essaouira | Domaine de Prestige de 4 430 m² | Orchid Immobilier,81,27,34,0.918918918918919,188.29302478378378,106
Farm House Archives - Orchid Island,80,76,34,0.43037974683544306,24.855372202531644,271
7 Ways Agritourism Morocco Is Redefining Sustainable Luxury Living,78,66,34,0.44155844155844154,81.550690922077919,251
Secure Villas Marrakech: Prestige & Privacy in Gated Communities,78,72,36,0.48,68.793875706666668,265
Marrakech Real Estate Investment Becoming Africa’s Dubai in 2030 - Orchid Island,77,70,44,0.60273972602739723,82.294879410958913,238
Sitemap - Orchid Island,77,72,35,0.44303797468354428,5.93020170886076,190
Exclusive Boutique Spa Retreat – 36 Suite Exceptional Investment Opportunity in Marrakech,76,46,56,0.84848484848484851,121.50706662121212,158
Luxury Golf Communities in Marrakech: 2025 Real Estate Guide - Orchid Island,76,66,31,0.41333333333333333,36.886790226666669,256
Luxury villa for sale in Marrakech - Orchid Island,76,65,31,0.41891891891891891,38.8646545,219
Luxury Estate Marrakech – Exceptional 4-Hectare VNA Domain with Villa & Divisible Plots - Orchid Island,75,60,50,0.746268656716418,89.992058343283588,161
Tokenised Real Estate Investment in Morocco,75,65,30,0.40540540540540543,64.100576148648656,242
Digital Title Deeds Morocco – Blockchain Real Estate Guide 2025,74,61,34,0.44736842105263158,80.108128960526329,232
How to Buy Property Online real estate in Morocco ? - Orchid Island,73,66,27,0.391304347826087,52.79555257971014,233
Land Type in Morocco: What Buyers Should Know - Orchid Island,73,61,28,0.3783783783783784,43.740179351351358,218
Villa Construction for Sale in Marrakech — semi finished luxury - Orchid Island,72,63,34,0.49275362318840582,36.668903855072458,203
How Huawei’s impact on Morocco tech Innovation,71,66,25,0.35714285714285715,110.20230060000002,234
Lot for sale - Route de l'Ourika Marrakech - Orchid Island,71,69,24,0.3380281690140845,18.784634042253519,220
"Real Estate Investment: Marrakech, The Ultimate Eldorado - Orchid Island",70,70,28,0.4,43.649874914285711,214
Transit Oriented Development Morocco: New Real Estate Trends,70,65,15,0.21126760563380281,46.089584690140846,217
Buy Luxury Property in Marrakech: A Complete Guide for Foreign Buyers,69,63,44,0.6470588235294118,73.174562882352944,151
107 m² Garden Level Apartment Marrakech for Sale – Discover Your Private Oasis - Orchid Island,68,60,50,0.746268656716418,49.114392179104478,143
How to Invest in Morocco: Key Opportunities Await,68,72,21,0.28378378378378377,15.163173972972976,225
the differences between Morocco and Portugal property markets? - Orchid Island,68,60,17,0.25757575757575757,42.000302378787879,210
Explore Marrakech: A Deep Dive into Its Most Iconic Landmarks - Orchid Island,67,68,12,0.17391304347826086,35.975966942028982,221
Property ROI Morocco Portugal: Which Wins in 2025?,67,65,15,0.23076923076923078,41.669267923076923,209
Riad Lalla Mira in Essaouira: Turnkey Charming Guesthouse for Sale | Orchid Immobilier,67,20,35,0.94594594594594594,428.73160818918922,126
Smart Homes and PropTech in Morocco - Orchid Island,66,64,19,0.26760563380281688,38.586460957746475,222
1.65 Hectare Land for Sale Marrakech - Ourika Roa,65,52,33,0.55,109.53414585,168
1Exceptional Villa Carré du Golf Amelkis – Marrakech,65,35,44,0.74576271186440679,41.103980593220342,141
Appartement Moderne Marrakech : 147 m² Luxury Apartment,65,57,49,0.79032258064516125,47.3280855483871,136
Legal Notice - Orchid Island,65,59,21,0.31818181818181818,28.236935181818183,194
Sustainable Real Estate in Morocco: 2025 Investment Guide - Orchid Island,65,55,25,0.38461538461538464,63.013090261538458,202
Villa Premium Marrakech: Top-end Estate for Sale (SOLD) - Orchid Island,65,47,35,0.67307692307692313,41.471760173076923,143
About Us: 5 Great Reasons to Choose leader in Morocco,64,42,44,0.8,105.5207560909091,131
Green Roofs and Urban Agriculture: Impact on Morocco Real Estate,64,59,26,0.42622950819672129,18.681011639344263,175
Luxury Golf Amelkis Villa : Exclusive investment in Marrakech - Orchid Island,64,54,31,0.50819672131147542,70.807159819672123,167
Appartement à vendre à Mabrouka Marrakech | Orchid Immobilier,63,15,29,0.87878787878787878,195.51931921212122,96
Feng Shui Real Estate: How our product alight with Feng Shui - Orchid Island,63,71,16,0.22222222222222221,3.589644166666667,213
Premium Targa Residences: 5 Reasons to Choose Luxury Homes,63,57,33,0.54098360655737709,27.66191081967213,158
Real Estate for Seniors Morocco ; Aging in Place - Orchid Island,63,60,22,0.36065573770491804,41.017010557377048,194
Luxurious Villa in Marrakech: Luxury Villa for Sale Targa Jawhar Marrakech,61,52,39,0.67241379310344829,53.131595517241379,149
Properties Archive - Orchid Island,61,55,12,0.2,27.381539499999995,186
Luxury villa for rent: Exclusive Marrakech Retreat - Orchid Island,60,54,40,0.70175438596491224,49.954600280701754,133
Apartment for sale Marrakech,59,51,29,0.53703703703703709,14.515555092592594,161
"Fiscalité des établissements touristiques au Maroc : guide complet des impôts, taxes et avantages fiscaux | Orchid Island Real Estate",59,27,45,0.88235294117647056,241.07325454901962,122
Luxury Villa for Rent in Targa Marrakech with Private Pool and Garden | Orchid Immobilier,58,17,23,0.92,245.20228264000002,77
Off-Grid Luxury Morocco: Private Desert & Mountain Escapes,58,55,30,0.5357142857142857,65.532048946428574,191
Real Estate NFTs Morocco: Digital Property in Marrakech,58,52,25,0.47169811320754718,79.489928264150947,178
Villa de Luxe à Louer à Marrakech | Orchid Immobilier,58,18,25,0.96153846153846156,216.03162615384616,74
"Land for Sale Gueliz Marrakech - Prime 2,200 m² Plot",57,44,29,0.55769230769230771,91.895792519230767,140
Moroccan Land Tenure Systems for Foreign Buyers,57,54,27,0.48214285714285715,157.21954910714288,178
Exclusive Prime Land for Sale in Marrakech – 484 m² in Janat Azaitoun Lifestyle Hub,56,44,25,0.45454545454545453,65.586724490909091,152
How AI Transforms Security in High Tech Luxury Homes in Morocco,56,56,17,0.2982456140350877,15.344710245614037,174
Buildable Lot For Sale in Hivernage Marrakech - Orchid Island,55,44,34,0.73913043478260865,59.299314173913039,130
Marrakech vs Dubaï Immobilier : Quelle Ville Choisir en 2025 ? - Orchid Island,55,52,26,0.48148148148148145,70.08462727777777,183
The Ultimate Luxury Nightlife Experience : Es Saadi Marrakech: - Orchid Island,55,52,14,0.25454545454545452,8.25927109090909,179
Corner plot villa in Marrakech - Orchid Island,54,43,36,0.8,38.883142466666669,118
KSAR ABIAD | Exceptional Palace for Sale in Marrakech,54,44,41,0.7592592592592593,65.009671944444449,111
Marrakech Infrastructure Property Growth - Orchid Island,54,67,18,0.26470588235294118,9.58020405882353,182
Marrakech Real Estate Market 2025: Trends and Forecasts - Orchid Island,54,44,25,0.5,37.5438723,154
Privacy Policy - Orchid Island,54,49,18,0.35294117647058826,17.536356215686276,150
Sale Archives - Orchid Island,54,50,18,0.35294117647058826,18.560929529411766,154
Urban Design and Placemaking in Luxury Real Estate,54,39,10,0.16393442622950818,40.512769606557384,165
6 Smart Insurance Policy Comparison Morocco Tips Today,53,47,12,0.21818181818181817,46.651670999999993,162
Buy Property in Morocco: the main reasons,53,50,22,0.4,42.601822381818181,165
Renovating Villas Marrakech: A Practical Investment Guide - Orchid Island,53,54,19,0.34545454545454546,75.242777090909073,165
Villa for Sale in Marrakech – Luxury Amelkis Property - Orchid Island,53,47,24,0.43636363636363634,80.3490006181818,159
Why Marrakech Is the Choice of Old Moroccan Money Style ? - Orchid Island,53,52,22,0.41509433962264153,31.856716566037736,174
Best Areas to Invest in Marrakech: Real Estate Opportunities - Orchid Island,52,43,12,0.21818181818181817,6.020081436363637,146
"Modern Villa for Sale – Semi-Finished, Private & No Overlook",52,43,28,0.58333333333333337,50.453546270833336,127
Real Estate Flipping Morocco: Flip Riads with Heart in 2025,52,49,23,0.42592592592592593,68.033032370370364,153
Riad for Sale – Luxury Medina Property in Morocco - Orchid Island,52,47,28,0.5714285714285714,82.3573648367347,156
Villa de Luxe à Vendre à Amelkis Marrakech | 450 m² | Piscine & Golf | Orchid Immobilier,52,22,30,0.9375,240.3333933125,79
"Certified Green Homes Morocco : LEED, HQE, EDGE",51,38,20,0.39215686274509803,54.2903788627451,156
Marrakech Real Estate Investment 2026: Unlocking Opportunities,51,49,23,0.42592592592592593,63.5283784074074,152
Smart Villas in Morocco: Home Automation in 2025 - Orchid Island,51,51,17,0.33333333333333331,10.60943168627451,172
"Investing in Morocco,365 m² Land in Central Marrakech R+5 Permit",50,43,19,0.40425531914893614,44.51967461702128,138
why invest in real estate in Kasbah (Marrakech) ? - Orchid Island,50,49,12,0.24489795918367346,6.9702918163265295,147
"Exceptional Villa in Palmeraie, Marrakech",49,46,23,0.47916666666666669,51.920806541666671,130
Foreign Buyer Appeal: Why Riads Attract Global Investors,49,46,17,0.32075471698113206,35.1869358490566,156
Invest in Marrakech Villas 2026 : Key Market Insights - Orchid Island,49,48,15,0.3125,24.630089916666662,141
Parcel for sale in Marrakech – Prime investment opportunity - Orchid Island,49,47,18,0.38297872340425532,8.3555835957446813,128
ax Optimization & 7 Real Estate Bargaining Morocco Tips,49,52,7,0.13461538461538461,3.6040356153846154,151
Top Properties Archives - Orchid Island,48,48,13,0.27083333333333331,7.1868487708333326,125
Aviation Led Urban Growth Morocco Boosts Real Estate,47,47,6,0.12,4.31856984,152
Chinese Investment in Morocco: Why Marrakech is Ideal - Orchid Island,47,55,14,0.25454545454545452,14.018305290909092,159
Investment in Ourika Valley Marrakech : Marrakech opportunities - Orchid Island,47,42,21,0.45652173913043476,46.109642565217385,149
Luxury Villa for Sale | Villa on Mohamed VI Boulevard,47,24,33,0.717391304347826,63.996420130434792,95
Morocco Real Estate Resilience: A Market Built to Withstand Crises,47,54,19,0.34545454545454546,30.586036218181818,158
Terms and Conditions - Orchid Island,47,45,17,0.36170212765957449,37.42668742553191,131
What is the best season to visit Marrakech? - Orchid Island,47,47,7,0.14893617021276595,4.2035845106382972,150
should you invest in real estate ? - Orchid Island,47,44,11,0.23404255319148937,32.870522957446809,145
7 Ways Agritourism Morocco Redefines Luxury Living,45,45,11,0.24444444444444444,95.997353577777787,148
Africa Property Investment Trends 2025: Key Growth Insights - Orchid Island,45,45,13,0.28888888888888886,55.386112,139
Benefits of Turnkey Villas - Orchid Island,45,46,16,0.34782608695652173,49.936732978260878,130
High-End Events: Marrakech's Exclusive Nightlife Venue - Orchid Island,45,39,20,0.45454545454545453,53.839846431818181,135
Morocco Real Estate Market - Orchid Island,45,40,16,0.35555555555555557,99.484620911111108,135
Riads in Marrakech: A Unique Investment Opportunity - Orchid Island,45,45,17,0.37777777777777777,34.6678048,131
World Cup 2030 Morocco Boosts Marrakech Property Market - Orchid Island,45,44,17,0.37777777777777777,42.643722044444445,130
land for sale Marrakech A Unique Opportunity in Gueliz - Orchid Island,45,43,20,0.45454545454545453,19.142956977272728,133
7 Mistakes Foreign Buyers Make When Buying Property in Morocco,44,44,17,0.37777777777777777,44.257653311111113,137
Real Estate Financing Morocco: 2025 Guide for Foreign Buyers,44,37,11,0.2558139534883721,57.436067860465123,122
"Real Estate in Morocco: Opportunities, Challenges & Future Trends",44,42,18,0.40909090909090912,62.345671931818181,137
Villa in Morocco Marrakech | Stunning Atlas Views Investment,44,39,26,0.61904761904761907,17.492043333333331,101
Avoid Scams in Real Estate: Protect Yourself and Your Investment,43,44,7,0.15909090909090909,2.45710175,135
Uncategorized Archives - Orchid Island,43,41,15,0.36585365853658536,2.4268251219512194,114
Marrakech Property Tax Guide 2025: What Investors Need to Know - Orchid Island,42,37,11,0.2558139534883721,6.5791926046511628,124
Modern Moroccan Architecture Marrakech Real Estate Trends 2025 - Orchid Island,42,38,12,0.31578947368421051,17.129698473684211,126
Off-Plan Property Marrakech: Risks and Rewards for Investors - Orchid Island,42,41,18,0.42857142857142855,42.816588833333334,134
"Summer in Marrakech: Luxury Stays, Pools & Beach Getaways - Orchid Island",42,42,6,0.14285714285714285,2.231191642857143,133
Why Invest in Real Estate in Medina (Marrakech) - Orchid Island,42,43,10,0.23255813953488372,18.230390744186046,129
Why Morocco Has Become a Strategic Destination for Real Estate Investment in North Africa - Orchid Island,42,44,19,0.41304347826086957,55.406639130434776,148
عقارات فاخرة في مراكش | فلل، رياضات، وعقارات استثمارية | جزيرة الأوركيد,42,16,20,1,85.05013955,52
A land development opportunity - 42 hectare land in Marrakech - Orchid Island,41,40,21,0.5,15.391699904761904,113
Escrow Account Off-Plan Dubai: How Buyers Are Protected - Orchid Island,41,40,12,0.2857142857142857,11.729117833333333,131
"Internship SEO Global Opportunity – ""Digital Marketing & AI"" - Orchid Island",41,37,18,0.45,24.400181725000003,126
The Rise of Global Hotel Expansion in Morocco: 7 Powerful Opportunities Driving Exceptional Growth | Orchid Island Real Estate,41,23,31,0.86111111111111116,345.25787447222223,90
Vacation in Marrakech: What Are the Best Things to Do and See?,41,41,5,0.12195121951219512,1.5106430487804878,130
villa medina marrakech - Prime Renovation Potential (SOLD) - Orchid Island,41,38,20,0.52631578947368418,10.012559078947367,103
what will real estate look like in 2030 ? - Orchid Island,41,40,13,0.31707317073170732,12.604205048780486,130
Exceptional Private Estate Marrakech – 4 Hectare Luxury Off Market Domain,40,25,27,0.75,85.634782333333334,81
From YSL to Gigi Hadid: Marrakech’s Luxury Scene Icons - Orchid Island,40,36,12,0.32432432432432434,32.10999781081081,118
Luxury Hotel for Sale in Marrakech – Mirage Royal Gardens 5-Star Investment Opportunity,40,24,30,0.88235294117647056,64.289616264705884,76
Marrakech Real Estate 2025: Eco-Friendly Homes on the Rise - Orchid Island,40,37,10,0.26315789473684209,14.683609710526316,115
Tiny Luxury Homes Morocco: Micro Villas Rise in Marrakech,40,39,16,0.4,30.359363125000005,130
Innovative Insights on Industrial Zones Near Resorts,39,39,7,0.17948717948717949,35.073974615384614,125
Luxury Property for Sale in Marrakech: An Original Work Of Art - Orchid Island,39,35,14,0.4,105.77439054285713,104
Luxury Real Estate Smart Technology | The Orchid Island Approach,39,38,10,0.25641025641025639,18.274282153846155,123
Marrakech: 2025’s Hub for Crypto Backed by Real Estate,39,37,8,0.21621621621621623,12.858254675675676,119
OFF MARKET Luxury Property Amelkis Golf Marrakech | Contemporary 4-Bed Villa | Orchid Immobilier,39,13,23,0.92,319.00969076,69
Property Evaluation Morocco: What to Know Before You Buy,39,35,13,0.35135135135135137,60.815549054054053,111
Railways in Morocco: Fast Travel & Luxury in Marrakech - Orchid Island,39,39,12,0.30769230769230771,12.596065307692307,121
Agrotourism Property Morocco: Profitable Investments,38,38,2,0.052631578947368418,5.7770217368421051,115
Bahja City: What Marrakech’s Joyful Soul Means for Real Estate - Orchid Island,38,34,15,0.39473684210526316,22.935028394736843,119
Investing in Real Estate Near Morocco Mall Marrakech - Orchid Island,38,38,12,0.31578947368421051,42.370173105263156,117
Market After World Cup – Price Appreciation Trends - Orchid Island,38,38,11,0.28947368421052633,14.130714710526316,121
Marrakech Heat : How to Stay Cool in Style This Summer - Orchid Island,38,32,13,0.35135135135135137,12.79078145945946,114
Rental Income Marrakech: Maximize Returns with a Local Agency - Orchid Island,38,37,11,0.28205128205128205,50.441596666666669,117
Villa à louer Targa ; Modern Villa with Pool in Marrakech,38,30,17,0.5,52.471673235294119,95
Why Invest in Real Estate in Marrakech - Orchid Island,38,38,6,0.15789473684210525,8.8955666315789461,112
66 Rooms Luxury Boutique Hotel Marrakech – Rare Medina Icon,37,32,35,0.97222222222222221,108.1745556111111,71
Buyer’s Guide to Gueliz: Modern Living in Marrakech Real Estate - Orchid Island,37,32,14,0.3888888888888889,67.35274891666667,109
Currency Effects on Property Market in Morocco,37,41,9,0.21951219512195122,13.417363048780489,115
Morocco Tax Reform 2026: How Note Circulaire 737 Is Transforming Real Estate Investme - Orchid Island,37,28,20,0.51282051282051277,69.63520723076924,88
Sovereign AI Infrastructure Morocco: Oréus Unveils Powerful Expansion Across 3 Continents,37,27,15,0.42857142857142855,55.658670342857135,107
Villa in Marrakech with pool: Your dream luxury escape (SOLD) - Orchid Island,37,32,18,0.5625,142.917434,96
Al Maaden Golf Marrakech? an Exceptional Golf Destination - Orchid Island,36,36,15,0.38461538461538464,65.784736641025646,119
Chinese Investment in North Africa & Marrakech Real Estate - Orchid Island,36,41,12,0.29268292682926828,16.19083468292683,116
Global Hotel Expansion in Morocco: 7 Powerful Opportunities Driving Exceptional Growth,36,29,20,0.51282051282051277,35.379567615384609,93
Marrakech Second Home Trend 2025 : Investment Insights - Orchid Island,36,35,13,0.35135135135135137,15.274588513513512,104
Property for Sale in Marrakech - Route de Ouarzazate - Orchid Island,36,34,14,0.41176470588235292,20.243038882352941,114
Smart Choice | Prestigia Agate Apartment on First Floor,36,30,27,0.84375,98.354447999999991,76
18/03/2025 - Orchid Island,35,35,0,0,0.1434254,106
Appartement Guéliz Marrakech Duplex & Flats,35,30,23,0.696969696969697,148.20684066666666,91
Frais d’achat immobilier à Marrakech : l’essentiel à connaître - Orchid Island,35,34,14,0.41176470588235292,53.105804735294122,111
"Land for Sale: Prime 11-Hectare Plot in Chrifia, Marrakech (SOLD) - Orchid Island",35,34,14,0.4,52.698951028571429,107
Property Visit in Marrakech: What to Look for During an Inspection - Orchid Island,35,31,11,0.33333333333333331,44.822864545454536,104
uxury Apartment Hivernage Marrakech | Apartment for Sale in Hivernage Marrakech,35,29,29,0.80555555555555558,42.680105999999995,73
Environmental Awareness Days: Highlights from Crocologies 2025,34,28,21,0.63636363636363635,35.096210272727269,111
Is Morocco the Next Investment Hotspot in Africa? - Orchid Island,34,34,6,0.17647058823529413,17.473907852941178,107
Luxury Villa with Private Pool in Marrakech | Orchid Immobilier,34,15,24,0.96,146.93586928000002,46
Trustworthy Real Estate Agent in Morocco - Orchid Island,34,31,13,0.40625,37.81467534375,98
Why Marrakech Is Ideal for Land Investment - Orchid Island,34,34,11,0.31428571428571428,6.4410983714285717,103
Apartments vs Luxury Villas Marrakech: Best Real Estate Investment - Orchid Island,33,32,12,0.36363636363636365,43.333616696969692,85
Digital Nomad Villas in Marrakech - Orchid Island,33,33,11,0.33333333333333331,104.39829751515151,105
GITEX Africa × Orchid Island : Elevating Real Estate Through Tech,33,32,5,0.15625,1.4753473437500002,97
How to Invest Safely in Africa’s Emerging Real Estate Markets 2025 - Orchid Island,33,32,10,0.30303030303030304,13.19970596969697,94
Invest in Marrakech: Unmatched Prime Land on Ourika Road,33,30,16,0.53333333333333333,22.065513966666668,84
Morocco Investment Opportunities 2026: 10 Smart Picks,33,25,13,0.40625,27.45335303125,96
Plot for Sale in Marrakech with R+5 Zoning; Strategic Location. - Orchid Island,33,29,14,0.45161290322580644,9.11235664516129,95
Real Estate Bargaining Morocco: Tips for Smarter Deals,33,30,10,0.33333333333333331,79.665463133333333,97
Renovation vs New Villas: Complete Investment Guide - Orchid Island,33,35,10,0.2857142857142857,10.216379371428571,98
Tax Advantages for Foreign Investors in Marrakech - Orchid Island,33,33,11,0.3235294117647059,18.928272500000002,95
why invest in morocco ? - Orchid Island,33,33,10,0.30303030303030304,32.889944121212125,103
Innovative Financing Models in Moroccan Real Estate,32,31,7,0.22580645161290322,26.925437967741935,101
Land Marrakech – 1.16 ha for Exclusive Residential Project,32,29,20,0.60606060606060608,18.868997666666665,83
Marrakech Land for Sale | Prime Investment Opportunity,32,30,12,0.4,6.9280082666666667,86
Off-market Luxury Villa Marrakech | 6 Suites,32,26,27,0.87096774193548387,52.830807419354841,56
Property Rentals in Marrakech: How Events Boost Demand - Orchid Island,32,32,5,0.15625,2.5808753125,97
Riad Marrakech House: A Historical and Artistic Masterpiece - Orchid Island,32,30,19,0.59375,92.67034309375,78
Common Myths About Buying Property in Marrakech Debunked - Orchid Island,31,28,9,0.29032258064516131,43.124481419354844,79
Essential Landlord Responsibilities: 5 Key Steps for Success,31,30,3,0.1,10.158234666666667,93
Exceptional Investment Riad in Sidi Mimoun – Marrakech Medina | Orchid Immobilier,31,13,14,0.93333333333333335,221.83218273333333,41
Luxury Villa for Sale in Chaweng Noi Koh Samui – The House of Koh Koon - Orchid Island,31,25,21,0.67741935483870963,82.548219129032248,66
Luxury Villas Marrakech South | Ourika Road KM 11 – Off-Market Approved 12 Villa Development - Orchid Island,31,23,27,0.9,56.223675433333334,63
Appartement Luxe Marrakech for Sale,30,18,14,0.66666666666666663,383.00979657142858,67
"Investment Opportunity: Villas, Hotels, and Residences in Morocco [SOLD] - Orchid Island",30,28,20,0.66666666666666663,63.807727533333335,90
Marrakech Satellite Towns Investment: 2025 Trends - Orchid Island,30,30,10,0.33333333333333331,9.901044,88
Paris 2 bedroom apartment for sale - Orchid Island,30,24,16,0.5714285714285714,44.968575071428567,70
Riad for Sale Marrakech Medina – 11 Bedroom Boutique Property - Orchid Island,30,23,22,0.81481481481481477,30.689679814814813,68
Sell a House Fast:Hiring a Real Estate Agent/Selling On Your Own,30,31,5,0.15151515151515152,1.8618670000000002,94
Sustainable Real Estate Marrakech PPP: Key Opportunities - Orchid Island,30,32,7,0.21212121212121213,28.753452454545453,89
Swimming Pool Archives - Orchid Island,30,29,9,0.31034482758620691,28.568495896551727,92
What Is Deep Tech and How Is It Shaping Africa at UM6P 2025? - Orchid Island,30,31,9,0.25714285714285712,14.563562914285715,100
Co-living in Marrakech: A Growing Real Estate Trend - Orchid Island,29,29,9,0.31034482758620691,48.9635175862069,87
Exceptional Apartment for Sale Majorelle Marrakech | Spacious 2 Bedroom Terrace Property | Orchid Immobilier,29,9,11,1,64.09412754545454,34
Invest in a Golf Property in Marrakech: Luxury Living on the Green - Orchid Island,29,29,7,0.2413793103448276,40.91090196551724,91
Luxury Properties | Orchid Island Real Estate,29,1,3,1,616.54700966666667,42
Marrakech Airport Property Investment – Rising Demand Explained - Orchid Island,29,29,8,0.27586206896551724,22.803073413793104,82
Marrakech-Land for Sale : Ideal for Hotel or High-End Development - Orchid Island,29,27,14,0.51851851851851849,68.1154312962963,83
visual content in real estate,29,31,8,0.25806451612903225,7.2116895483870973,93
1High-End Events: Marrakech's Exclusive Nightlife Venue - Orchid Island,28,21,17,0.58620689655172409,104.60729196551723,67
29/04/2025 - Orchid Island,28,28,3,0.10714285714285714,0.724606,84
GITEX Marrakesh 2025 : Vision for African Tech Leadership - Orchid Island,28,24,11,0.37931034482758619,43.9660078275862,77
Investment School Marrakech: Bellevue 1 Exclusive Opportunity in Gueliz with High ROI,28,26,21,0.72413793103448276,102.44230296551724,64
Investment in Marrakesh: Luxury Market Risks and Returns,28,28,10,0.35714285714285715,10.465176964285716,85
Land for Sale in Central Marrakech: R+5 Development Chance,28,19,17,0.65384615384615385,62.424854961538465,62
Marrakech Outdoor Living Trends in Modern Property Design - Orchid Island,28,25,11,0.39285714285714285,14.846700321428571,80
Off‑Market: Exclusive Private Estate near Marrakech | Orchid Immobilier,28,14,21,0.95454545454545459,165.99354281818182,40
Propriété de Prestige Marrakech Villa & 4 Hectares VNA,28,22,13,0.52,67.08679708,71
UAE investment projects Marrakech : Luxury Investment Growth - Orchid Island,28,28,10,0.34482758620689657,10.465205551724139,85
Why Marrakech Real Estate Is Booming Thanks to New Airline Routes - Orchid Island,28,27,8,0.27586206896551724,34.67052065517241,90
"Wonderful land near Karting Roundabout, Marrakech for sale (SOLD) - Orchid Island",28,27,14,0.48275862068965519,11.215625965517241,76
test | Orchid Island Real Estate,28,5,9,0.75,799.26758458333336,65
#TechInRealEstate Archives - Orchid Island,27,27,3,0.1111111111111111,0.77375144444444444,79
Apartment Archives - Orchid Island,27,27,3,0.1111111111111111,0.49124514814814818,80
Discover 7 Smart School Centric Housing Morocco Trends,27,29,5,0.17241379310344829,15.082763655172414,86
Exclusive 3-Bedroom Villa for Sale Marrakech Golf City - Private Pool Opportunity,27,23,21,0.75,45.804042499999994,58
France Archives - Orchid Island,27,27,2,0.07407407407407407,0.0032607407407407407,79
Managing Holiday Villas in Marrakech: Top Tips 2025 - Orchid Island,27,27,10,0.37037037037037035,68.639449185185185,77
Marrakech Tourism Rental Investment: Short-Term Demand Growth - Orchid Island,27,26,6,0.23076923076923078,2.9573351923076925,74
Riad Villa Marrakech : Which One Is The Best Choice?,27,27,11,0.40740740740740738,21.080099814814815,79
Traditional Moroccan Riads: Traveler’s Guide - Orchid Island,27,27,4,0.14814814814814814,1.3906795555555556,84
Who Owns Marrakech? - Orchid Island,27,27,13,0.48148148148148145,31.160390814814814,80
#AI in real estate Archives - Orchid Island,26,26,3,0.11538461538461539,0.42116819230769226,76
11/02/2025 - Orchid Island,26,26,2,0.076923076923076927,0.9707007692307692,82
27/05/2025 - Orchid Island,26,26,2,0.076923076923076927,0.30835473076923076,76
Cultural Festivals Impact on Marrakech Real Estate - Orchid Island,26,26,5,0.19230769230769232,1.1868146923076923,78
Digital Nomad Rentals in Morocco: 2025 Investment Guide,26,27,7,0.25925925925925924,14.280941592592592,80
Reconnecting with Roots Through Property in Morocco,26,25,3,0.1111111111111111,3.7928564444444448,86
Virtual Home Viewing: The Future of Luxury Real Estate,26,27,5,0.18518518518518517,2.7950273703703705,80
What Digital Marketing Will Look Like in 2030,26,25,5,0.2,1.2566701999999998,72
Yields Morocco World Cup : Marrakech & Casablanca - Orchid Island,26,26,9,0.34615384615384615,17.894695153846154,75
admin - Orchid Island,26,26,2,0.076923076923076927,0.38889846153846153,78
wedding in marrakech,26,26,4,0.15384615384615385,2.1032102307692306,83
06/02/2025 - Orchid Island,25,25,0,0,0.14146028,76
10/03/2025 - Orchid Island,25,25,2,0.08,0.40590795999999996,75
Convention Fiscale Maroc-France 2026 : Great Expertise Rentable,25,23,12,0.44444444444444442,85.226392518518523,68
Garage Archives - Orchid Island,25,26,3,0.11538461538461539,0.60890711538461539,76
Guide Complet 2026 : Maîtriser la Convention Fiscale Maroc-France pour l’Investissement et le Business | Orchid Island Real Estate,25,9,15,0.78947368421052633,331.79673547368424,53
"Marrakech Land -surface area of 2,200 m² (SOLD) - Orchid Island",25,24,10,0.4,31.398209079999997,74
Morocco Real Estate : World Cup impact - Orchid Island,25,25,9,0.36,7.5491057999999995,75
"Prime Land for Sale in Janat Azaitoun, Marrakech – 484 m² Within a Fully Integrated Lifestyle Destination - Orchid Island",25,15,14,0.58333333333333337,67.52729166666667,57
Sous-location Airbnb Maroc : générer des revenus avec un logement loué | Orchid Island Real Estate,25,12,15,0.88235294117647056,230.09741417647061,42
"Why Buy Property in Medina with Orchid Island, Marrakech - Orchid Island",25,25,7,0.28,6.8010245599999992,78
#luxury real estate Archives - Orchid Island,24,24,3,0.125,0.52618170833333333,70
21/02/2025 - Orchid Island,24,24,6,0.25,6.4995028333333336,69
25/02/2025 - Orchid Island,24,24,2,0.083333333333333329,0.59934208333333339,72
Buildable Land Marrakech - Orchid Island,24,23,12,0.48,7.90254732,65
Desert Activities Drive Agafay’s Tourism Investment - Orchid Island,24,25,7,0.28,7.6529424399999995,74
Easiest Tips Archives - Orchid Island,24,24,4,0.16666666666666666,3.5121497499999994,73
Find the Best Remote Work Sanctuary Property in Morocco,24,23,10,0.43478260869565216,24.671736956521741,75
GITEX Africa 2025: AI and Tech Trends in Real Estate - Orchid Island,24,23,10,0.41666666666666669,23.370718416666666,69
How Non-Agricultural Land Use Drives Real Estate Development,24,25,6,0.23076923076923078,7.1207438846153845,73
How to Market Your Marrakech Property to International buyers - Orchid Island,24,23,9,0.375,33.05134775,67
Luxury Villa for Rent in Marrakech: Contemporary Villa Marrakech,24,18,18,0.8571428571428571,37.56479661904762,52
Marrakech in Winter: Rent a Villa for the Holidays - Orchid Island,24,22,5,0.21739130434782608,1.9224916086956521,66
Moroccan Craftsmanship: A Strategic Real Estate Asset - Orchid Island,24,24,5,0.20833333333333334,1.5337096250000002,68
Real Estate Trends in Marrakech - Orchid Island,24,24,5,0.20833333333333334,2.8088944166666665,73
"Turnkey Tea Lounge for Sale Marrakech 105m² + 63m² Mezzanine + 35m² Terrace 2,000,000 MAD Investment Opportunity | Orchid Immobilier",24,11,15,0.83333333333333337,327.52082177777783,43
13/06/2025 - Orchid Island,23,23,2,0.086956521739130432,0.17177160869565217,67
Beginner's guide to real estate investing in 2025 - Orchid Island,23,22,6,0.27272727272727271,141.79742740909091,67
Footer 02 - Orchid Island,23,23,2,0.086956521739130432,0.23717069565217389,69
Furnishing and Maintaining Your Marrakech Home: Practical Tips - Orchid Island,23,23,9,0.391304347826087,7.8760878695652181,72
Historical Palace Riad Marrakech Investment - Orchid Island,23,23,4,0.17391304347826086,0.69537060869565226,66
Moroccan Diaspora Property Investment in Marrakech - Orchid Island,23,20,7,0.28,1.31313676,63
Property Buying Marrakech with Virtual Reality - Orchid Island,23,23,6,0.2608695652173913,3.5998149130434776,67
#RealEstateInnovation Archives - Orchid Island,22,22,3,0.13636363636363635,0.91894740909090911,64
30/04/2025 - Orchid Island,22,22,2,0.090909090909090912,0.15844836363636364,64
Africa Investment Opportunities: From Abidjan to Johannesburg | Orchid Island Real Estate,22,6,10,0.90909090909090906,433.00737154545453,42
Agent immobilier terrain freelance à Marrakech | Carrières Orchid Island Real Estate,22,3,7,0.7,239.4179535,41
Air Conditioning Archives - Orchid Island,22,22,6,0.27272727272727271,1.7788143181818183,67
Apartment for Sale Majorelle Marrakech | 2 Bedroom,22,13,13,0.8125,181.3324248125,48
Australia Archives - Orchid Island,22,22,2,0.090909090909090912,0.17494636363636362,63
Azerbaijani Traditional Dress Honored in Marrakech - Orchid Island,22,22,5,0.22727272727272727,20.995105863636365,64
Best Commercial Mall for Sale Marrakech – 11 Shops,22,17,17,0.77272727272727271,143.34102740909091,49
Exceptional Commercial Property for Sale in Gueliz Marrakech – Prime 100m² Retail Opportunity on Rue Mohamed El Bekal - Orchid Island,22,18,17,0.77272727272727271,74.00925022727273,51
GITEX Africa Real Estate Highlights - Orchid Island,22,22,6,0.2608695652173913,2.2698324347826087,65
Marrakesh Archives - Orchid Island,22,22,5,0.22727272727272727,36.247167681818183,63
Orchid Island Real Estate | Luxury Real Estate & Investment,22,2,3,0.75,1173.15881325,33
Renting vs. Buying : Which Makes More Sense in Marrakesh,22,22,7,0.31818181818181818,3.2726323636363635,66
bar storage Archives - Orchid Island,22,22,3,0.13636363636363635,1.1296900454545453,68
16/04/2025 - Orchid Island,21,21,2,0.095238095238095233,0.28777409523809522,61
AI In Real Estate:How AI is Revolutionizing the Industry,21,21,6,0.27272727272727271,4.7566214545454546,62
Buying Motives Villas Morocco: What Drives Luxury Sales,21,21,9,0.42857142857142855,74.411420476190472,60
Elevating Elegance: Wall Art and Prestige Homes Unveiled - Orchid Island,21,20,7,0.33333333333333331,69.914257428571432,63
Euro Dirham Marrakech Property Exchange Impact - Orchid Island,21,25,7,0.28,9.05965628,64
Luxury Riad Hotel for Sale Marrakech Medina | 20 Rooms | Sky Bar & Prime Location,21,19,15,0.75,33.37203115,49
Marrakech vs. Marbella: Where to Invest in Luxury Real Estate? - Orchid Island,21,22,10,0.43478260869565216,35.086202956521738,63
Morocco Renewable Energy Real Estate Growth,21,17,12,0.6,71.686001699999991,58
Preventive Property Maintenance for Moroccan Rentals,21,21,4,0.19047619047619047,15.177990857142856,64
Real Estate Archives - Orchid Island,21,21,3,0.14285714285714285,0.28920123809523812,60
Smart Home Investment: Is It Worth the Cost,21,20,8,0.4,21.5402388,61
The Journey to a Second Home in Marrakech - Orchid Island,21,21,7,0.33333333333333331,3.2163464285714283,56
What is GITEX in Real Estate?,21,21,5,0.23809523809523808,3.065085571428571,65
07/03/2025 - Orchid Island,20,20,2,0.1,0.13249685,59
07/04/2025 - Orchid Island,20,20,2,0.1,0.1425496,59
08/04/2025 - Orchid Island,20,20,2,0.1,0.44391964999999994,59
20/06/2025 - Orchid Island,20,20,2,0.1,0.44195565000000003,59
21/03/2025 - Orchid Island,20,20,2,0.1,1.34581155,60
23/06/2025 - Orchid Island,20,20,2,0.1,0.25489885,58
24/03/2025 - Orchid Island,20,20,2,0.1,0.78270955000000009,60
25/06/2025 - Orchid Island,20,20,2,0.1,0.30653905,58
27/06/2025 - Orchid Island,20,20,2,0.1,0.0214865,56
Apartment Marrakech – Burj Malak Residence – Perfect for Airbnb Investment or Family Living | Orchid Immobilier,20,7,10,0.90909090909090906,378.06009900000004,32
Building a Villa in Marrakech: Agency vs DIY - Orchid Island,20,20,11,0.55,21.73288465,59
California Archives - Orchid Island,20,20,2,0.1,0.0168766,57
Douar property investment Marrakech : Farmhouse Renovation - Orchid Island,20,22,11,0.47826086956521741,47.927807217391312,64
Home Buying Mistakes: 5 Costly Errors First-Time Buyers Make,20,20,7,0.35,4.56536405,59
Impact of Monetary Policy on Morocco's Real Estate in 2025,20,20,7,0.33333333333333331,21.564206952380953,63
Modern Villa Archives - Orchid Island,20,19,6,0.31578947368421051,76.823087,54
Prime Opportunity – Prestigia Agate Apartment,20,18,16,0.8,107.0856953,44
Rent Archives - Orchid Island,20,20,4,0.2,1.4219593,62
Villa Status Symbol: What Your Moroccan Property Says About You,20,19,7,0.36842105263157893,6.0625874210526316,56
#GITEXAfrica2025 Archives - Orchid Island,19,20,3,0.15,0.3212961,57
18/04/2025 - Orchid Island,19,19,2,0.10526315789473684,0.3166726842105263,55
23/04/2025 - Orchid Island,19,19,2,0.10526315789473684,0.63672942105263153,54
Amazing Terrain 1 Hectare Marrakech – Villas SD1 | Orchid Immobilier,19,4,6,1,151.0960085,23
Canada Archives - Orchid Island,19,19,2,0.10526315789473684,0.02871126315789474,55
New South Wales Archives - Orchid Island,19,19,2,0.10526315789473684,0.50222257894736844,57
Palace Marrakech for Rent- Ultimate Luxury-Orchid Island - Orchid Island,19,14,11,0.6470588235294118,227.81267988235294,50
Propriété de Luxe Marrakech 2 Villas & Spa Estate for Sale,19,17,12,0.66666666666666663,31.947100222222225,42
art and culture in Marrakech Archives - Orchid Island,19,19,3,0.15789473684210525,0.456459052631579,57
orchidisland - Orchid Island,19,18,4,0.22222222222222221,4.780809555555555,53
03/06/2025 - Orchid Island,18,18,2,0.1111111111111111,0.5349584444444444,54
1Luxury Villa in Casablanca | Architect Villa,18,16,13,0.8125,65.928134187499992,40
3 Bedroom Apartment Prestigia Jade – Excellent Opportunity,18,16,10,0.55555555555555558,46.876237055555556,44
AFCON 2025 Marrakech Investment & Rental Growth - Orchid Island,18,18,6,0.33333333333333331,6.274818,50
Buy Property Archives - Orchid Island,18,18,3,0.16666666666666666,0.93290288888888873,52
Content Blocks Archive - Orchid Island,18,18,3,0.16666666666666666,0.37978311111111113,56
Dubai Property Buying Tips: 7 Secrets for 2025 Off-Plan Success - Orchid Island,18,18,4,0.22222222222222221,1.0210087222222224,52
How Is SSE at al akhawayn Shaping Future Innovators? - Orchid Island,18,16,9,0.47368421052631576,34.2633132631579,56
INDH & Malaika Centre: Partnering for Inclusion - Orchid Island,18,18,6,0.33333333333333331,6.4213746111111112,55
Why Azerbaijani investors should invest in Morocco? - Orchid Island,18,18,5,0.26315789473684209,1.5325559473684212,54
how to sell real estate to international buyers - Orchid Island,18,15,6,0.35294117647058826,4.7259581176470595,48
yoga in marrakech,18,18,5,0.27777777777777779,3.006167,54
02/01/2025 - Orchid Island,17,18,2,0.1111111111111111,6.6505425,51
11/03/2025 - Orchid Island,17,17,0,0,0.266475,52
24/02/2025 - Orchid Island,17,17,0,0,0.16598376470588236,52
24/06/2025 - Orchid Island,17,18,2,0.1111111111111111,0.13988566666666669,52
AI Impact on Real Estate: Shaping Buyer and Seller Behavior,17,17,5,0.29411764705882354,5.8364642352941178,49
GITEX Africa 2026 Marrakech: 5 Powerful Insights Driving the Future of Tech-Driven Real Estate,17,15,11,0.57894736842105265,104.19577805263158,54
Healthcare - Orchid Island,17,11,10,0.90909090909090906,86.635032818181813,32
Land Marrakech – Exceptional Opportunity Near Dar Lamia for a High-End Residential Project | Orchid Immobilier,17,2,2,1,1085.399931,20
New York Archives - Orchid Island,17,17,2,0.11764705882352941,0.27130052941176475,51
Off Plan Villas Dubai : Affordable Luxury for Investors 2025 - Orchid Island,17,17,5,0.29411764705882354,3.0728847058823532,49
Orchid Island - GITEX Africa - real estate & innovation,17,17,5,0.29411764705882354,2.476279529411765,50
Resale Smart Home Devices and Home Value in 2025 - Orchid Island,17,16,8,0.5,24.83962,46
United States Archives - Orchid Island,17,17,2,0.11764705882352941,0.1132184705882353,48
What Is the Best Golf Course in the World? - Orchid Island,17,18,4,0.22222222222222221,0.6541824444444444,50
Why a Real Estate Agency Sells Faster? - Orchid Island,17,17,5,0.29411764705882354,3.0256956470588237,49
05/05/2025 - Orchid Island,16,16,2,0.125,0.2987550625,46
14/02/2025 - Orchid Island,16,16,0,0,0.2134518125,49
30/06/2025 - Orchid Island,16,16,2,0.125,0.20586325,47
Art and culture in Marrakech : Africa’s New Hotspot! - Orchid Island,16,17,5,0.29411764705882354,2.220681529411765,48
Condo Archives - Orchid Island,16,16,0,0,0.5956785,50
Creative Property Spaces Marrakech : 2025 Investment Guide - Orchid Island,16,16,6,0.375,3.9820554375,44
Georgia-Morocco: Invest on Morocco's Booming Property Market,16,17,7,0.41176470588235292,4.4703829411764708,44
Natural Light Archives - Orchid Island,16,16,6,0.375,1.3800270625,43
Ontario Archives - Orchid Island,16,16,2,0.125,0.3413471875,48
Riad Marrakech House: A Historical and Artistic Masterpiece [SOLD] - Orchid Island,16,11,7,0.46666666666666667,14.917708333333334,41
TV Cable Archives - Orchid Island,16,16,3,0.1875,0.4490761875,45
What Makes the 2025 Heritage Days a Must-Attend in Marrakech? - Orchid Island,16,16,5,0.3125,2.3772961875,47
1 Stunning Luxury Apartments for Sale in Jardin Harti Marrakech,15,15,5,0.33333333333333331,4.1547003333333334,37
11/04/2025 - Orchid Island,15,15,2,0.13333333333333333,0.22183893333333335,44
13/03/2025 - Orchid Island,15,15,1,0.066666666666666666,46.905816,45
17/03/2025 - Orchid Island,15,15,0,0,0,45
20/03/2025 - Orchid Island,15,15,2,0.13333333333333333,0.19653653333333335,43
22/08/2025 - Orchid Island,15,15,2,0.13333333333333333,0.31962666666666667,44
28/04/2025 - Orchid Island,15,15,2,0.13333333333333333,0.32837826666666664,43
Amazing Terrain 1 Hectare Marrakech – Villas SD1,15,10,8,0.61538461538461542,255.06161223076924,41
Family House Archives - Orchid Island,15,15,3,0.1875,0.5233915,45
Laundry Room Archives - Orchid Island,15,16,6,0.375,1.0121971250000001,43
"Marrakech, an Imperial City - Orchid Island",15,15,6,0.4,37.113812,42
Marrakech: A World-Class Golf Destination - Orchid Island,15,15,6,0.4,6.506889066666667,41
Parking Archives - Orchid Island,15,15,3,0.2,1.1538208666666667,46
SOLD Archives - Orchid Island,15,15,4,0.26666666666666666,0.9010684,42
Villas with Private Pools in Marrakech: 2025 Demand Guide - Orchid Island,15,16,7,0.4375,29.00268625,40
7 Reasons Off-Market Real Estate Offers Top Opportunities,14,13,9,0.69230769230769229,20.243813076923079,32
Artist Dressing Rooms Archives - Orchid Island,14,14,3,0.21428571428571427,1.2618854285714285,42
Elevate Your Success in Marrakech Industrial District,14,12,8,0.5714285714285714,48.117699071428568,34
Land for sale-Marrakech : A Unique Opportunity near Marrakech (SOLD) - Orchid Island,14,14,9,0.6428571428571429,30.610379785714287,34
Marrakech Real Estate: 1Africa’s Emerging greater Capital,14,13,7,0.4375,77.985342625,36
01/01/2025 - Orchid Island,13,13,0,0,0,39
10/02/2025 - Orchid Island,13,13,3,0.23076923076923078,1.5235257692307691,41
10/07/2025 - Orchid Island,13,13,2,0.15384615384615385,0.9596166153846154,43
24/04/2025 - Orchid Island,13,13,2,0.15384615384615385,0.044115076923076924,36
7 Proven Real Estate for seniors Morocco's Benefits,13,13,8,0.61538461538461542,63.246919846153851,39
AI for Real Estate Investment: 2025 Innovations - Orchid Island,13,14,4,0.2857142857142857,1.6903727142857143,40
Appartement Luxe Marrakech for Sale | Orchid Immobilier,13,11,11,0.84615384615384615,151.26921638461539,20
Best Commercial Mall for Sale Marrakech – 11 Shops | Orchid Immobilier,13,3,3,0.75,965.51001125,21
Blog immobilier | Orchid Island - Perspectives sur l'immobilier de luxe,13,4,5,1,34.492118399999995,14
Luxury Residence for Sale in Casablanca – Private High-End Apartments - Orchid Island,13,12,10,0.66666666666666663,17.0366752,31
Luxury villa for Sale: Exclusive Marrakech Retreat,13,10,10,0.83333333333333337,36.236291666666666,29
Marrakech Real Estate: Africa’s Emerging Capital of Lifestyle Heritage | Orchid Island Real Estate,13,6,5,0.7142857142857143,488.25780099999992,25
Moroccan Artisans Interiors in Luxury Homes,13,13,1,0.076923076923076927,1.4815094615384616,41
Patio Archives - Orchid Island,13,13,3,0.23076923076923078,1.1220449230769232,37
Remote Work Real Estate Morocco : Transforming Villas,13,13,3,0.23076923076923078,3.3235866923076922,38
Town House Archives - Orchid Island,13,13,3,0.23076923076923078,1.3568456153846153,38
rooftop Archives - Orchid Island,13,13,3,0.23076923076923078,0.94157823076923086,37
02/07/2025 - Orchid Island,12,12,2,0.16666666666666666,1.6579994166666667,37
03/07/2025 - Orchid Island,12,12,2,0.16666666666666666,1.1859150833333334,36
13/03/2021 - Orchid Island,12,12,0,0,0,36
14/03/2025 - Orchid Island,12,12,0,0,0,36
20/02/2025 - Orchid Island,12,12,0,0,0.21749108333333333,37
Balcony Archives - Orchid Island,12,13,3,0.23076923076923078,0.88285369230769228,36
Buying Property in Marrakech: 7 Myths vs Reality Explained,12,12,7,0.58333333333333337,187.89714416666664,34
Complete Guide to Investing in Essaouira Real Estate (2026) | Orchid Island Real Estate,12,7,9,0.81818181818181823,298.6928860909091,19
GITEX Africa 2026 Marrakech: 5 Powerful Insights Driving the Future of Tech-Driven Real Estate | Orchid Island Real Estate,12,4,5,0.83333333333333337,179.80458016666663,20
Investing in Morocco: Exclusive Development Land for Sale/Ideal for Construction Project | Orchid Immobilier,12,5,5,1,144.0754694,18
Kitchen Archives - Orchid Island,12,12,6,0.5,2.4913902500000003,33
Riad for Sale Marrakech: Gorgeous Villa featuring Traditional Moroccan Design and Modern Luxuries. | Orchid Immobilier,12,4,5,1,65.3858234,20
Smart Device Integration Property Value Trends in 2025 - Orchid Island,12,12,5,0.41666666666666669,20.662533916666668,31
Uncategorized Archives - Page 3 of 25 - Orchid Island,12,12,0,0,0.92551375,39
Vacation Rentals in Marrakech - Orchid Island,12,12,5,0.41666666666666669,11.346686416666666,32
03/09/2025 - Orchid Island,11,11,2,0.18181818181818182,0.680924,33
04/09/2025 - Orchid Island,11,11,2,0.18181818181818182,0.62186445454545458,34
09/10/2025 - Orchid Island,11,11,0,0,0,33
A Quiet Contender for Global Investment: 7 Strategic Reasons Why Morocco Is Emerging as a Leading Destination,11,11,5,0.45454545454545453,38.010276363636365,30
Achat d’un bien à Marrakech : Top 5 des erreurs à éviter - Orchid Island,11,11,5,0.45454545454545453,8.7090710909090916,34
"Agritourism Morocco: Fostering Sustainable Luxury Through Farming, Culture and Innovation | Orchid Island Real Estate",11,9,4,0.4,160.03472,29
Hardwood Floors Archives - Orchid Island,11,11,3,0.27272727272727271,1.9228338181818181,35
High Roof Archives - Orchid Island,11,11,3,0.27272727272727271,1.0861371818181818,30
Internet / Wi-Fi Archives - Orchid Island,11,11,3,0.27272727272727271,1.3507822727272727,32
Investissement exceptionnel : Riad à Sidi Mimoun – Médina de Marrakech | Orchid Real Estate,11,2,2,1,128.57741,11
Library Archives - Orchid Island,11,11,3,0.27272727272727271,0.55100481818181812,31
Luxury Boutique Riad Marrakech – The Iconic Collection | Orchid Immobilier,11,8,6,0.75,130.66235250000003,20
"Premium Land for Sale in Targa Marrakech – Exclusive 2,300 m² Plot",11,11,7,0.58333333333333337,10.735899333333334,28
Prime Opportunity – Prestigia Agate Apartment | Orchid Immobilier,11,4,5,1,264.6851528,13
Top Neighborhoods in Marrakech: 10 Most Profitable Luxury Areas for Investment | Orchid Island Real Estate,11,17,9,0.5,20.397025499999998,38
Ultimate Luxury Palace in Marrakech – Orchid Island Estate - Orchid Island | Orchid Immobilier,11,9,7,0.77777777777777779,92.312488666666667,29
Uncategorized Archives - Page 25 of 25 - Orchid Island,11,11,0,0,0.62298418181818183,36
#smart home technology Archives - Orchid Island,10,10,3,0.3,1.7473306000000002,30
09/07/2025 - Orchid Island,10,10,2,0.2,0.0628263,28
11/06/2025 - Orchid Island,10,10,2,0.2,0.4733562,30
11/12/2025 - Orchid Island,10,10,3,0.3,1.9324407999999997,26
16/03/2021 - Orchid Island,10,10,0,0,0.3011534,31
28/08/2025 - Orchid Island,10,10,2,0.2,1.1397992000000001,31
7 Powerful Student Accommodation Investment Opportunities in Morocco,10,10,6,0.54545454545454541,52.563583363636354,29
Farm House Archives - Page 2 of 2 - Orchid Island,10,10,9,0.9,13.3608914,22
Inheritance and Property Succession Laws in Morocco : Complete Guide 2025,10,6,5,0.41666666666666669,37.98064491666667,28
"Inmuebles de lujo en Marrakech | Villas, riads y propiedades de inversión | Isla Orquídea",10,6,8,1,38.0219535,10
Investment School Marrakech – Bellevue Educational Asset in Gueliz | Orchid Immobilier,10,5,5,1,421.25401780000004,17
Luxury Duplex for Sale in Marrakech – 3 Master Suites & Iconic Majorelle View,10,6,8,1,112.190865875,20
Moroccan Real Estate Resilience: How the Market Withstands Global Crises | Orchid Island Real Estate,10,15,12,0.8,11.763607933333333,34
Off-market Luxury Villa Marrakech | Orchid Immobilier,10,3,7,1,403.21510971428569,18
Outdoor Space Archives - Orchid Island,10,11,6,0.54545454545454541,1.9860116363636364,26
Real Estate Guide - Orchid Insights - Page 2 of 25 - Orchid Island,10,9,5,0.5,11.67497,25
luxury villa resort Marrakech : Experience Timeless Elegance [SOLD] - Orchid Island,10,9,6,0.66666666666666663,154.94386322222221,26
#real estate innovation Archives - Orchid Island,9,9,3,0.33333333333333331,0.72660666666666662,25
07/09/2025 - Orchid Island,9,9,2,0.22222222222222221,1.0466571111111111,26
11/08/2025 - Orchid Island,9,9,2,0.22222222222222221,1.1283296666666667,27
12/08/2025 - Orchid Island,9,8,3,0.33333333333333331,3.8527823333333333,26
Agricultural Land Morocco: What Foreign Buyers Need to Know | Orchid Island Real Estate,9,18,13,0.72222222222222221,72.0139123888889,35
Fireplace Archives - Orchid Island,9,9,3,0.33333333333333331,1.3747951111111112,28
Investir dans la location courte durée à Marrakech : le guide complet pour réussir | Orchid Island Real Estate,9,4,5,1,28.484558800000002,13
"Morocco & Oréus Launch Sovereign AI Infrastructure Platform Across Europe, Africa & the US - Orchid Island",9,6,5,0.7142857142857143,151.94857371428571,23
"Premium Land for Sale in Targa Marrakech – Exclusive 2,300 m² Plot | Orchid Immobilier",9,2,2,1,624.997322,13
Uncategorized Archives - Page 2 of 25 - Orchid Island,9,9,0,0,0.4696298888888889,28
Walk-in Closets Archives - Orchid Island,9,10,3,0.3,1.3543254,28
restroom Archives - Orchid Island,9,9,3,0.33333333333333331,1.0763315555555555,25
05/02/2025 - Orchid Island,8,9,2,0.22222222222222221,1.1714326666666668,27
11/07/2025 - Orchid Island,8,8,2,0.25,0.644895,23
12/07/2025 - Orchid Island,8,8,2,0.25,0.44837799999999994,23
16/07/2025 - Orchid Island,8,8,2,0.25,0.10936825,22
25/07/2025 - Orchid Island,8,8,3,0.375,1.572788125,22
25/08/2025 - Orchid Island,8,8,1,0.125,0.577315875,24
30/05/2025 - Orchid Island,8,8,2,0.25,1.099657375,23
Careers & Job Opportunities | Orchid Island Real Estate,8,4,7,1,8.7405685714285717,12
Coat Check Archives - Orchid Island,8,8,3,0.375,1.499487,22
Exclusive Boutique Spa Retreat – Confidential Luxury Hotel For Sale in Marrakech | Orchid Immobilier,8,7,6,0.8571428571428571,184.89138042857144,13
From Abidjan to Johannesburg: 7 Powerful Investment Moves in Marrakech,8,7,5,0.625,29.219624625,17
Luxury Apartment Hivernage Marrakech | Orchid Immobilier,8,4,3,0.75,49.474765250000004,12
Luxury Riad Hotel for Sale Marrakech Medina | Orchid Immobilier,8,6,5,0.83333333333333337,153.817957,15
Morocco Is Entering Its Most Strategic Investment Window Ever | Orchid Island Real Estate,8,6,8,0.88888888888888884,193.44756855555556,21
NB1 Taroudant Off Market Farm Investment Opportunity,8,5,4,0.66666666666666663,41.695970833333334,16
Real Estate Guide - Orchid Insights - Page 23 of 23 - Orchid Island,8,5,5,1,49.1732436,18
STAGE DÉVELOPPEUR INTELLIGENCE ARTIFICIELLE (IA) - MARRAKECH | Carrières Orchid Island Real Estate,8,4,7,1,404.79795614285712,18
Uncategorized Archives - Page 4 of 25 - Orchid Island,8,8,0,0,0.67256775,25
06/03/2025 - Orchid Island,7,7,2,0.2857142857142857,1.5726270000000002,22
06/08/2025 - Orchid Island,7,7,2,0.2857142857142857,1.7297955714285713,21
08/08/2025 - Orchid Island,7,7,2,0.2857142857142857,0.74052157142857145,20
11/09/2025 - Orchid Island,7,7,2,0.2857142857142857,0.80831014285714287,18
15/08/2025 - Orchid Island,7,8,2,0.25,0.269545625,22
29/08/2025 - Orchid Island,7,7,2,0.2857142857142857,0.4978265714285714,20
A Smart Residential Choice – Prestigia Agate Apartment on the First Floor | Orchid Immobilier,7,2,2,1,6.5953965,7
Biophilic Design Real Estate in Marrakech Villas,7,7,4,0.5714285714285714,28.947160714285712,21
Cost to Build Villa Marrakech – Average Costs and Budget Guide | Orchid Island Real Estate,7,8,4,0.5,199.18269949999998,18
Furnished Floors Archives - Orchid Island,7,7,3,0.42857142857142855,1.0178841428571428,17
Guide to Funds Repatriation Guarantee for Foreigners Investing in Moroccan Real Estate | Orchid Island Real Estate,7,9,3,0.25,35.83587975,28
How Chinese Investment Is Reshaping Morocco’s Real Estate and Trade Landscape | Orchid Island Real Estate,7,18,17,0.94444444444444442,10.411011111111112,33
How Huawei is Revolutionizing Tech Innovation in Morocco( Huawei’s impact on Morocco tech Innovation ) | Orchid Island Real Estate,7,5,1,0.2,2.5730384,15
Morocco Investment Destination: 7 Strategic Reasons Why It Is Emerging Globally | Orchid Island Real Estate,7,2,2,0.66666666666666663,391.24397866666669,15
Morocco Real Estate Market 2026: Growth & Infrastructure Outlook | Orchid Island Real Estate,7,30,29,0.93548387096774188,78.72150548387097,40
OrchidTeam - Orchid Island,7,7,2,0.2857142857142857,0.504925,21
Page not found – Orchid Island,7,6,3,0.42857142857142855,69.587140714285709,19
Property Auctions Morocco: A New Way to Access Luxury Real Estate | Orchid Island Real Estate,7,9,5,0.5,197.9677682,24
Propriété de Prestige Marrakech Villa & 4 Hectares VNA | Orchid Immobilier,7,5,5,0.83333333333333337,310.82005083333337,12
Real Estate Guide - Orchid Insights - Page 16 of 19 - Orchid Island,7,2,6,0.8571428571428571,180.02206085714286,12
Real Estate Guide - Orchid Insights - Page 19 of 22 - Orchid Island,7,5,5,0.7142857142857143,9.2385134285714283,16
Real Estate Guide - Orchid Insights - Page 25 of 25 - Orchid Island,7,5,3,0.5,94.864800666666667,15
Riad Renovation Opportunity Morocco Prime Palmeraie Property | Orchid Immobilier,7,3,3,1,138.243732,10
Solar Panels Archives - Orchid Island,7,7,3,0.42857142857142855,1.8161371428571427,19
guéliz marrakech land r5 Investment Opportunity,7,2,2,1,236.026102,14
#LuxuryRealEstate Archives - Orchid Island,6,6,3,0.5,1.8460981666666667,18
02/09/2025 - Orchid Island,6,6,2,0.33333333333333331,0.094641166666666665,15
07/07/2025 - Orchid Island,6,6,2,0.33333333333333331,0.7449121666666666,17
18/08/2025 - Orchid Island,6,6,2,0.33333333333333331,0.143852,16
23/07/2025 - Orchid Island,6,6,2,0.33333333333333331,1.216186,16
24/10/2025 - Orchid Island,6,6,0,0,0,18
25/04/2025 - Orchid Island,6,6,2,0.33333333333333331,1.725024333333333,18
27/08/2025 - Orchid Island,6,6,2,0.33333333333333331,0.4898555,16
27/10/2025 - Orchid Island,6,4,2,0.4,10.061087,16
28/03/2025 - Orchid Island,6,6,2,0.33333333333333331,0.52915866666666667,16
7 Reasons Off-Market Real Estate Offers the Best Investment Opportunities | Orchid Island Real Estate,6,6,3,0.5,111.17669583333333,14
"An Exceptional Villa in Palmeraie, Marrakech | Orchid Immobilier",6,3,2,0.5,65.92560975,11
Best Areas in Morocco for Coastal Property Investment: 2025 Buyer’s Guide | Orchid Island Real Estate,6,8,8,0.88888888888888884,145.49949600000002,19
Blockchain for Moroccan Property Transactions 2025,6,5,5,0.83333333333333337,73.93282,11
Buy Home Archives - Orchid Island,6,6,3,0.5,1.958849,17
How to Diversify Your Moroccan Property Portfolio in 2025,6,5,4,0.8,25.9729692,11
Laundry Room Archives - Page 2 of 2 - Orchid Island,6,6,3,0.5,1.8577495,16
Luxury Garden Apartment for Sale Hivernage Marrakech with 3 suites - Orchid Island | Orchid Immobilier,6,3,3,1,78.161623333333338,6
Luxury Hotel for Sale in Marrakech | Orchid Immobilier,6,4,4,0.8,99.0475622,11
Media Room Archives - Orchid Island,6,7,3,0.42857142857142855,1.4138415714285715,19
Real Estate Guide - Orchid Insights - Page 2 of 17 - Orchid Island,6,1,2,0.66666666666666663,23.833844,13
Real Estate Guide - Orchid Insights - Page 20 of 22 - Orchid Island,6,5,4,0.66666666666666663,7.5127971666666662,15
Real Estate Guide - Orchid Insights - Page 20 of 23 - Orchid Island,6,5,5,1,21.093637,13
Real Estate Guide - Orchid Insights - Page 22 of 22 - Orchid Island,6,5,4,0.66666666666666663,6.178872000000001,15
Real Estate Guide - Orchid Insights - Page 3 of 25 - Orchid Island,6,6,2,0.33333333333333331,32.0778265,16
Real Estate Guide - Orchid Insights - Page 5 of 25 - Orchid Island,6,6,0,0,0.68358866666666662,19
Real Estate Guide - Orchid Insights - Page 5 of 26 - Orchid Island,6,6,0,0,2.6354735000000002,22
Sale Archives - Page 2 of 4 - Orchid Island,6,6,3,0.5,1.4972078333333334,16
"Sovereign AI Infrastructure Morocco: Oréus Partnership Expands Across Europe, Africa & US | Orchid Island Real Estate",6,7,8,0.88888888888888884,283.35422355555556,29
The Ultimate Luxury Nightlife Experience at Es Saadi Marrakech | Orchid Island Real Estate,6,4,2,0.5,70.974913,14
Vacation Rental Laws in Marrakech: 2025 Compliance Guide,6,5,4,0.8,75.0916836,16
01/07/2025 - Orchid Island,5,5,2,0.4,2.3980978,15
01/09/2025 - Orchid Island,5,4,2,0.5,1.33293475,12
08/09/2025 - Orchid Island,5,5,2,0.4,0.0914874,13
08/10/2025 - Orchid Island,5,5,0,0,0,15
1 Luxury Villa in Casablanca | Orchid Immobilier,5,3,3,1,173.39108033333332,5
12/05/2025 - Orchid Island,5,5,2,0.4,1.1118306,13
14/04/2025 - Orchid Island,5,5,2,0.4,0.32756480000000004,14
15/07/2025 - Orchid Island,5,5,2,0.4,0.5957178,13
15/10/2025 - Orchid Island,5,5,0,0,0,15
1Exceptional Villa Carré du Golf Amelkis – Marrakech | Orchid Immobilier,5,3,3,1,63.868025333333328,5
21/04/2025 - Orchid Island,5,5,2,0.4,0.4232558,13
26/06/2025 - Orchid Island,5,5,2,0.4,3.0771606,13
26/08/2025 - Orchid Island,5,5,2,0.4,1.0363582,14
28/07/2025 - Orchid Island,5,5,2,0.4,0.78469,16
30/10/2025 - Orchid Island,5,5,0,0,0,15
Akenza 2: Top 1 luxury villa Marrakech with Atlas views,5,5,5,1,348.3691536,13
Buying Property in Morocco as a European Investor: 2025 Guide | Orchid Island Real Estate,5,6,4,0.66666666666666663,217.50601783333332,17
Green Roofs and Urban Agriculture: Impact on Morocco Real Estate | Orchid Island Real Estate,5,9,7,0.77777777777777779,112.50784144444444,15
Header - Orchid Island,5,5,1,0.2,25.3049014,14
Home - Luxury Real Estate Marrakech - Orchid Island,5,5,0,0,0,15
"Immobilier de luxe à Marrakech | Villas, Riades et Propriétés d’Investissement | Île aux Orchidées",5,1,1,1,129.18285,8
"Investment in Morocco: 28,000 m² Land for Sale Approved for 22 Villas",5,4,3,0.75,64.594257,15
Land Archives - Orchid Island,5,5,0,0,0,15
Luxury Estate Marrakech – Exceptional 4-Hectare VNA Domain with Villa & Divisible Plots - Orchid Island | Orchid Immobilier,5,2,2,1,108.56551,5
"Luxury Property with VNA for Sale in Marrakech: Villa, Pool & 4 Hectares",5,2,4,0.66666666666666663,30.5865805,12
Luxury Real Estate Investment Opportunity: Résidence Village Cap Ghir | Orchid Immobilier,5,4,3,0.75,84.99108775,10
Luxury Villas Marrakech South | Ourika Road KM 11 – Off-Market Development | Orchid Immobilier,5,6,6,1,236.66797216666666,10
Moving to Marrakech: Everything You Need to Know | Orchid Island Real Estate,5,3,1,0.16666666666666666,17.005268166666667,16
Natural Light Archives - Page 2 of 2 - Orchid Island,5,5,3,0.6,2.9202562,16
Opening a Bank Account in Morocco: a Practical Guide for Expats (& How it’s Relevant for Real Estate Buyers) | Orchid Island Real Estate,5,8,7,0.875,81.974016625,16
Prime Location Land in Agadir’s Founty: Build Your Dream Hotel Today | Orchid Immobilier,5,3,2,0.66666666666666663,229.06018033333331,7
Propriétés - Île aux Orchidées,5,88,92,0.92929292929292928,171.30072513131316,341
Propriétés | Orchid Island - Immobilier de luxe,5,2,3,1,9.496516,5
Real Estate Guide - Orchid Insights - Page 16 of 18 - Orchid Island,5,1,5,0.83333333333333337,67.813702333333325,11
Real Estate Guide - Orchid Insights - Page 19 of 23 - Orchid Island,5,4,4,1,160.8000805,12
Real Estate Guide - Orchid Insights - Page 19 of 24 - Orchid Island,5,1,2,0.4,1.1478776,9
Real Estate Guide - Orchid Insights - Page 2 of 26 - Orchid Island,5,5,3,0.5,3.3962265000000005,15
Real Estate Guide - Orchid Insights - Page 21 of 22 - Orchid Island,5,4,3,0.6,6.5057494000000009,13
Real Estate Guide - Orchid Insights - Page 4 of 25 - Orchid Island,5,5,1,0.2,3.7321114,14
Top 5 Mistakes to Avoid When Buying a Home | Orchid Island Real Estate,5,3,2,0.66666666666666663,52.712511,8
Wills and Inheritance Morocco Property: Essential Legal Guide | Orchid Island Real Estate,5,9,7,0.77777777777777779,250.21541122222223,23
02/05/2025 - Orchid Island,4,4,2,0.5,1.3387495,9
08/07/2025 - Orchid Island,4,4,2,0.5,0.9383085,13
09/09/2025 - Orchid Island,4,4,2,0.5,1.9270805,9
10/09/2025 - Orchid Island,4,4,2,0.5,1.33433325,10
12/11/2025 - Orchid Island,4,4,0,0,0,12
13/05/2025 - Orchid Island,4,4,2,0.5,0.9036735,11
13/08/2025 - Orchid Island,4,4,2,0.5,0.65704425,11
14/07/2025 - Orchid Island,4,4,2,0.5,3.620077,11
15/09/2025 - Orchid Island,4,4,1,0.25,0.0866005,11
16/05/2025 - Orchid Island,4,4,2,0.5,2.7348167500000002,13
17/09/2025 - Orchid Island,4,4,1,0.25,0.014495,11
20/01/2026 - Orchid Island,4,3,1,0.33333333333333331,19.440683666666668,12
20/10/2025 - Orchid Island,4,4,0,0,0,12
2025 - Orchid Island,4,4,0,0,0,12
22/07/2025 - Orchid Island,4,4,2,0.5,0.13417175,12
22/10/2025 - Orchid Island,4,4,0,0,0,12
23/05/2025 - Orchid Island,4,4,2,0.5,2.01972275,10
24/07/2025 - Orchid Island,4,5,2,0.4,0.22980520000000002,12
26/05/2025 - Orchid Island,4,4,2,0.5,0.515606,10
27/03/2025 - Orchid Island,4,4,2,0.5,0.0668045,10
28/06/2025 - Orchid Island,4,3,3,1,1.7754893333333335,11
28/10/2025 - Orchid Island,4,4,0,0,0,12
31/07/2025 - Orchid Island,4,4,2,0.5,1.419475,10
A Prestigious Opportunity – Premium Commercial Space in Marrakech’s Industrial District | Orchid Immobilier,4,1,1,1,242.176567,4
Air Conditioning Archives - Page 2 of 2 - Orchid Island,4,5,3,0.6,3.6104935999999994,15
An Exceptional Mansion in Marrakech: Luxury and Absolute Elegance | Orchid Immobilier,4,2,2,1,32.639742,7
Beyond Marrakech: Morocco’s Ultra-Private Mountain and Desert Retreats | Orchid Island Real Estate,4,4,2,0.5,9.75834375,9
Bioclimatic Architecture in Morocco: Sustainable Design | Orchid Island Real Estate,4,7,5,0.625,58.9585555,15
Discover RiverPalm Villa in Marrakech: A Gem of Luxury Living | Orchid Immobilier,4,2,2,1,19.347662,11
Funds Repatriation Guarantee Archives - Orchid Island,4,4,3,0.75,2.12918225,13
High-return property investment near Marrakech | Orchid Immobilier,4,4,2,0.5,15.17125475,12
Invest Like Royalty: Moroccan Properties Owned by Celebrities and Diplomats | Orchid Island Real Estate,4,9,7,0.77777777777777779,66.024442666666658,20
Investing in Morocco: The Complete Legal & Tax Framework Guide (2026) | Orchid Island Real Estate,4,4,3,0.75,121.07260425,10
Kitchen Archives - Page 2 of 2 - Orchid Island,4,4,3,0.75,2.9177792499999997,10
LUXE | Orchid Immobilier,4,2,6,1,239.63474866666664,15
Luxury Villa for Rent in Marrakech | Orchid Real Estate,4,1,1,1,1366.200729,4
Luxury Villa for Rent in Marrakech: Your Ultimate Oasis of Calm and Class | Orchid Immobilier,4,3,2,0.66666666666666663,86.399557666666666,8
Luxury Villa for Sale | Orchid Immobilier,4,1,2,1,75.930909,5
Off-Plan Property Investments in Marrakech: 2025 Investor Guide | Orchid Island Real Estate,4,4,2,0.5,10.50424375,12
Outdoor Space Archives - Page 2 of 2 - Orchid Island,4,5,3,0.6,1.3637054000000002,12
Properties Archive - Page 2 of 5 - Orchid Island,4,4,3,0.75,2.41562225,12
Properties Archive - Page 3 of 5 - Orchid Island,4,4,3,0.75,4.20129375,10
Properties Archive - Page 4 of 5 - Orchid Island,4,4,3,0.75,2.85502475,11
Properties Archive - Page 5 of 5 - Orchid Island,4,4,3,0.75,2.4550385,8
Real Estate Guide - Orchid Insights - Page 21 of 26 - Orchid Island,4,4,1,0.2,9.527247,12
Real Estate Guide - Orchid Insights - Page 4 of 17 - Orchid Island,4,2,2,1,830.040176,9
Sale Archives - Page 2 of 5 - Orchid Island,4,3,2,0.66666666666666663,27.288613666666667,9
Sale Archives - Page 3 of 4 - Orchid Island,4,4,3,0.75,2.36733075,9
Sale Archives - Page 4 of 4 - Orchid Island,4,4,3,0.75,3.2099585,10
Stunning 1 Hectare and 65 m² Land Available in Marrakech – Ourika Road | Orchid Immobilier,4,5,5,1,60.1733502,8
What are the risks? | Orchid Island Real Estate,4,4,1,0.2,0,12
02/06/2025 - Orchid Island,3,3,2,0.66666666666666663,0.019402666666666669,7
04/06/2025 - Orchid Island,3,3,2,0.66666666666666663,1.6722020000000002,8
07/05/2025 - Orchid Island,3,3,2,0.66666666666666663,0.87623566666666663,6
15/05/2025 - Orchid Island,3,3,2,0.66666666666666663,2.33405,7
16/09/2025 - Orchid Island,3,3,1,0.33333333333333331,0.0025883333333333335,7
16/10/2025 - Orchid Island,3,3,0,0,0,9
17/07/2025 - Orchid Island,3,3,2,0.66666666666666663,0.519377,8
18/07/2025 - Orchid Island,3,3,2,0.66666666666666663,1.3534663333333334,7
19/04/2025 - Orchid Island,3,3,2,0.66666666666666663,1.5680066666666665,6
19/06/2025 - Orchid Island,3,3,2,0.66666666666666663,0.045682,9
19/08/2025 - Orchid Island,3,3,2,0.66666666666666663,0.143064,6
20/05/2025 - Orchid Island,3,3,2,0.66666666666666663,1.148067,6
21/07/2025 - Orchid Island,3,3,2,0.66666666666666663,0.091300333333333331,7
22/05/2025 - Orchid Island,3,3,2,0.66666666666666663,1.3101363333333333,9
25/03/2025 - Orchid Island,3,3,2,0.66666666666666663,1.033381,7
26/02/2025 - Orchid Island,3,3,0,0,0,9
28/05/2025 - Orchid Island,3,3,2,0.66666666666666663,0.93676766666666678,7
29/05/2025 - Orchid Island,3,3,2,0.66666666666666663,0.47537233333333334,7
29/07/2025 - Orchid Island,3,3,2,0.66666666666666663,0.396561,7
31/10/2025 - Orchid Island,3,3,1,0.33333333333333331,0.95875233333333332,11
"Africa Investment Opportunities: From Abidjan to Johannesburg, A New Investment Narrative | Orchid Island Real Estate",3,2,2,1,41.8236595,8
Best Areas to Invest in Marrakech: Where Tradition Meets Opportunity | Orchid Island Real Estate,3,1,1,1,33.993271,5
Best Neighborhoods in Marrakech for Airbnb Investment (2025 Guide) | Orchid Island Real Estate,3,1,0,0,0,7
Buy Luxury Property in Marrakech: A Complete Guide for Foreign Buyers | Orchid Island Real Estate,3,1,1,1,160.71907,4
Buying Property in Morocco via Power of Attorney: Risks & Process (2025 Guide),3,2,2,1,212.0091615,5
Découvrez RiverPalm Villa à Marrakech : un joyau de luxe | Orchid Immobilier,3,1,1,1,819.390402,4
Exceptional Private Estate Marrakech – 4 Hectare Luxury Off Market Domain | Orchid Immobilier,3,3,3,1,33.203877,5
Exploring Morocco Eco-Tourism Investment Opportunities in 2025 | Orchid Island Real Estate,3,3,3,1,141.70686333333333,6
"Hassan, Author at Orchid Island",3,3,3,1,2.1631986666666667,4
Join Orchid Island Real Estate: Elevate Your Career on a Global Platform | Orchid Island Real Estate,3,3,1,0.33333333333333331,20.279460333333333,10
Land for Sale in Central Marrakech: R+5 Development Chance | Orchid Immobilier,3,4,4,1,341.7712665,5
Luxury Apartment for Sale in Marrakech - 147 m² Oasis,3,3,3,1,28.826938,6
Luxury Duplex for Sale in Marrakech — Off-Market Signature Residence Facing Majorelle | Orchid Immobilier,3,3,3,1,279.474991,3
Luxury Property for Sale in Marrakech | 1 Hectare Estate with 4-Star Hotel Permit | Orchid Real Estate,3,2,2,1,458.6570545,3
Luxury Residence for Sale in Casablanca | Orchid Immobilier,3,3,3,1,55.014207666666664,4
Luxury Villa for Rent in Marrakech: Modern Targa Retreat,3,3,1,0.33333333333333331,1.6821173333333332,7
Marrakech: The Hottest Real Estate Investment Destination | Orchid Island Real Estate,3,2,1,0.5,143.59976,5
Mini-Villa Marrakech: A Unique Investment Opportunity – Semi-Finished Property in Bab Ighli | Orchid Immobilier,3,4,4,0.8,7.9331498,10
Moroccan Land Tenure Systems for Foreign Buyers | Orchid Island Real Estate,3,4,4,1,362.74990325,7
"Morocco Property Playbook 2025: Ownership rules, taxes, and the smart places to buy for foreigners | Orchid Island Real Estate",3,6,0,0,2.414032,15
Paris 2 Bedroom Apartment for Sale: Haussmannian Elegance Near Champs-Élysées | Orchid Immobilier,3,2,1,0.5,94.2975425,5
Properties Archive - Page 9 of 9 - Orchid Island,3,3,1,0.33333333333333331,42.662306333333333,8
Real Estate Crowdfunding in Morocco: 2025 Investor Guide | Orchid Island Real Estate,3,3,1,0.33333333333333331,1.8504866666666666,10
Real Estate Guide - Orchid Insights - Page 11 of 26 - Orchid Island,3,3,0,0,2.430545,11
Real Estate Guide - Orchid Insights - Page 16 of 23 - Orchid Island,3,3,2,0.66666666666666663,5.7576113333333332,7
Real Estate Guide - Orchid Insights - Page 17 of 17 - Orchid Island,3,2,2,1,9.270255,5
Real Estate Guide - Orchid Insights - Page 17 of 22 - Orchid Island,3,3,2,0.66666666666666663,8.492816666666668,9
Real Estate Guide - Orchid Insights - Page 18 of 22 - Orchid Island,3,4,3,0.75,8.7005615,10
Real Estate Guide - Orchid Insights - Page 2 of 21 - Orchid Island,3,3,2,0.66666666666666663,3.7087873333333334,8
Real Estate Guide - Orchid Insights - Page 2 of 23 - Orchid Island,3,2,2,1,11.2604155,6
Real Estate Guide - Orchid Insights - Page 21 of 21 - Orchid Island,3,3,2,0.66666666666666663,8.2758833333333346,10
Real Estate Guide - Orchid Insights - Page 26 of 26 - Orchid Island,3,3,1,0.33333333333333331,23.487693666666669,9
Real Estate Guide - Orchid Insights - Page 3 of 26 - Orchid Island,3,3,0,0,1.9819933333333333,11
Real Estate Guide - Orchid Insights - Page 4 of 21 - Orchid Island,3,3,1,0.33333333333333331,2.371152,9
Real Estate Guide - Orchid Insights - Page 4 of 26 - Orchid Island,3,3,0,0,2.9301713333333335,11
Real Estate Guide - Orchid Insights - Page 6 of 25 - Orchid Island,3,3,0,0,0,9
Real Estate Guide - Orchid Insights - Page 6 of 26 - Orchid Island,3,3,0,0,0.80875933333333327,10
Riad for Sale Marrakech Medina – 11 Bedroom Boutique Property | Orchid Immobilier,3,2,2,1,27.265382,6
Smart Home Technology: Is It Worth the Investment? | Orchid Island Real Estate,3,6,3,0.5,0.39857883333333333,12
The Real Estate Flipping Morocco How to Change Riads of Marrakech into living Legacies | Orchid Island Real Estate,3,2,2,1,159.5237785,9
Tokenised Real Estate Investment in Morocco | Orchid Island Real Estate,3,2,1,0.25,105.396588,9
Uncategorized Archives - Page 3 of 21 - Orchid Island,3,3,1,0.33333333333333331,3.7136219999999995,10
Uncategorized Archives - Page 5 of 25 - Orchid Island,3,3,0,0,0,9
Understanding Urban Planning: A Key to Success in Marrakech | Orchid Island Real Estate,3,3,2,0.66666666666666663,21.061388666666666,8
Villa as Status: What Your Moroccan Property Says About You | Orchid Island Real Estate,3,2,1,0.33333333333333331,6.0331003333333335,9
Wellness Real Estate Marrakech : Spa Villas Investment,3,3,2,0.66666666666666663,6.454965333333333,7
luxury villa resort Marrakech : Experience Timeless Elegance - Orchid Island | Orchid Immobilier,3,3,3,1,108.24792066666667,7
03/10/2025 - Orchid Island,2,2,0,0,0.546166,7
06/02/2026 - Orchid Island,2,2,1,0.5,11.0177725,4
06/05/2025 - Orchid Island,2,2,2,1,0.430328,4
06/10/2025 - Orchid Island,2,2,0,0,0,6
07/08/2025 - Orchid Island,2,2,1,0.5,0.0693965,5
07/10/2025 - Orchid Island,2,2,0,0,3.304788,7
09/04/2025 - Orchid Island,2,2,0,0,0.8451335,7
10/04/2025 - Orchid Island,2,2,2,1,3.612363,4
107 m² Garden Level Apartment Marrakech for Sale – Discover Your Private Oasis - Orchid Island | Orchid Immobilier,2,3,3,1,33.021221333333337,4
12/06/2025 - Orchid Island,2,2,2,1,0.419676,4
12/09/2025 - Orchid Island,2,2,2,1,0.3006385,3
14/06/2025 - Orchid Island,2,2,2,1,0.2831825,5
16/06/2025 - Orchid Island,2,2,2,1,2.8368765,4
17/03/2026 - Orchid Island,2,2,1,0.5,3.519894,5
17/04/2025 - Orchid Island,2,2,2,1,3.5594355,4
18/09/2025 - Orchid Island,2,2,1,0.5,0.004316,5
19/05/2025 - Orchid Island,2,2,2,1,6.028419,4
19/09/2025 - Orchid Island,2,2,1,0.5,3.014747,5
22/04/2025 - Orchid Island,2,2,2,1,1.3399555,4
23/10/2025 - Orchid Island,2,2,0,0,0.7129095,7
27/04/2026 - Orchid Island,2,2,1,0.5,758.5460895,5
29/10/2025 - Orchid Island,2,2,1,0.5,3.050562,6
Aging In Place in Morocco: Designing Homes for Seniors | Orchid Island Real Estate,2,1,0,0,0,5
Agrotourism Property Morocco: Profitable Investments | Orchid Island Real Estate,2,3,1,0.33333333333333331,4.4615436666666666,7
Appartement Moderne Marrakech : 147 m² Luxury Apartment | Orchid Immobilier,2,1,1,1,39.395016,2
Architectural Canvas: How Walls Speak the Language of Prestige | Orchid Island Real Estate,2,2,0,0,0,6
Emerging Secondary Towns Near Marrakech for Property Investment: 2025 Guide,2,2,2,1,6.197523,2
Environmental Awareness Days: Insights from Crocologies 2025 in Agadir | Orchid Island Real Estate,2,1,2,1,25.127624,6
Escrow Account for Property Purchases in Morocco: 2025 Guide,2,2,1,0.5,72.023685,6
Exceptional Investment Riad in Sidi Mimoun – Marrakech Medina | Orchid Real Estate,2,2,2,1,15.750722,2
Exclusive 3-Bedroom Villa for Sale Marrakech Golf City - Private Pool Opportunity | Orchid Immobilier,2,2,2,1,275.595554,4
Exclusive Lot for Sale on Route de l’Ourika in Marrakech – 1 Hectare | Orchid Immobilier,2,3,3,1,65.940679666666668,6
Foreigners in Morocco: Visa and Residence Permit | Orchid Island Real Estate,2,2,2,0.5,54.3582655,10
GITEX Africa 2025: A Landmark Event for Digital Transformation in Africa | Orchid Island Real Estate,2,3,1,0.33333333333333331,0,7
"Imóveis de luxo em Marrakech | Vilas, Riads e propriedades para investimento | Ilha das Orquídeas",2,1,1,1,39.035549,4
July 2025 - Orchid Island,2,2,2,1,8.65595,5
Living as an Expat in Morocco: A Journey of Discovery and Connection | Orchid Island Real Estate,2,4,1,0.2,40.0621422,10
Location longue durée à Marrakech : les quartiers les plus recherchés | Orchid Island Real Estate,2,2,1,0.5,7.5898775,5
"Luxury Hotel for Sale in Essaouira | Prestigious Estate of 4,430 m² | Orchid Real Estate",2,2,2,1,17.4298015,2
Luxury Shopping Expansion in a Rapidly Growing City | Orchid Island Real Estate,2,10,7,0.7,101.7805083,16
Luxury Villa for Rent in Marrakech: Contemporary Villa Marrakech | Orchid Immobilier,2,3,3,1,62.994922666666668,4
Modern Luxury Penthouse in Casablanca Marina | Orchid Island Real Estate,2,1,1,1,229.887895,3
Moroccan Cuisine: A Rich Tapestry of Flavors and Traditions | Orchid Island Real Estate,2,2,0,0,0,6
Moroccan Rooftop Terraces: The Future of Luxury Urban Living | Orchid Island Real Estate,2,3,2,0.66666666666666663,18.95496,8
Morocco Real Estate Market Sees Dynamic Shifts in April 2025​ | Orchid Island Real Estate,2,2,0,0,0,6
Morocco Tax Reform 2026 & Property Investment | Orchid Island Real Estate,2,1,1,1,1500.772439,2
Morocco or Portugal – Where should you invest in real estate in 2025? | Orchid Island Real Estate,2,4,1,0.25,5.457424,9
Off Market Property Archives - Orchid Island,2,2,0,0,0,6
Off-Market Luxury Villa Marrakech | Exclusive Private Estate | Orchid Immobilier,2,2,1,0.5,155.228115,6
Old Moroccan Money Style Meets Modern Luxury | Orchid Island Real Estate,2,7,5,0.7142857142857143,12.613745142857143,11
"OrchidTeam, Author at Orchid Island",2,2,1,0.5,0.1441055,7
Pickalbatros Palais des Roses Reopens in Agadir: A New Era in Luxury Hotels | Orchid Island Real Estate,2,3,2,0.66666666666666663,265.92550266666666,5
Pool House Archives - Orchid Island,2,2,0,0,0,6
Premium Targa Residences: 5 Reasons to Choose Luxury Living in Targa | Orchid Island Real Estate,2,3,3,1,34.368426333333332,6
Properties Archive - Page 2 of 9 - Orchid Island,2,2,0,0,3.413718,8
Properties Archive - Page 3 of 7 - Orchid Island,2,2,0,0,0,6
Properties Archive - Page 3 of 8 - Orchid Island,2,2,0,0,1.7335005,7
Properties Archive - Page 3 of 9 - Orchid Island,2,2,0,0,0,6
Properties Archive - Page 4 of 9 - Orchid Island,2,2,0,0,1.571156,7
Properties Archive - Page 5 of 9 - Orchid Island,2,2,0,0,1.5858135,7
Properties Archive - Page 6 of 9 - Orchid Island,2,2,0,0,6.6233865,8
Properties Archive - Page 8 of 9 - Orchid Island,2,2,0,0,1.545966,7
Propiedades | Isla Orquídea - Bienes raíces de lujo,2,2,2,1,54.324201,2
"RAPPORT D'AUDIT Audit fonctionnel, sécurité et performance www.orchidisland.immo | Orchid Island Real Estate",2,1,1,1,252.357309,4
Real Estate Guide - Orchid Insights - Page 10 of 22 - Orchid Island,2,2,1,0.5,2.876352,6
Real Estate Guide - Orchid Insights - Page 10 of 26 - Orchid Island,2,2,0,0,5.142036,8
Real Estate Guide - Orchid Insights - Page 11 of 22 - Orchid Island,2,2,1,0.5,7.0039215000000006,6
Real Estate Guide - Orchid Insights - Page 12 of 22 - Orchid Island,2,2,1,0.5,6.5022835,5
Real Estate Guide - Orchid Insights - Page 12 of 26 - Orchid Island,2,2,0,0,1.84123,7
Real Estate Guide - Orchid Insights - Page 13 of 17 - Orchid Island,2,1,1,1,31.74159,4
Real Estate Guide - Orchid Insights - Page 13 of 22 - Orchid Island,2,2,1,0.5,3.186917,6
Real Estate Guide - Orchid Insights - Page 13 of 26 - Orchid Island,2,2,0,0,3.312212,8
Real Estate Guide - Orchid Insights - Page 14 of 17 - Orchid Island,2,1,1,1,14.846712,4
Real Estate Guide - Orchid Insights - Page 14 of 22 - Orchid Island,2,2,1,0.5,2.9896599999999998,6
Real Estate Guide - Orchid Insights - Page 14 of 26 - Orchid Island,2,2,0,0,2.1320025,7
Real Estate Guide - Orchid Insights - Page 15 of 19 - Orchid Island,2,1,2,1,14.007156,4
Real Estate Guide - Orchid Insights - Page 15 of 22 - Orchid Island,2,2,1,0.5,3.0647275,6
Real Estate Guide - Orchid Insights - Page 15 of 23 - Orchid Island,2,2,2,1,9.2452405,4
Real Estate Guide - Orchid Insights - Page 15 of 26 - Orchid Island,2,2,0,0,0,6
Real Estate Guide - Orchid Insights - Page 16 of 22 - Orchid Island,2,2,1,0.5,3.1566,6
Real Estate Guide - Orchid Insights - Page 16 of 26 - Orchid Island,2,2,0,0,1.018123,7
Real Estate Guide - Orchid Insights - Page 17 of 23 - Orchid Island,2,2,2,1,15.8926285,5
Real Estate Guide - Orchid Insights - Page 17 of 26 - Orchid Island,2,2,0,0,0,6
Real Estate Guide - Orchid Insights - Page 18 of 23 - Orchid Island,2,2,2,1,8.09444,4
Real Estate Guide - Orchid Insights - Page 18 of 26 - Orchid Island,2,2,0,0,0,6
Real Estate Guide - Orchid Insights - Page 19 of 26 - Orchid Island,2,2,0,0,1.1677705,7
Real Estate Guide - Orchid Insights - Page 2 of 18 - Orchid Island,2,1,1,1,32.435519,4
Real Estate Guide - Orchid Insights - Page 2 of 22 - Orchid Island,2,2,1,0.5,0.0476685,4
Real Estate Guide - Orchid Insights - Page 20 of 21 - Orchid Island,2,2,1,0.5,1.0341695,5
Real Estate Guide - Orchid Insights - Page 20 of 26 - Orchid Island,2,2,0,0,0,6
Real Estate Guide - Orchid Insights - Page 22 of 24 - Orchid Island,2,1,1,1,21.480901,5
Real Estate Guide - Orchid Insights - Page 22 of 26 - Orchid Island,2,2,0,0,4.1317915,8
Real Estate Guide - Orchid Insights - Page 23 of 26 - Orchid Island,2,2,0,0,1.0887025,7
Real Estate Guide - Orchid Insights - Page 24 of 26 - Orchid Island,2,2,0,0,0,6
Real Estate Guide - Orchid Insights - Page 25 of 26 - Orchid Island,2,2,0,0,0,6
Real Estate Guide - Orchid Insights - Page 3 of 17 - Orchid Island,2,1,1,1,28.27465,4
Real Estate Guide - Orchid Insights - Page 3 of 20 - Orchid Island,2,2,2,1,8.846187,6
Real Estate Guide - Orchid Insights - Page 3 of 21 - Orchid Island,2,2,1,0.5,2.9566315,6
Real Estate Guide - Orchid Insights - Page 3 of 23 - Orchid Island,2,1,1,1,10.142785,4
Real Estate Guide - Orchid Insights - Page 4 of 19 - Orchid Island,2,1,2,1,19.756515,4
Real Estate Guide - Orchid Insights - Page 4 of 22 - Orchid Island,2,2,1,0.5,0.00378,5
Real Estate Guide - Orchid Insights - Page 5 of 17 - Orchid Island,2,1,1,1,15.124182,4
Real Estate Guide - Orchid Insights - Page 5 of 22 - Orchid Island,2,2,2,1,47.5200605,4
Real Estate Guide - Orchid Insights - Page 6 of 22 - Orchid Island,2,2,1,0.5,3.2578210000000003,6
Real Estate Guide - Orchid Insights - Page 6 of 23 - Orchid Island,2,1,1,1,8.862906,4
Real Estate Guide - Orchid Insights - Page 7 of 19 - Orchid Island,2,1,2,1,16.8554665,4
Real Estate Guide - Orchid Insights - Page 7 of 22 - Orchid Island,2,2,1,0.5,2.926939,6
Real Estate Guide - Orchid Insights - Page 7 of 26 - Orchid Island,2,2,1,0.5,6.5814525,7
Real Estate Guide - Orchid Insights - Page 8 of 22 - Orchid Island,2,2,1,0.5,2.8610889999999998,6
Real Estate Guide - Orchid Insights - Page 8 of 25 - Orchid Island,2,2,1,0.5,242.7696495,7
Real Estate Guide - Orchid Insights - Page 8 of 26 - Orchid Island,2,2,0,0,2.2360635,8
Real Estate Guide - Orchid Insights - Page 9 of 19 - Orchid Island,2,1,2,0.66666666666666663,7.1879563333333332,5
Real Estate Guide - Orchid Insights - Page 9 of 22 - Orchid Island,2,2,1,0.5,3.5668485,6
Real Estate Guide - Orchid Insights - Page 9 of 26 - Orchid Island,2,2,0,0,2.092052,8
Real Estate Investment in Morocco’s Desert Regions (Merzouga & Zagora) | Orchid Island Real Estate,2,3,3,0.75,13.67229775,8
Riad Archives - Orchid Island,2,2,0,0,0,6
Riad for Sale in Marrakech Medina | Orchid Immobilier,2,2,2,1,89.079945,3
Sale Archives - Page 3 of 5 - Orchid Island,2,1,1,1,48.252728,3
Sale Archives - Page 4 of 5 - Orchid Island,2,2,1,0.5,27.7535225,7
Shop Archives - Orchid Island,2,2,0,0,0,6
"Stage en visualisation architecturale 3D, CGI et Unreal Engine – Marrakech | Carrières Orchid Island Real Estate",2,4,8,1,380.02042475,11
The Backbone of Morocco’s Transportation: The Railway Network in Morocco | Orchid Island Real Estate,2,2,1,0.5,4.384762,5
The Role of Notaries in Moroccan Real Estate: A Complete Guide | Orchid Island Real Estate,2,2,0,0,0,6
UAE Investment Projects Marrakech: Luxury Investment Growth | Orchid Island Real Estate,2,1,1,1,3.781984,4
Ultimate Luxury Villa in Marrakech | Orchid Island Real Estate,2,1,1,1,819.051642,6
Uncategorized Archives - Page 10 of 21 - Orchid Island,2,2,1,0.5,2.986259,5
Uncategorized Archives - Page 11 of 21 - Orchid Island,2,2,1,0.5,2.9397245,5
Uncategorized Archives - Page 12 of 21 - Orchid Island,2,2,1,0.5,3.1781625,6
Uncategorized Archives - Page 13 of 21 - Orchid Island,2,2,1,0.5,2.819293,6
Uncategorized Archives - Page 14 of 21 - Orchid Island,2,2,1,0.5,3.2256,6
Uncategorized Archives - Page 15 of 21 - Orchid Island,2,2,1,0.5,2.9419310000000003,6
Uncategorized Archives - Page 16 of 21 - Orchid Island,2,2,1,0.5,3.109263,6
Uncategorized Archives - Page 17 of 21 - Orchid Island,2,2,1,0.5,3.1071435,6
Uncategorized Archives - Page 18 of 21 - Orchid Island,2,2,1,0.5,2.873955,6
Uncategorized Archives - Page 19 of 21 - Orchid Island,2,2,1,0.5,4.636277,8
Uncategorized Archives - Page 2 of 21 - Orchid Island,2,2,2,1,9.5856995,6
Uncategorized Archives - Page 2 of 22 - Orchid Island,2,2,1,0.5,0.0538055,5
Uncategorized Archives - Page 20 of 21 - Orchid Island,2,2,1,0.5,3.542716,6
Uncategorized Archives - Page 21 of 21 - Orchid Island,2,2,1,0.5,3.183527,6
Uncategorized Archives - Page 21 of 25 - Orchid Island,2,2,0,0,0,6
Uncategorized Archives - Page 24 of 25 - Orchid Island,2,2,0,0,0,6
Uncategorized Archives - Page 4 of 21 - Orchid Island,2,2,1,0.5,0.0074355,5
Uncategorized Archives - Page 4 of 22 - Orchid Island,2,2,1,0.5,0.198854,5
Uncategorized Archives - Page 5 of 21 - Orchid Island,2,2,1,0.5,2.8744725,6
Uncategorized Archives - Page 6 of 21 - Orchid Island,2,2,1,0.5,2.9400815,6
Uncategorized Archives - Page 7 of 21 - Orchid Island,2,2,1,0.5,3.0851475,6
Uncategorized Archives - Page 8 of 21 - Orchid Island,2,2,1,0.5,3.9958925,6
Uncategorized Archives - Page 8 of 22 - Orchid Island,2,2,1,0.5,0.325296,5
Uncategorized Archives - Page 9 of 21 - Orchid Island,2,2,1,0.5,2.7894785,6
Unique Opportunity: Corner Plot Villa in Marrakech | Orchid Immobilier,2,1,1,1,225.154529,2
Unlocking Opportunity: The New Era of Japan–Morocco Investment | Orchid Island Real Estate,2,14,12,0.8571428571428571,23.998214214285717,20
Unparalleled Luxury Villa Marrakech: Villa Premium for Sale. | Orchid Immobilier,2,2,2,1,25.4330605,2
Vacation Rentals in Marrakech: What You Need to Know Before Booking | Orchid Island Real Estate,2,2,0,0,0,6
Vertical Farming Morocco: Integrating Sustainable Agriculture into Luxury Residential Complexes | Orchid Island Real Estate,2,2,2,0.5,5.63118725,9
"Villa in Morocco Marrakech – Luxury, Atlas Views & High Rental Yield | Orchid Immobilier",2,2,1,0.5,18.346221,5
Virtual Staging in Morocco: Property Visualization Tools,2,2,1,0.5,13.1659045,7
What is the best investment in real estate? Morocco or Spain?Property Guide 2025: Morocco vs. Spain | Orchid Island Real Estate,2,2,2,1,32.5673415,6
Where to Find the Most Beautiful Riads for Sale in Morocco? | Orchid Island Real Estate,2,4,2,0.5,305.288367,8
Who Owns Marrakech? | Orchid Island Real Estate,2,2,0,0,0,6
Why Morocco Has Become a Strategic Real Estate Investment Destination in North Africa | Orchid Island Real Estate,2,3,1,0.33333333333333331,0,7
عقارات | جزيرة أوركيد - عقارات فاخرة,2,1,1,1,35.484844,2
مدونة العقارات | جزيرة الأوركيد - رؤى عقارية فاخرة,2,2,2,1,10.2583585,2
(not set),1,2,3,1,156.188848,3
08/11/2025 - Orchid Island,1,1,0,0,0,3
10/10/2025 - Orchid Island,1,1,0,0,1.00358,4
10/11/2025 - Orchid Island,1,1,0,0,0,3
13/10/2025 - Orchid Island,1,1,0,0,0,3
14/04/2026 - Orchid Island,1,1,0,0,0,3
16/03/2026 - Orchid Island,1,1,0,0,0,3
17/10/2025 - Orchid Island,1,1,0,0,0,3
19/02/2026 - Orchid Island,1,1,0,0,0,3
2025年非洲房地产展望 - 兰花岛,1,1,0,0,0,3
21/10/2025 - Orchid Island,1,1,0,0,1.444668,4
24/04/2026 - Orchid Island,1,1,0,0,0,3
27/02/2025 - Orchid Island,1,1,0,0,3.043683,4
3 Bedroom Apartment Prestigia Jade – Excellent Opportunity | Orchid Immobilier,1,1,1,1,11.432779,4
50m Swimming Pool Archives - Orchid Island,1,1,0,0,0,3
6 Smart Insurance Policy Comparison Morocco Tips Today | Orchid Island Real Estate,1,1,0,0,0,3
A Prestigious Opportunity – Premium Commercial Space in Marrakech’s For Rent in Industrial District | Orchid Immobilier,1,1,1,1,27.53202,4
A Quiet Contender for Global Investment: 7 Strategic Reasons Why Morocco Is Emerging as a Leading Destination | Orchid Island Real Estate,1,2,3,1,1.7915473333333332,4
Admin - Orchid Island,1,1,0,0,0,3
Africa investment Archives - Orchid Island,1,1,0,0,0,3
Airbnb subletting in Morocco: generate income with a rented property | Orchid Island Real Estate,1,1,1,1,0,2
Amazing 2.6 Hectare Land for Sale in Marrakech – Perfect for an Elegant Residential Project | Orchid Immobilier,1,2,2,1,24.245737,2
Apartment for Sale in Marrakech: High-End 118m² Property,1,1,1,1,4.701698,1
Apartments vs Luxury Villas Marrakech: Which Is the Best Real Estate Investment? | Orchid Island Real Estate,1,1,0,0,0,3
Asociación entre Marruecos y Rusia: Entrevista a Hassan AL KHAYER - Isla Orquídea,1,1,1,1,125.779467,2
Aviation Led Urban Growth Morocco Boosts Real Estate | Orchid Island Real Estate,1,1,0,0,0,3
Built-in Wardrobes Archives - Orchid Island,1,1,0,0,0,3
Buy Property in Morocco: Why Europeans Are Investing in This North African Gem ? | Orchid Island Real Estate,1,2,2,1,35.1883545,5
Buyer’s Guide to Gueliz: Modern Living in Marrakech Real Estate | Orchid Island Real Estate,1,1,1,1,51.405317,4
Can Foreigners Buy Property in Morocco? Your Ultimate Guide to Owning Real Estate in 2025 | Orchid Island Real Estate,1,3,2,0.66666666666666663,26.929759333333333,4
Carrières & Offres d'emploi | Immobilier sur l’Île des Orchidées,1,1,1,1,2.63341,2
Comntemporary Architecture Archives - Orchid Island,1,1,0,0,0,3
Contactez-nous - Orchid Island,1,21,19,0.86363636363636365,134.52116740909091,30
Desert Activities in Agafay: A New Frontier for Luxury Tourism and Investment | Orchid Island Real Estate,1,3,2,0.66666666666666663,2.4856206666666667,5
Discover 7 Smart School Centric Housing Morocco Trends | Orchid Island Real Estate,1,1,1,1,1224.530393,2
Domaine de luxe Marrakech - Domaine VNA exceptionnel de 4 hectares avec villa et parcelles divisibles - Orchid Island | Orchid Immobilier,1,1,1,1,19.580011,1
Educational Facility Archives - Orchid Island,1,1,0,0,0,3
Educational use (school) Archives - Orchid Island,1,1,0,0,0,3
Emerging Real Estate Markets in Africa for 2025 | Orchid Island Real Estate,1,2,1,0.5,10.70433,4
Essential Landlord Responsibilities: 5 Key Steps for Success | Orchid Island Real Estate,1,1,0,0,0,3
Exceptional Commercial Property for Sale in Gueliz Marrakech – Prime 100m² Retail Opportunity on Rue Mohamed El Bekal - Orchid Island | Orchid Immobilier,1,1,1,1,13.889498,4
Exclusive Property for Sale in Marrakech – Rare Investment Opportunity | Orchid Immobilier,1,2,2,1,26.037264,2
Find the Best Remote Work Sanctuary Property in Morocco | Orchid Island Real Estate,1,1,0,0,0,3
GITEX Africa 2025: Orchid Island Real Estate at the Forefront of Real Estate Innovation | Orchid Island Real Estate,1,1,0,0,0,3
Gym Archives - Orchid Island,1,1,0,0,0,3
"Hassan, Author at Orchid Island - Page 10 of 20",1,1,1,1,0.825479,2
"Hassan, Author at Orchid Island - Page 11 of 20",1,1,1,1,1.737406,2
"Hassan, Author at Orchid Island - Page 12 of 20",1,1,1,1,0.542553,2
"Hassan, Author at Orchid Island - Page 13 of 20",1,1,1,1,0.02317,2
"Hassan, Author at Orchid Island - Page 14 of 20",1,1,1,1,0.181786,1
"Hassan, Author at Orchid Island - Page 15 of 20",1,1,1,1,0.010314,2
"Hassan, Author at Orchid Island - Page 16 of 20",1,1,1,1,0.03365,2
"Hassan, Author at Orchid Island - Page 17 of 20",1,1,1,1,2.044114,2
"Hassan, Author at Orchid Island - Page 18 of 20",1,1,1,1,0.512127,1
"Hassan, Author at Orchid Island - Page 19 of 20",1,1,1,1,0.32394,2
"Hassan, Author at Orchid Island - Page 2 of 20",1,1,1,1,1.025769,1
"Hassan, Author at Orchid Island - Page 20 of 20",1,1,1,1,0.109389,2
"Hassan, Author at Orchid Island - Page 3 of 20",1,1,1,1,0.710511,2
"Hassan, Author at Orchid Island - Page 4 of 20",1,1,1,1,0.000545,1
"Hassan, Author at Orchid Island - Page 6 of 20",1,1,1,1,1.428667,2
"Hassan, Author at Orchid Island - Page 7 of 20",1,1,1,1,3.840741,2
"Hassan, Author at Orchid Island - Page 8 of 20",1,1,1,1,4.991824,1
"Hassan, Author at Orchid Island - Page 9 of 20",1,1,1,1,2.91482,1
How Non-Agricultural Land Use Drives Real Estate Development | Orchid Island Real Estate,1,2,1,0.5,0,4
How to Buy Property Online In Morocco: The Digital Transformation of Real Estate | Orchid Island Real Estate,1,3,2,0.66666666666666663,27.173413333333333,5
Ifrane’s Learning Festival 2025: A Celebration of Innovation and Knowledge at Al Akhawayn University | Orchid Island Real Estate,1,1,0,0,0,3
Immobiliare Marrakech – Isola delle Orchidee | Proprietà di lusso,1,0,0,0,0,2
Impact of Monetary Policy on Morocco’s Real Estate in 2025 | Orchid Island Real Estate,1,1,0,0,0,3
Infinity Pool Archives - Orchid Island,1,1,0,0,0,3
Institutional-Grade Asset Archives - Orchid Island,1,1,0,0,0,3
"Inversión inmobiliaria: Marrakech, el paraíso por excelencia - Isla Orquídea",1,1,1,1,0,3
Invest in Marrakech: A Strategic Plot on Ourika Road | Orchid Immobilier,1,1,1,1,12.11703,1
"Investitionsmöglichkeit: Villen, Hotels und Residenzen in Marokko – Orchideeninsel",1,1,1,1,8.015668,4
KSAR ABIAD : Exceptionnal Palace | Orchid Immobilier,1,1,1,1,301.997769,1
Koop onroerend goed in Marrakesh – Is 2025 het juiste moment om te investeren? - Orchid Island,1,7,6,0.75,70.88430475,11
Kup nieruchomość w Marrakeszu – czy rok 2025 to dobry czas na inwestycję? - Orchid Island,1,2,2,1,22.4329405,4
Lake View Archives - Orchid Island,1,1,0,0,0,3
Large living room Archives - Orchid Island,1,1,0,0,0,3
Les meilleurs quartiers de Marrakech : les 10 zones de luxe les plus rentables,1,63,55,0.859375,113.30362651562501,70
Luxury Real Estate Smart Technology: The ultimate rise | Orchid Island Real Estate,1,2,1,0.5,0,4
Luxury Villa for Sale in Chaweng Noi Koh Samui – The House of Koh Koon - Orchid Island | Orchid Immobilier,1,2,2,0.66666666666666663,47.241996,4
"Luxury Villas for Sale on RCZ Road, Marrakech: Exclusive Property 2025",1,1,1,1,3.773266,2
Magnifique villa à RiverPalm : un cadre de vie luxueux avec des vues à couper le souffle - Orchid Island,1,7,5,0.7142857142857143,30.593906999999998,10
Mansion Marrakech : 7 Powerful Reasons to Invest Now,1,1,1,1,17.862253,4
"Marakeş'te Lüks Gayrimenkul | Villalar, Riadlar ve Yatırım Amaçlı Gayrimenkuller | Orkide Adası",1,1,0,0,0,3
Marché immobilier de Marrakech 2025 : Tendances et prévisions - Orchid Island,1,1,1,1,39.082427,2
Marrakech Land for Sale – The Exclusive Region for Morocco’s Premier Investment. | Orchid Immobilier,1,1,0,0,0,3
Marrakech Outdoor Living Trends: How Demand Shapes Property Design | Orchid Island Real Estate,1,1,0,0,0,3
Marrakech Real Estate Investment 2026 : Trends Shaping Global Capital Strategies | Orchid Island Real Estate,1,4,4,0.8,13.805605,6
Marrakech Real Estate Market: Best Investment Destination in 2025 | Orchid Island Real Estate,1,3,2,0.66666666666666663,0.80497833333333324,5
"Marrakech, an Imperial City | Orchid Island Real Estate",1,1,0,0,0,3
Morocco Real Estate Investment: What Smart Investors Are Doing in 2025 | Orchid Island Real Estate,1,1,0,0,0,3
Morocco Renewable Energy Real Estate: How Projects Drive Market Growth | Orchid Island Real Estate,1,1,1,1,1010.647124,4
Mountain View (penthouses) Archives - Orchid Island,1,1,0,0,0,3
Mountain View Archives - Orchid Island,1,1,0,0,0,3
Nemovitosti Marrákeš – Orchidejový ostrov | Luxusní nemovitosti,1,1,1,1,73.979714,3
O Morocco Mall Marrakech é um destino de compras de luxo? - Ilha das Orquídeas,1,1,1,1,0,3
Olive Trees Archives - Orchid Island,1,1,0,0,0,3
Open Plan Living Area Archives - Orchid Island,1,1,0,0,0,3
Optimized Layout Archives - Orchid Island,1,1,0,0,0,3
Orchid Island Investering: Ontgrendel unieke groeikansen,1,1,1,1,20.74314,3
Park View Archives - Orchid Island,1,1,0,0,0,3
Prestigious Apartment for sale Marrakech – Lycée Victor Hugo Area | Orchid Immobilier,1,2,1,0.5,6.448732,4
Price Appreciation Trends in the Real Estate Market After World Cup | Orchid Island Real Estate,1,2,1,0.5,0,4
Prime Land for Sale in Marrakech – 484 m² in Janat Azaitoun Lifestyle Destination | Orchid Immobilier,1,1,1,1,13.339929,1
"Prime land for sale-Marrakech, Chouiter. | Orchid Immobilier",1,2,1,0.5,7.6031915,5
Prime location Archives - Orchid Island,1,1,0,0,0,3
"Properti Mewah di Marrakech | Vila, Riad & Properti Investasi | Pulau Orchid",1,1,0,0,0,3
Properties Archive - Page 2 of 7 - Orchid Island,1,1,0,0,0,3
Properties Archive - Page 2 of 8 - Orchid Island,1,1,0,0,3.636601,4
Properties Archive - Page 4 of 7 - Orchid Island,1,1,0,0,0,3
Properties Archive - Page 5 of 8 - Orchid Island,1,1,0,0,0,3
Properties Archive - Page 7 of 7 - Orchid Island,1,1,0,0,0,3
Properties Archive - Page 7 of 9 - Orchid Island,1,1,0,0,3.495291,4
Property ROI Morocco Portugal: Comparing Luxury Real Estate Markets in 2025 | Orchid Island Real Estate,1,2,1,0.5,0,4
Propiedad de lujo en venta en Marrakech | Finca de 1 hectárea con permiso para hotel de 4 estrellas | Orchid Real Estate,1,1,1,1,58.089117,1
R+5 building Archives - Orchid Island,1,1,0,0,0,3
Real Estate Guide - Orchid Insights - Page 10 of 19 - Orchid Island,1,1,1,0.5,71.641617,3
Real Estate Guide - Orchid Insights - Page 10 of 21 - Orchid Island,1,1,1,1,6.395695,2
Real Estate Guide - Orchid Insights - Page 11 of 20 - Orchid Island,1,1,1,1,0.240773,1
Real Estate Guide - Orchid Insights - Page 11 of 21 - Orchid Island,1,1,1,1,0.027828,2
Real Estate Guide - Orchid Insights - Page 12 of 19 - Orchid Island,1,1,1,1,25.775972,2
Real Estate Guide - Orchid Insights - Page 12 of 20 - Orchid Island,1,1,1,1,1.137537,2
Real Estate Guide - Orchid Insights - Page 12 of 21 - Orchid Island,1,1,1,1,0.312476,4
Real Estate Guide - Orchid Insights - Page 12 of 23 - Orchid Island,1,0,0,0,0,2
Real Estate Guide - Orchid Insights - Page 12 of 25 - Orchid Island,1,1,0,0,0,3
Real Estate Guide - Orchid Insights - Page 13 of 19 - Orchid Island,1,1,1,1,25.217834,2
Real Estate Guide - Orchid Insights - Page 13 of 20 - Orchid Island,1,1,1,1,0.182668,2
Real Estate Guide - Orchid Insights - Page 13 of 21 - Orchid Island,1,1,1,1,0.221503,2
Real Estate Guide - Orchid Insights - Page 14 of 19 - Orchid Island,1,1,1,1,94.042038,2
Real Estate Guide - Orchid Insights - Page 14 of 20 - Orchid Island,1,1,1,1,0.473589,1
Real Estate Guide - Orchid Insights - Page 14 of 21 - Orchid Island,1,1,1,1,6.084906,2
Real Estate Guide - Orchid Insights - Page 15 of 17 - Orchid Island,1,1,1,1,10.753616,2
Real Estate Guide - Orchid Insights - Page 15 of 20 - Orchid Island,1,1,1,1,3.313534,2
Real Estate Guide - Orchid Insights - Page 15 of 21 - Orchid Island,1,1,1,1,0.769442,2
Real Estate Guide - Orchid Insights - Page 16 of 17 - Orchid Island,1,1,1,1,10.642135,2
Real Estate Guide - Orchid Insights - Page 16 of 20 - Orchid Island,1,1,1,1,5.672025,2
Real Estate Guide - Orchid Insights - Page 16 of 21 - Orchid Island,1,1,1,1,0.145876,2
Real Estate Guide - Orchid Insights - Page 17 of 19 - Orchid Island,1,1,2,1,2.736027,3
Real Estate Guide - Orchid Insights - Page 17 of 20 - Orchid Island,1,1,1,1,0.180148,2
Real Estate Guide - Orchid Insights - Page 17 of 21 - Orchid Island,1,1,1,1,1.315696,2
Real Estate Guide - Orchid Insights - Page 18 of 19 - Orchid Island,1,1,1,1,17.597201,2
Real Estate Guide - Orchid Insights - Page 18 of 20 - Orchid Island,1,1,1,1,6.003595,1
Real Estate Guide - Orchid Insights - Page 18 of 21 - Orchid Island,1,1,1,1,0.143559,2
Real Estate Guide - Orchid Insights - Page 19 of 20 - Orchid Island,1,1,1,1,2.750138,2
Real Estate Guide - Orchid Insights - Page 19 of 21 - Orchid Island,1,1,1,1,0.972749,2
Real Estate Guide - Orchid Insights - Page 2 of 20 - Orchid Island,1,1,1,1,1.48689,2
Real Estate Guide - Orchid Insights - Page 20 of 20 - Orchid Island,1,1,1,1,3.190405,2
Real Estate Guide - Orchid Insights - Page 20 of 24 - Orchid Island,1,1,1,1,20.74217,3
Real Estate Guide - Orchid Insights - Page 20 of 25 - Orchid Island,1,1,1,1,12.851019,2
Real Estate Guide - Orchid Insights - Page 21 of 23 - Orchid Island,1,1,1,1,10.720443,2
Real Estate Guide - Orchid Insights - Page 21 of 24 - Orchid Island,1,1,1,1,6.787619,2
Real Estate Guide - Orchid Insights - Page 21 of 25 - Orchid Island,1,1,1,1,40.511288,3
Real Estate Guide - Orchid Insights - Page 22 of 25 - Orchid Island,1,1,1,1,24.955578,3
Real Estate Guide - Orchid Insights - Page 24 of 24 - Orchid Island,1,1,1,1,5.948816,2
Real Estate Guide - Orchid Insights - Page 24 of 25 - Orchid Island,1,1,0,0,0,3
Real Estate Guide - Orchid Insights - Page 3 of 19 - Orchid Island,1,1,1,1,21.730764,2
Real Estate Guide - Orchid Insights - Page 3 of 22 - Orchid Island,1,1,1,1,0.005,2
Real Estate Guide - Orchid Insights - Page 4 of 20 - Orchid Island,1,1,1,1,0.925784,1
Real Estate Guide - Orchid Insights - Page 4 of 23 - Orchid Island,1,1,0,0,0,3
Real Estate Guide - Orchid Insights - Page 5 of 19 - Orchid Island,1,1,1,1,11.445206,2
Real Estate Guide - Orchid Insights - Page 5 of 20 - Orchid Island,1,1,1,1,2.92795,1
Real Estate Guide - Orchid Insights - Page 5 of 21 - Orchid Island,1,1,1,1,5.360328,2
Real Estate Guide - Orchid Insights - Page 6 of 17 - Orchid Island,1,1,1,1,759.95922,2
Real Estate Guide - Orchid Insights - Page 6 of 19 - Orchid Island,1,1,1,1,22.027895,2
Real Estate Guide - Orchid Insights - Page 6 of 20 - Orchid Island,1,1,1,1,0.202214,2
Real Estate Guide - Orchid Insights - Page 6 of 21 - Orchid Island,1,1,1,1,5.686167,4
Real Estate Guide - Orchid Insights - Page 7 of 20 - Orchid Island,1,1,1,1,0.451933,2
Real Estate Guide - Orchid Insights - Page 7 of 21 - Orchid Island,1,1,1,1,0.000852,1
Real Estate Guide - Orchid Insights - Page 7 of 25 - Orchid Island,1,1,0,0,0,3
Real Estate Guide - Orchid Insights - Page 8 of 19 - Orchid Island,1,1,1,1,18.710642,2
Real Estate Guide - Orchid Insights - Page 8 of 20 - Orchid Island,1,1,1,1,0.323247,2
Real Estate Guide - Orchid Insights - Page 8 of 21 - Orchid Island,1,1,1,1,0.006594,2
Real Estate Guide - Orchid Insights - Page 9 of 20 - Orchid Island,1,1,1,1,0.103203,2
Real Estate Guide - Orchid Insights - Page 9 of 21 - Orchid Island,1,1,1,1,0,3
Real Estate Investment Strategies for Beginners: A Comprehensive Guide | Orchid Island Real Estate,1,1,0,0,0,3
Real Estate Marrakech – Orchid Island | Premium & Luxury Properties - Orchid Island,1,1,0,0,0,3
Real Estate in Morocco: Opportunities and Challenges Shaping the Future | Orchid Island Real Estate,1,1,0,0,0,3
Renovation vs New Villas : What Investors Should Know ? | Orchid Island Real Estate,1,1,0,0,0,3
Rent Income Marrakech Maximize Returns by using Local Agency Local Agency | Orchid Island Real Estate,1,1,0,0,0,3
Restaurant Spaces Archives - Orchid Island,1,1,0,0,0,3
Retirement Properties in Marrakech: 2025 Guide for Expats and Investors | Orchid Island Real Estate,1,2,1,0.5,252.990676,4
Riad Lalla Mira à Essaouira : maison d’hôtes de charme clé en main à vendre | Orchid Immobilier,1,1,1,1,885.829241,2
Riad Villa Marrakech: The Ultimate Showdown Between Villas and Riads | Orchid Island Real Estate,1,1,0,0,0,3
Riad de inversión excepcional en Sidi Mimoun – Medina de Marrakech | Orchid Real Estate,1,1,1,1,5.325813,1
Sale Archives - Page 2 of 6 - Orchid Island,1,1,0,0,0,3
Sale Archives - Page 3 of 6 - Orchid Island,1,1,0,0,0,3
Sale Archives - Page 4 of 6 - Orchid Island,1,1,0,0,0,3
Sale Property Archives - Orchid Island,1,1,0,0,0,3
Salon de thé clé en main à vendre Marrakech 105m² + 63m² Mezzanine + 35m² Terrasse 2 000 000 MAD Opportunité d'investissement | Orchid Immobilier,1,1,1,1,66.509215,1
Security System / CCTV Archives - Orchid Island,1,1,0,0,0,3
Seismic and Building-Code Requirements for New Builds in Morocco 2025,1,1,1,1,18.356658,2
September 2025 - Orchid Island,1,1,0,0,0,3
Smart Climate Design Archives - Orchid Island,1,1,0,0,0,3
Smart Device Integration Property Impact on Inspections and Appraisals in 2025 | Orchid Island Real Estate,1,1,0,0,0,3
Smart Villas in Morocco: The Future of Luxury Living Is Here | Orchid Island Real Estate,1,2,1,0.5,0,4
Solar-Powered Homes in Marrakech: Are They Worth the Investment in 2025? | Orchid Island Real Estate,1,1,0,0,0,3
Spa / Hammam Archives - Orchid Island,1,1,0,0,0,3
Summer in Marrakech: A Unique Summer Getaway | Orchid Island Real Estate,1,1,0,0,0,3
Sustainable Real Estate Investment in Morocco: 2025 Guide | Orchid Island Real Estate,1,1,0,0,0,3
Tanjia: A Delicious Symbol of the Marrakchi Way of Life - Orchid Island,1,1,0,0,0,3
Tax Benefits for Foreign Investors in Morocco: 2025 Guide | Orchid Island Real Estate,1,3,2,0.66666666666666663,8.1305003333333339,5
Taxes on Property in Marrakech: What Investors Need to Know | Orchid Island Real Estate,1,1,0,0,0,3
Terrace Archives - Orchid Island,1,1,0,0,0,3
Terrain à Marrakech – Opportunité exceptionnelle près de Dar Lamia pour un projet résidentiel haut de gamme | Orchid Immobilier,1,1,1,1,5.880393,1
Terreno Marrakech: Oportunidad excepcional cerca de Dar Lamia para un proyecto residencial de alta gama | Orchid Immobilier,1,1,1,1,7.757953,1
The Color Red in the Red City Marrakech: How It Shapes Emotion and Space | Orchid Island Real Estate,1,3,2,0.66666666666666663,2.8638383333333333,5
The Rise of Digital Real Estate Collectibles in Marrakech (Real Estate NFTs?) | Orchid Island Real Estate,1,1,0,0,0,3
Top 7 Mistakes Foreign Buyers Make When Buying Property in Morocco | Orchid Island Real Estate,1,1,0,0,0,3
Top Tips for Managing Holiday Villas in Marrakech | Orchid Island Real Estate,1,2,1,0.5,0,4
Trustworthy Real Estate Agent in Morocco | Orchid Island Real Estate,1,3,2,0.66666666666666663,20.443258333333333,5
Uncategorized Archives - Page 10 of 20 - Orchid Island,1,1,1,1,0.021651,2
Uncategorized Archives - Page 10 of 22 - Orchid Island,1,1,1,1,0.664045,2
Uncategorized Archives - Page 10 of 25 - Orchid Island,1,1,0,0,0,3
Uncategorized Archives - Page 11 of 20 - Orchid Island,1,1,1,1,0.009026,2
Uncategorized Archives - Page 11 of 22 - Orchid Island,1,1,1,1,0.233149,4
Uncategorized Archives - Page 11 of 23 - Orchid Island,1,1,0,0,0,3
Uncategorized Archives - Page 11 of 25 - Orchid Island,1,1,0,0,0,3
Uncategorized Archives - Page 12 of 20 - Orchid Island,1,1,1,1,2.620628,2
Uncategorized Archives - Page 12 of 22 - Orchid Island,1,1,1,1,0.14424,1
Uncategorized Archives - Page 13 of 20 - Orchid Island,1,1,1,1,2.840653,4
Uncategorized Archives - Page 13 of 22 - Orchid Island,1,1,1,1,0.348564,2
Uncategorized Archives - Page 14 of 20 - Orchid Island,1,1,1,1,0.392779,2
Uncategorized Archives - Page 14 of 22 - Orchid Island,1,1,1,1,1.985131,4
Uncategorized Archives - Page 14 of 25 - Orchid Island,1,1,0,0,0,3
Uncategorized Archives - Page 15 of 20 - Orchid Island,1,1,1,1,0.331987,2
Uncategorized Archives - Page 15 of 22 - Orchid Island,1,1,1,1,0.260214,2
Uncategorized Archives - Page 16 of 20 - Orchid Island,1,1,1,1,0.01453,2
Uncategorized Archives - Page 16 of 22 - Orchid Island,1,1,1,1,0.450212,2
Uncategorized Archives - Page 17 of 20 - Orchid Island,1,1,1,1,0.042608,2
Uncategorized Archives - Page 17 of 22 - Orchid Island,1,1,1,1,1.191574,2
Uncategorized Archives - Page 18 of 20 - Orchid Island,1,1,1,1,5.079318,2
Uncategorized Archives - Page 18 of 22 - Orchid Island,1,1,1,1,8.020757,2
Uncategorized Archives - Page 19 of 19 - Orchid Island,1,1,1,1,0,3
Uncategorized Archives - Page 19 of 20 - Orchid Island,1,1,1,1,5.841601,2
Uncategorized Archives - Page 19 of 22 - Orchid Island,1,1,1,1,4.250024,2
Uncategorized Archives - Page 2 of 20 - Orchid Island,1,1,1,1,0.232087,2
Uncategorized Archives - Page 20 of 20 - Orchid Island,1,1,1,1,0.369127,1
Uncategorized Archives - Page 20 of 22 - Orchid Island,1,1,1,1,1.231252,2
Uncategorized Archives - Page 21 of 22 - Orchid Island,1,1,1,1,0.002716,2
Uncategorized Archives - Page 22 of 22 - Orchid Island,1,1,1,1,1.166381,2
Uncategorized Archives - Page 22 of 23 - Orchid Island,1,1,0,0,0,3
Uncategorized Archives - Page 22 of 25 - Orchid Island,1,1,0,0,0,3
Uncategorized Archives - Page 23 of 25 - Orchid Island,1,1,0,0,0,3
Uncategorized Archives - Page 3 of 20 - Orchid Island,1,1,1,1,0.289559,2
Uncategorized Archives - Page 3 of 22 - Orchid Island,1,1,1,1,1.561406,2
Uncategorized Archives - Page 4 of 20 - Orchid Island,1,1,1,1,1.700062,2
Uncategorized Archives - Page 5 of 20 - Orchid Island,1,1,1,1,0.453156,2
Uncategorized Archives - Page 5 of 22 - Orchid Island,1,1,1,1,0.692618,2
Uncategorized Archives - Page 5 of 23 - Orchid Island,1,1,0,0,0,3
Uncategorized Archives - Page 6 of 20 - Orchid Island,1,1,1,1,0.03904,2
Uncategorized Archives - Page 6 of 25 - Orchid Island,1,1,0,0,0,3
Uncategorized Archives - Page 7 of 20 - Orchid Island,1,1,1,1,2.230774,2
Uncategorized Archives - Page 7 of 22 - Orchid Island,1,1,1,1,0.873298,2
Uncategorized Archives - Page 8 of 20 - Orchid Island,1,1,1,1,1.293498,2
Uncategorized Archives - Page 8 of 24 - Orchid Island,1,1,0,0,0,3
Uncategorized Archives - Page 8 of 25 - Orchid Island,1,1,0,0,0,3
Uncategorized Archives - Page 9 of 22 - Orchid Island,1,1,1,1,1.83895,2
Uncategorized Archives - Page 9 of 23 - Orchid Island,1,1,0,0,0,3
Uncategorized Archives - Page 9 of 25 - Orchid Island,1,1,0,0,0,3
Understanding the Demand for Villas with Private Pools in Marrakech | Orchid Island Real Estate,1,2,1,0.5,0,4
Villa du Golf Marrakech: Luxury Villa (SOLD) 25M MAD,1,1,0,0,9.956455,4
Waterfront Living Morocco: Sustainable Coastal Homes | Orchid Island Real Estate,1,2,1,0.5,11.460416,4
What Will Real Estate Look Like in 2030? Morocco’s World Cup Boom and Future Trends | Orchid Island Real Estate,1,1,0,0,0,3
Why Azerbaijani Investors Should Consider Real Estate in Morocco: A Strategic Economic Opportunity | Orchid Island Real Estate,1,2,1,0.5,0,4
Why Foreign Investors Are Choosing Marrakech for Luxury Real Estate Investments | Orchid Island Real Estate,1,2,1,0.5,26.224827,4
Why Invest in Real Estate in Marrakech: A Smart Choice for Global Investors | Orchid Island Real Estate,1,1,0,0,1.902315,4
"Why Invest in Real Estate in Medina, Marrakech | Orchid Island Real Estate",1,1,0,0,0,3
Why Marrakech Real Estate Is Booming Thanks to New Airline Routes | Orchid Island Real Estate,1,2,0,0,4.448757,4
WhyInvest in Marrakech Villas2026 Is the Right Time | Orchid Island Real Estate,1,1,0,0,0,3
why Marrakech is consistently ranked as a top cultural destination - Orchid Island,1,1,1,0.5,7.745558,3
Лучшие районы Марракеша: 10 самых прибыльных районов элитной недвижимости,1,2,1,0.5,67.976254,5
Почему Китай вкладывает миллиарды в марокканскую фабрику - Остров Орхидей,1,1,0,0,0,3
أرض مراكش – فرصة استثنائية بالقرب من دار لاميا لمشروع سكني فاخر | أوركيد إيموبيليه,1,1,1,1,6.585008,1
تأجير العقارات من الباطن عبر منصة Airbnb في المغرب: تحقيق دخل من خلال تأجير عقار | عقارات جزيرة الأوركيد,1,1,1,1,99.64642,1
شراء العقارات في المغرب كمستثمر أوروبي: دليل 2025 - جزيرة الأوركيد,1,10,8,0.8,104.0838364,13
شقة استثنائية للبيع في ماجوريل مراكش | شقة واسعة بغرفتي نوم مع تراس | أوركيد إيموبيليه,1,1,1,1,24.224101,1
"فندق فاخر للبيع في الصويرة | عقار مرموق بمساحة 4,430 متر مربع | أوركيد للعقارات",1,1,1,1,6.244228,1
هل يمكن للأجانب شراء عقارات في المغرب؟ دليلك الشامل - جزيرة الأوركيد,1,2,1,0.5,248.0572705,4
“Why Are House Prices in Marrakech Reaching New Heights? A Comprehensive Look at the Factors Driving the Market” | Orchid Island Real Estate,1,2,2,1,17.6312815,5
1 Événements haut de gamme : Le lieu incontournable de la vie nocturne à Marrakech - Orchid Island,0,1,1,1,464.952561,1
"1,65 hectare de terrain à vendre Marrakech - Ourika Roa",0,1,1,1,218.375401,1
2030년 디지털 마케팅의 모습은 어떨까요?,0,1,1,1,5.925063,2
6 conseils intelligents pour comparer les polices d’assurance au Maroc aujourd’hui,0,1,1,1,123.095653,1
7 attraktive Investitionsmöglichkeiten für Studentenunterkünfte in Marokko,0,1,0,0,0,2
7 façons dont l'agritourisme au Maroc redéfinit le luxe durable,0,1,1,1,41.666975,1
"7 sposobów, w jakie agroturystyka w Maroku na nowo definiuje zrównoważony, luksusowy styl życia",0,1,1,1,0,2
AFCON 2025 Marrakech Property Investment: Short-Term Rental Boom | Orchid Island Real Estate,0,1,1,1,0,1
AI Impact on Real Estate: Shaping Buyer and Seller Behavior | Orchid Island Real Estate,0,1,1,1,0,1
Acheter un bien immobilier au Maroc en tant qu'investisseur européen : Guide 2025 - Orchid Island,0,7,6,0.75,281.5629145,10
Acheter un bien immobilier de luxe à Marrakech : Guide complet pour les acheteurs étrangers,0,4,4,1,182.727741,4
Acheter un bien immobilier à Marrakech : 2025 est-elle le bon moment pour investir ? - Orchid Island,0,8,8,1,142.59165725,10
Acheter un bien immobilier à Marrakech : 2025 est-il le bon moment pour investir ? - Orchid Island,0,9,7,0.77777777777777779,136.57041322222224,9
Africa Property Investment Trends 2025: Where Capital Flows Next | Orchid Island Real Estate,0,2,2,1,21.2378795,2
Afrique Immobilier 2025 - Orchid Island,0,1,1,1,59.068631,1
Agente inmobiliario de confianza en Marruecos - Isla Orquídea,0,1,1,1,141.070124,1
Altersruhesitz-Immobilien in Marrakesch: Expat-Leitfaden 2025 – Orchid Island,0,1,1,1,239.484821,1
An outstanding 42-hectare land development opportunity near Golf Royal and Al Maaden in Marrakech | Orchid Immobilier,0,1,0,0,6.932124,1
Apartamento Marrakech – Moderno apartamento de 2 dormitorios en la residencia Burj Malak,0,1,1,1,108.638704,1
Apartamento de lujo Hivernage Marrakech | Apartamento en venta en Hivernage Marrakech,0,1,1,1,72.173143,1
Apartamento moderno Marrakech: Apartamento de lujo de 147 m²,0,1,1,1,123.84642,1
Appartement 2 chambres à vendre à Paris - Orchid Island,0,1,1,1,11.969075,1
Appartement Guéliz Marrakech Duplex & Appartements,0,2,2,1,8.0414485,2
Appartement Marrakech – Appartement moderne de 2 chambres dans la résidence Burj Malak,0,3,3,1,43.462902666666672,3
Appartement Moderne Marrakech : Appartement de Luxe de 147 m²,0,3,3,1,111.01008833333333,3
Appartement Moderne Marrakech : Appartement de luxe de 147 m²,0,3,3,1,146.64783533333335,3
Appartement Tamaris : Logement contemporain de 88 m² près de la plage - Orchid Island,0,1,1,1,9.111468,1
Appartement Tamaris : Maison contemporaine de 88 m² proche de la plage - Orchid Island,0,2,2,1,52.957026,2
"Appartement Tamaris : Maison contemporaine de 88m² près de la plage"" - Orchid Island",0,1,1,1,36.464793,1
Appartement Tamaris: moderne woning van 88 m² vlakbij het strand - Orchid Island,0,1,1,1,133.74081,2
Appartement de 107 m² en rez-de-jardin à Marrakech à vendre – Découvrez votre oasis privée - Orchid Island,0,5,5,1,166.2670634,5
Appartement de 107 m² en rez-de-jardin à Marrakech à vendre – Découvrez votre oasis privée – Orchid Island,0,1,1,1,14.609504,1
Appartement de luxe Hivernage Marrakech | Appartement à Vendre à l'Hivernage Marrakech,0,2,2,1,18.954363,2
"Appartement de luxe avec jardin à vendre à Hivernage Marrakech, comprenant 3 suites - Île aux Orchidées",0,7,6,0.75,45.885716125,9
Appartement de luxe à Marrakech à vendre,0,1,1,1,21.338723,1
Appartement à vendre à Marrakech,0,2,2,1,142.1709095,2
Appartement à vendre à Marrakech : Propriété haut de gamme de 118 m²,0,1,1,1,9.842914,1
Appartement à vendre à Marrakech – Propriété de luxe dans l'Hivernage,0,8,8,1,100.159787,12
Appartement à vendre à Marrakech – Propriété de luxe à Hivernage,0,1,1,1,35.747924,1
Appartements vs Villas de luxe Marrakech : Meilleur investissement immobilier - Orchid Island,0,1,1,1,155.097759,2
"Architecture marocaine moderne, tendances immobilières à Marrakech en 2025 - Île aux Orchidées",0,1,1,1,81.014064,1
Archiv moderner Villen – Orchideeninsel,0,1,1,1,27.193907,2
Archives de Marrakech - Île aux Orchidées,0,1,1,1,15.726103,1
Archives de villas modernes - L'île aux orchidées,0,1,1,1,23.641123,2
Arquitectura bioclimática en Marruecos: Diseño sostenible,0,2,2,1,47.0278925,2
Art and Culture in Marrakech: Invest in a Luxury Riad That Embodies Creative Heritage | Orchid Island Real Estate,0,1,1,1,0,1
Artisanat marocain : un atout immobilier stratégique - Orchid Island,0,1,1,1,611.939789,1
Auswirkungen des Euro-Dirham-Immobilientauschs in Marrakesch - Orchid Island,0,1,1,1,72.428729,1
"Außergewöhnliche Gewerbeimmobilie zum Verkauf in Gueliz, Marrakesch – Erstklassige 100 m² Einzelhandelsfläche in der Rue Mohamed El Bekal – Orchideeninsel",0,1,1,1,3.607923,1
Avantages des villas clé en main - Orchid Island,0,1,1,1,84.86879,1
Avantages fiscaux pour les investisseurs étrangers au Maroc - Orchid Island,0,2,2,1,98.2545425,2
Beste Kustvastgoedinvesteringsgebieden in Marokko 2025,0,1,1,1,46.032009,1
Beste Küstengebiete für Immobilieninvestitionen in Marokko 2025,0,1,1,1,15.110476,1
Beste investeringsgebieden voor kustvastgoed in Marokko in 2025,0,3,1,0.33333333333333331,57.853104,4
Beste kustvastgoedinvesteringsgebieden in Marokko 2025,0,1,1,1,65.98801,1
Bienes raíces de bienestar en Marrakech: Inversión en villas spa,0,1,1,1,26.122014,2
Bioklimatische architectuur in Marokko: duurzaam ontwerp,0,1,1,1,22.75614,1
Bize Ulaşın - Orchid Island,0,1,1,1,927.368088,1
Blockchain pour les transactions immobilières marocaines 2025,0,1,1,1,17.105055,1
Boutique-spa exclusive – 36 suites. Opportunité d'investissement exceptionnelle à Marrakech.,0,3,2,0.66666666666666663,246.73659033333334,6
Bästa områdena för kustfastighetsinvesteringar i Marocko 2025,0,1,1,1,52.12394,1
Can Morocco Increase Its Appeal to Foreign Investors in a Competitive Global Landscape? | Orchid Island Real Estate,0,1,1,1,0,1
Cara Berinvestasi di Maroko: Peluang Utama Menanti,0,1,1,1,288.293854,1
Carreras en Orchid Island,0,1,1,1,185.815123,1
Carrières chez Orchid Island,0,5,6,1,70.234503,9
Carrières à Orchid Island,0,15,15,0.9375,202.65558812499998,18
Chalet en parcela esquinera en Marrakech - Isla Orquídea,0,1,1,1,72.545737,1
Chi siamo - Orchid Island,0,1,1,1,63.824125,1
Chinese Investmentin North Africa & Marrakech Real Estate | Orchid Island Real Estate,0,2,2,1,3.873041,2
Combien coûte la construction d'une villa de luxe à Marrakech ? - Orchid Island,0,14,13,0.9285714285714286,67.633411285714288,14
Combien coûte la construction d'une villa de luxe à Marrakech ? - Orchid Island,0,8,7,0.875,61.9966085,8
Comment diversifier votre portefeuille immobilier marocain en 2025,0,1,1,1,396.878266,3
Complexe hôtelier de luxe à Marrakech : Vivez une élégance intemporelle - Île aux Orchidées,0,3,3,0.75,330.36787475,6
Compra de propiedades en Marrakech con realidad virtual - Isla Orquídea,0,1,1,1,26.801963,1
Comprar una propiedad en Marrakech: ¿Es 2025 el momento ideal para invertir? - Isla Orquídea,0,3,3,1,184.50347966666666,3
Comprar una propiedad en Marruecos como inversor europeo: Guía 2025 - Isla Orquídea,0,5,5,1,208.9792024,5
Construction de villa à vendre à Marrakech - luxe semi-fini - Orchid Island,0,1,1,1,27.396335,1
Construction de villas à vendre à Marrakech — villas de luxe semi-finies - Île des Orchidées,0,1,1,1,45.206251,1
Contactez-nous - L'Île aux Orchidées,0,1,1,1,19.621215,1
Contactez-nous - Île aux Orchidées,0,1,1,1,147.48817,1
Contattaci - Orchid Island,0,1,1,1,93.336998,1
Contáctenos - Isla Orquídea,0,2,2,1,78.1954665,2
Convention Fiscale Maroc-France 2026 : Une grande expertise louable,0,1,1,1,16.584597,1
Creative Property Spaces Marrakech: Opportunities in Artist Studios and Creative Investments | Orchid Island Real Estate,0,1,1,1,0,1
Crecimiento inmobiliario e infraestructura en Marrakech - Isla Orquídea,0,1,1,1,144.007047,1
Crowdfunding inmobiliario en Marruecos: Guía del inversor 2025 - Isla Orquídea,0,1,1,1,447.909603,1
Cudowna willa w RiverPalm: luksusowe życie z zapierającymi dech w piersiach widokami - Orchid Island,0,1,1,1,26.037904,1
Cómo diversificar su cartera inmobiliaria en Marruecos en 2025,0,1,1,1,36.282104,1
D'Abidjan à Johannesburg : 7 investissements judicieux à Marrakech,0,2,2,1,380.5562805,2
De cruciale rol van notarissen in de Marokkaanse vastgoedsector: een gids voor 2025,0,1,1,1,457.560058,1
De reis naar een tweede thuis in Marrakech - Orchideeëneiland,0,1,1,1,102.865816,1
Die besten Viertel in Marrakesch: Die 10 profitabelsten Luxusgegenden,0,15,14,0.93333333333333335,89.672877866666653,16
Discover How Moroccan Architecture Powerfully Influences Scandinavian Design Trends in 2025 | Orchid Island Real Estate,0,1,1,1,6.361784,1
Dlaczego Chiny inwestują miliardy w marokańskie Factorie - Wyspa Orchidei,0,1,1,1,34.048517,1
Domaine de luxe à Marrakech – Exceptionnel domaine VNA de 4 hectares avec villa et parcelles divisibles – Île aux Orchidées,0,5,5,1,110.34221959999999,5
"Domaine privé exceptionnel à Marrakech – Propriété de luxe de 4 hectares, hors marché.",0,2,2,1,108.2750685,3
Doskonała lokalizacja działki w dzielnicy Founty w Agadirze - Orchid Island,0,1,1,1,952.242055,1
Duplex de luxe à vendre à Marrakech – 3 suites parentales et vue imprenable sur l'hôtel Majorelle,0,1,1,1,171.625383,3
Débloquer le succès : Réglementation des locations de courte durée au Maroc 2025,0,1,1,1,122.061061,1
Eckgrundstücksvilla in Marrakesch – Orchid Island,0,1,1,1,77.592115,2
Eigenschaften - Orchid Island,0,1,1,1,14.720769,1
Eigenschappen - Orchid Island,0,3,3,1,35.977501666666669,4
Erreurs lors de l'achat d'une maison : 5 erreurs coûteuses commises par les primo-accédants,0,1,1,1,283.999761,1
Escrow Account Off-Plan in Dubai: How Buyers Are Protected | Orchid Island Real Estate,0,1,1,1,19.333086,1
Este Morocco Mall Marrakech un loc de cumpărături de lux? - Insula Orhideelor,0,1,1,1,183.197375,1
Exonérations d'impôt sur le revenu au Maroc : Guide complet des affaires juridiques et de l'admissibilité,0,1,1,1,17.383681,1
Exonérations d'impôt sur le revenu au Maroc : Guide complet des cas juridiques et des conditions d'éligibilité,0,3,3,1,254.927205,3
Extranjeros en Marruecos: Visado y Permiso de Residencia,0,1,1,1,413.332603,1
Family-Friendly Real Estate Developments in Morocco: 2025 Buyer’s Guide | Orchid Island Real Estate,0,1,1,1,16.933167,1
"Fas Tarım Arazisi: Kurallar, Riskler ve Yatırım Avantajları - Orkide Adası",0,1,2,1,37.050089,3
Fas'ta Satılık En Güzel Riadları Nerede Bulabilirsiniz? - Orkide Adası,0,1,1,1,22.966217,1
Fas'ta banka hesabı açmak: Yurtdışında yaşayanlar bunu nasıl yapabilir?,0,1,0,0,6.166169,1
Fastigheter مراكش – أوركيديون | ليكسفاستيغيتر,0,1,1,1,117.920541,1
Fastighetsauktioner i Marocko: En guide till smart köp,0,1,1,1,184.757069,1
Fastighetsinvesteringar i Marocko: Varför stora tomter är heta år 2025?,0,2,2,1,21.78829,2
Feng Shui Real Estate: How We Design Harmonious Homes in Marrakech | Orchid Island Real Estate,0,2,2,1,2.4258105,2
Financement participatif immobilier au Maroc : Guide de l'investisseur 2025 - Orchid Island,0,3,3,1,183.47111833333335,3
Financiación inmobiliaria en Marruecos: Guía 2025 para compradores extranjeros,0,1,1,1,17.550106,1
Fiscale voordelen voor buitenlandse investeerders in Marokko - Orchideeëneiland,0,1,1,1,104.67837,1
Frais d'achat immobilier à Marrakech : l'essentiel à connaître - Orchid Island,0,1,1,1,2.605271,1
GITEX Africa 2025 : Tendances de l'IA et des technologies dans l'immobilier - Orchid Island,0,1,1,0.5,16.5621535,3
Garantie de rapatriement des fonds : Guide à l'intention des étrangers. - Orchid Island,0,4,4,1,48.094166,5
Gdje pronaći najljepše riade na prodaju u Maroku? - Otok orhideja,0,1,1,1,12.918011,1
"Grond te koop: Prime perceel van 11 hectare in Chrifia, Marrakech (VERKOCHT) - Orchid Island",0,1,1,1,65.104137,1
"Grundstück zum Verkauf in Gueliz, Marrakesch – Erstklassiges 2.200 m² großes Grundstück",0,1,1,1,136.112048,2
Guide immobilier - Orchid Insights - Orchid Island,0,10,9,0.75,35.08569725,14
Guide immobilier - Orchid Insights - Page 17 sur 17 - Orchid Island,0,1,1,1,51.700283,1
Gängige Mythen über den Immobilienkauf in Marrakesch widerlegt – Orchid Island,0,1,1,1,86.831657,1
"Hassan, Author at Orchid Island - Page 5 of 20",0,1,1,1,2.437034,1
High-End Events: Marrakech’s Exclusive Nightlife Venue | Orchid Immobilier,0,1,1,1,15.217364,1
Hitze in Marrakesch: So bleiben Sie diesen Sommer stilvoll kühl – Orchid Island,0,1,1,1,17.115688,1
Hoeveel kost het om een ​​luxe villa in Marrakech te bouwen? - Orchid Island,0,4,3,0.75,19.324532,4
Hoeveel kost het om een ​​luxe villa in Marrakesh te bouwen? - Orchid Island,0,8,7,0.875,164.622657875,8
How to Invest in Morocco: Key Opportunities Await | Orchid Island Real Estate,0,1,1,1,25.755279,1
How to Maximize Rental Yields in Marrakech and Casablanca for World Cup 2030 | Orchid Island Real Estate,0,1,1,1,0,1
Hur mycket kostar det att bygga en lyxvilla i Marrakech? - Orchid Island,0,1,1,1,173.065818,1
Huurvergunningen Marokko: uw Airbnb-juridische gids 2025,0,1,2,0.66666666666666663,297.64231966666665,5
Hôtel Riad de luxe à vendre dans la médina de Marrakech | 20 chambres | Bar panoramique et emplacement privilégié,0,1,1,1,1.860958,1
"Hôtel de luxe à vendre à Marrakech – Mirage Royal Gardens, opportunité d'investissement 5 étoiles",0,2,2,1,424.5460235,3
I quartieri più esclusivi di Marrakech: le 10 zone di lusso più redditizie,0,2,2,1,103.8261535,2
Il Morocco Mall Marrakech è un luogo per lo shopping di lusso? - Orchid Island,0,1,1,1,68.74618,1
Immobili - Orchid Island,0,1,1,1,54.114952,2
Immobili Marrakech – Isola delle Orchidee | Proprietà di Lusso,0,2,2,1,26.597622,2
Immobilien - Orchid Island,0,2,2,1,143.4512815,7
Immobilien - Orchideeninsel,0,8,8,1,99.59131725,26
Immobilien Marrakesch – Orchid Island | Luxusimmobilien,0,2,2,1,17.563171,2
Immobilien für Senioren Marokko; Altern vor Ort - Orchid Island,0,2,2,1,80.9476735,3
Immobilien in Marrakesch kaufen – Ist 2025 der richtige Zeitpunkt für eine Investition? - Orchid Island,0,3,2,0.66666666666666663,92.502894000000012,5
Immobilien in Marrakesch – Orchideeninsel | Luxusimmobilien,0,9,9,1,185.49513866666666,11
Immobilienauktionen Marokko: Ein Leitfaden für kluges Kaufen,0,1,1,1,243.487991,1
Immobilienauktionen in Marokko: Ein Leitfaden für cleveres Kaufen,0,1,1,1,34.423046,1
Immobilieninvestitionen in Marokko: Warum große Grundstücke im Jahr 2025 heiß begehrt sind?,0,4,4,1,128.73850625,5
Immobilieninvestitionen in Marokko: Warum große Grundstücke im Jahr 2025 so gefragt sind?,0,5,5,1,325.2759962,5
Immobilieninvestitionen in Marokko: Warum sind große Grundstücke im Jahr 2025 sehr beliebt?,0,1,1,1,368.368604,1
Immobilienkauf in Marokko als europäischer Investor: Leitfaden 2025 - Orchid Island,0,2,2,1,108.995687,2
Immobilienkauf in Marokko als europäischer Investor: Leitfaden 2025 – Orchideeninsel,0,5,5,1,188.1963294,5
Immobilienkauf in Marrakesch – Ist 2025 der richtige Zeitpunkt zum Investieren? – Orchid Island,0,1,1,1,59.552734,1
Immobilier Marrakech - Orchid Island | Propriétés de luxe,0,4,4,1,52.58170075,6
Immobilier Marrakech – Ile aux Orchidées | Propriétés de luxe,0,2,1,0.5,96.425854,2
Immobilier Marrakech – Orchid Island | Propriétés de luxe,0,1,1,1,108.0792,1
Immobilier Marrakech – Île aux Orchidées | Propriétés de luxe,0,42,49,0.96078431372549022,151.92628035294118,59
Immobilier Marrakech – Île des Orchidées | Propriétés de luxe,0,139,147,0.92452830188679247,143.52604128301888,257
Immobilier Royal Maroc : propriétés de célébrités et de diplomates,0,1,1,1,2.675719,1
Immobilier d'Orchid Island,0,1,1,1,210.033601,1
"Immobilier de luxe à Marrakech | Villas, Riads et propriétés d'investissement | Orchid Island",0,1,1,1,489.618559,1
Immobilier durable au Maroc : Guide d'investissement 2025 - Orchid Island,0,1,1,1,97.772694,1
Immobilier en Afrique 2025 - Orchid Island,0,1,1,1,227.757379,1
Immobilier pour seniors au Maroc ; Vieillir chez soi - L'île aux Orchidées,0,1,1,1,34.041953,1
Immobilier à Marrakech : la capitale émergente de l'Afrique,0,1,1,1,56.261582,1
Imóveis - Ilha das Orquídeas,0,1,1,1,67.69529,2
Imóveis em Marrakech – Ilha das Orquídeas | Propriedades de Luxo,0,1,1,1,17.003745,1
Infrastructure d'IA souveraine Maroc : Oréus dévoile une expansion majeure sur 3 continents,0,1,0,0,8.660806,1
Inmobiliaria Marrakech – Isla Orquídea | Propiedades de lujo,0,13,13,1,98.241213461538464,19
Inmobiliaria en Marruecos: Vende riads con pasión en 2025,0,1,1,1,4.05235,1
Innovative Financing Models Are Prospering Moroccan Real Estate Investment | Orchid Island Real Estate,0,1,1,1,19.727289,1
Inversiones inmobiliarias sobre plano en Marrakech: Guía del inversor 2025 - Orchid Island,0,1,0,0,0,2
Inversión china en el norte de África y el sector inmobiliario de Marrakech - Orchid Island,0,2,1,0.5,34.2838935,3
"Inversión en Marruecos: Terreno en venta, ¡aprobado para 22 villas!",0,1,1,1,34.930183,1
Inversión inmobiliaria en Marruecos: ¿Por qué las grandes parcelas estarán de moda en 2025?,0,18,20,0.95238095238095233,146.09359176190478,28
Inversión inmobiliaria en Marruecos: ¿Por qué las grandes parcelas están de moda en 2025?,0,1,1,1,82.97418,1
Inversión inmobiliaria en Marruecos: ¿Por qué los grandes terrenos serán una opción atractiva en 2025?,0,1,0,0,5.562645,1
"Investeren in Marokko: Grond te koop, goedgekeurd voor 22 villa's!",0,2,2,1,119.082897,2
Investeren in onroerend goed in Marokko: waarom grote percelen in 2025 zo populair zijn?,0,2,1,0.5,218.195943,3
Investeren in onroerend goed in Marokko: waarom zijn grote percelen in 2025 zo populair?,0,2,2,1,48.9188045,2
"Investeringsmogelijkheid: villa's, hotels en residenties in Marokko - Orchid Island",0,1,0,0,0,2
"Investicija u Maroku: Zemljište na prodaju, odobreno za 22 vile!",0,1,1,1,15.475376,1
"Investieren Sie in Marokko: 365 m² Grundstück im Zentrum von Marrakesch, Baugenehmigung R+5",0,1,1,1,0,1
"Investir au Maroc, Terrain de 365 m² au centre de Marrakech Permis R+5",0,1,1,1,403.640234,1
"Investissement au Maroc : Terrain à vendre, approuvé pour 22 villas !",0,6,6,1,95.057862333333333,6
"Investissement au Maroc : Terrain à vendre, permis de construire pour 22 villas !",0,8,7,0.875,56.555915,9
"Investissement au Maroc, terrain de 365 m² au centre de Marrakech, permis R+5",0,1,1,1,10.361506,1
Investissement dans Orchid Island : Débloquez des opportunités de croissance uniques,0,9,9,1,177.07941244444444,12
Investissement dans les centres de données au Maroc | Plateforme d'infrastructure d'IA souveraine - Orchid Island,0,4,4,1,62.97064375,6
Investissement dans les villes satellites de Marrakech : Tendances 2025 - Orchid Island,0,1,1,1,128.466875,1
"Investissement immobilier : Marrakech, l'Eldorado ultime - L'Île aux Orchidées",0,1,1,1,23.521809,1
Investissement immobilier au Maroc : pourquoi les grands terrains sont à la mode en 2025 ?,0,4,4,1,127.7789925,6
Investissement immobilier au Maroc : pourquoi les grands terrains sont-ils en vogue en 2025 ?,0,1,1,1,146.040533,1
Investissement immobilier au Maroc : pourquoi les grands terrains sont-ils recherchés en 2025 ?,0,1,1,1,252.334356,1
Investissement immobilier au Maroc : pourquoi les grands terrains sont-ils si recherchés en 2025 ?,0,15,11,0.73333333333333328,183.77000773333333,18
Investissement immobilier en leaseback au Maroc : Revenus passifs intelligents,0,2,2,1,74.1326855,2
Investissement immobilier tokenisé au Maroc,0,1,1,1,48.369889,1
Investissement locatif touristique à Marrakech : Croissance de la demande à court terme - Île aux Orchidées,0,1,1,1,167.248089,1
Investissement sur Orchid Island : Débloquer des opportunités de croissance uniques,0,1,1,1,35.759445,1
Investissement sur l'île des Orchidées,0,1,1,1,88.273912,1
Investissements chinois en Afrique du Nord et immobilier à Marrakech - Orchid Island,0,1,1,1,1.696304,1
Investissements immobiliers sur plan à Marrakech : Guide de l'investisseur 2025 - Orchid Island,0,2,2,1,39.988973,3
Investment Returns in Marrakech’s High-End Property Market: Risk and Reward | Orchid Island Real Estate,0,2,2,1,37.367427,2
"Investment in Morocco: Land of 28,000 m² in SD1 – 22 Villas Project Already Approved | Orchid Immobilier",0,1,0,0,6.682295,1
Invierta en las regiones desérticas de Marruecos: Merzouga y Zagora.,0,1,1,1,578.319096,1
Inwestycje w nieruchomości w Maroku: Dlaczego duże działki są tak popularne w 2025 roku?,0,3,3,0.75,49.03232,7
Is 2025 the Right Time to Buy Property in Marrakech? (Market Outlook & Buyer’s Guide) | Orchid Island Real Estate,0,1,1,1,89.75162,1
Ist Marokko Mall Marrakesch ein Luxus-Einkaufsort? - Orchid Island,0,1,1,1,161.538645,1
Ist die Morocco Mall in Marrakesch ein Luxus-Einkaufszentrum? – Orchid Island,0,5,5,1,128.6832496,6
Ist die Morocco Mall in Marrakesch ein Ort zum Luxus-Shopping? - Orchid Island,0,2,2,1,506.978242,2
Japon-Maroc : Coopération économique : un partenariat en plein essor,0,1,1,1,27.93634,1
Japón-Marruecos: Cooperación económica: una alianza en crecimiento.,0,1,1,1,520.225324,1
Japón-Marruecos: Cooperación económica: una asociación en crecimiento,0,1,1,1,18.816839,1
Je Morocco Mall Marrakech luxusní nákupní centrum? - Orchid Island,0,1,1,1,53.642659,1
Journées de sensibilisation à l'environnement : Les moments forts de Crocologies 2025,0,2,2,1,234.685766,2
KSAR ABIAD | Außergewöhnlicher Palast zum Verkauf in Marrakesch,0,1,1,1,22.009884,1
KSAR ABIAD | Palais d'exception à vendre à Marrakech,0,3,3,1,30.089067333333332,4
Kan utlänningar köpa fastighet i Marocko? Din ultimata guide - Orchid Island,0,1,1,1,153.671666,1
Karrieremöglichkeiten bei Orchid Island,0,1,1,1,24.060357,1
Kas Morocco Mall Marrakech on luksuslik ostukeskus? - Orhideesaar,0,1,1,1,20.07511,2
Kehidupan Tepi Laut Maroko: Rumah Pesisir Berkelanjutan,0,0,0,0,0,2
Kontaktieren Sie uns – Orchideeninsel,0,3,3,1,21.479490666666667,3
Kunnen buitenlanders onroerend goed kopen in Marokko? Jouw ultieme gids - Orchid Island,0,1,1,1,385.046833,2
Kunnen buitenlanders onroerend goed kopen in Marokko? Uw ultieme gids - Orchid Island,0,8,8,1,258.022661,8
Kupnja nekretnina u Maroku kao europski investitor: Vodič za 2025. - Otok orhideja,0,1,1,1,72.035599,1
Kupno nieruchomości w Marrakeszu: 7 mitów kontra rzeczywistość – wyjaśnienie,0,1,1,1,206.476166,1
Können Ausländer in Marokko Immobilien erwerben? Ihr umfassender Leitfaden – Orchid Island,0,2,2,1,221.265962,2
Können Ausländer in Marokko Immobilien kaufen? Ihr ultimativer Leitfaden - Orchid Island,0,2,2,1,147.7387565,2
Köp fastighet i Marocko: de främsta anledningarna,0,1,1,1,54.983824,1
L'expérience ultime de la vie nocturne de luxe : Es Saadi Marrakech : - L'île aux orchidées,0,1,1,1,46.140759,3
L'impact de Huawei sur l'innovation technologique au Maroc,0,1,1,1,19.965577,1
L'investissement immobilier de Marrakech devient le Dubaï de l'Afrique en 2030 - Orchid Island,0,1,1,1,65.955561,1
La diferencia entre una Melkia y una propiedad titulada en Marruecos - Isla Orquídea,0,1,1,1,182.436299,1
La différence entre une Melkia et une propriété titrée au Maroc - Orchid Island,0,1,1,1,31.924463,1
"Landbouwgrond Marokko: regels, risico's en investeringsvoordelen - Orchid Island",0,3,2,0.66666666666666663,107.40074399999999,3
Le Morocco Mall Marrakech est-il un lieu de shopping de luxe ? - Orchid Island,0,8,8,1,42.13713225,8
Le Morocco Mall de Marrakech est-il un centre commercial de luxe ? - Orchid Island,0,3,3,1,34.726902333333335,3
Le palais de luxe ultime à Marrakech – Orchid Island Estate - Orchid Island,0,1,1,1,14.140444,1
Le rôle crucial des notaires dans l'immobilier marocain : un guide pour 2025,0,1,1,1,6.543967,1
Leaseback Real Estate Morocco: Invest and Earn Secure Passive Income | Orchid Island Real Estate,0,1,0,0,2.709333,1
Les meilleurs quartiers de Marrakech : les 10 quartiers de luxe les plus rentables,0,5,5,1,52.3166424,5
Les meilleurs quartiers où acheter un bien immobilier à Marrakech en 2025 - Orchid Island,0,2,2,1,97.7991445,2
Les étrangers peuvent-ils acheter un bien immobilier au Maroc ? Votre guide complet - Orchid Island,0,8,7,0.875,71.11513275,8
Les étrangers peuvent-ils acheter un bien immobilier au Maroc ? Votre guide complet : Orchid Island,0,8,5,0.625,126.160461875,10
Les étrangers peuvent-ils acheter un bien immobilier au Maroc ? Votre guide ultime - Orchid Island,0,18,17,0.94444444444444442,235.52515027777775,21
Los mejores barrios de Marrakech: 10 zonas de lujo más rentables,0,9,7,0.77777777777777779,107.43710888888889,10
Los mejores barrios de Marrakech: Las 10 zonas de lujo más rentables,0,3,2,0.66666666666666663,30.041238666666668,3
"Luxe tuinappartement te koop, Hivernage Marrakech met 3 suites - Orchid Island",0,1,1,1,219.432703,1
Luxe vastgoed kopen in Marrakech: een complete gids voor buitenlandse kopers,0,1,1,1,395.167728,1
"Luxuriöse Villa in Marrakesch: Luxusvilla zum Verkauf in Targa Jawhar, Marrakesch",0,1,1,1,35.629328,1
Magnifique terrain à vendre à proximité du Karting de Marrakech (VENDU) - Orchid Island,0,1,1,1,258.474357,1
Magnifique villa à RiverPalm : un cadre de vie luxueux avec des vues à couper le souffle - Orchid Island,0,2,2,1,111.4949795,2
Magnifique villa à RiverPalm : une vie de luxe avec des vues à couper le souffle – Orchid Island,0,1,1,1,50.091881,1
Magnifique villa à RiverPalm : vie de luxe avec vue à couper le souffle - Orchid Island,0,1,1,1,18.153256,1
Magnifique villa à RiverPalm : une vie de luxe avec des vues à couper le souffle - Orchid Island,0,3,3,1,20.177733333333332,3
Magnifique villa à RiverPalm : une vie de luxe avec des vues à couper le souffle – Orchid Island,0,1,1,1,192.24839,3
Mansion Marrakech : Propriété Premium - Orchid Island,0,2,2,1,0.00316,3
Mansion Marrakech : Propriété de prestige - Île aux Orchidées,0,7,7,1,253.16652171428569,8
Mansión Marrakech: Propiedad premium - Isla Orquídea,0,1,1,1,89.440829,1
Marakeş Emlak – Orkide Adası | Lüks Gayrimenkuller,0,1,1,1,38.614106,1
Marakeş Medinası'ndaki Geleneksel Bir Riad'ın Yenilenmesi - Orkide Adası,0,1,1,1,31.6594,1
Marakeş'te Gayrimenkul – Orkide Adası | Lüks Mülkler,0,1,1,1,49.68608,1
Marché immobilier de Marrakech – Meilleur investissement en 2025 - Île des Orchidées,0,1,1,1,212.75086,1
Marché immobilier marocain 2026 : Perspectives de croissance et d'infrastructure - Orchid Island,0,1,1,1,377.991592,2
Marrakech Infrastructure Property Growth: How New Projects Are Boosting Property Values | Orchid Island Real Estate,0,1,1,1,10.440464,1
Marrakech Smart City : l'essor de la première Smart City du Maroc.,0,1,0,0,0,2
Marrakech Tourism Rental Investment: Driving Demand for Short-Term Properties | Orchid Island Real Estate,0,1,1,1,0,1
Marrakech in Winter: Rent a Villa for the Holidays | Orchid Island Real Estate,0,1,0,0,2.087213,1
Marrakech versus Marbella: waar investeren in luxe onroerend goed? - Orchid Island,0,1,1,1,195.193926,1
Marrakech vs Dubaï Immobilier : Quelle Ville Choisir en 2025 ? - Île aux Orchidées,0,3,2,0.66666666666666663,37.885843666666666,3
"Marrakech, l'investissement immobilier : Marrakech deviendra le Dubaï de l'Afrique en 2030 - Orchid Island",0,1,1,1,73.264628,1
Marrakech: 2025’s Hub for Crypto Backed by Real Estate | Orchid Island Real Estate,0,1,1,1,0,1
"Marrakech: il polo delle criptovalute del 2025, supportato dal settore immobiliare.",0,1,1,1,173.589132,1
Marrakesch Infrastruktur-Immobilienwachstum - Orchideeninsel,0,1,1,1,47.391674,1
Marruecos Rusia Asociación: Entrevista de Hassan AL KHAYER - Isla de la Orquídea,0,1,1,1,301.537811,1
Meilleur centre commercial à vendre à Marrakech – 11 boutiques,0,1,1,1,1.158,1
Meilleures zones d'investissement immobilier côtier au Maroc en 2025,0,3,3,1,192.517206,3
Meilleures zones d'investissement immobilier côtières au Maroc en 2025,0,5,4,0.8,102.43663180000001,5
Meilleurs quartiers où investir à Marrakech : opportunités immobilières - Île aux Orchidées,0,1,1,1,77.352817,1
Mejores zonas costeras para invertir en propiedades en Marruecos en 2025,0,3,3,1,196.80076333333332,4
Mejores zonas de inversión inmobiliaria costera en Marruecos 2025,0,7,6,0.8571428571428571,140.041823,7
Mentions légales - Orchid Island,0,1,1,1,9.95918,1
Mercado inmobiliario de Marruecos 2026: Perspectivas de crecimiento e infraestructura | Orchid Island Real Estate,0,1,1,1,211.747855,1
Mietgenehmigungen Marokko: Ihr Airbnb-Rechtsleitfaden 2025,0,2,1,0.5,16.1985635,3
"Mini-villa Marrakech, Bab Ighli : Une opportunité d'investissement unique",0,1,1,1,0,1
Mode d’Antan et d’Aujourd’hui” – Honoring Elegance at the Musée de l’Art Culinaire Marocain | Orchid Island Real Estate,0,1,1,1,0,1
"Moderne Villa zu verkaufen – Halbfertig, privat und ohne Aussicht",0,1,1,1,34.976783,1
Modèles de financement innovants dans l'immobilier marocain,0,1,1,1,330.823427,1
Morocco Finance Law 2025: Significant Effects upon High-end Real Estate Taxation | Orchid Island Real Estate,0,1,1,1,0,1
Morocco Mall Marrakech est-il un lieu de shopping de luxe ? - Orchid Island,0,1,1,1,420.053514,2
NFT immobiliers Maroc : Propriété numérique à Marrakech,0,1,1,1,10.113931,1
Najlepsze dzielnice Marrakeszu: 10 najbardziej dochodowych obszarów luksusowych,0,2,2,1,37.2909075,2
"Najlepsze dzielnice Marrakeszu: 10 najbardziej dochodowych, luksusowych obszarów",0,2,1,0.5,8.9852715,2
Najlepsze dzielnice w Marrakeszu pod kątem inwestycji w Airbnb: Przewodnik 2025,0,1,1,1,371.015144,1
Najlepsze obszary inwestycyjne w nieruchomości nadmorskie w Maroku w 2025 roku,0,2,2,1,400.740177,2
Neem contact met ons op - Orchid Island,0,4,4,1,49.26727225,4
Nieruchomości - Wyspa Orchidei,0,4,4,1,36.3925315,9
Nieruchomości Marrakesz - Wyspa Orchidei | Luksusowe Nieruchomości,0,1,1,1,47.410859,1
Nieruchomości w Maroku: Wpływ Mistrzostw Świata - Orchid Island,0,1,1,1,320.694103,1
Nieruchomości w Marrakeszu – Orchid Island | Nieruchomości luksusowe,0,2,2,1,24.775762,2
Odnawianie nieruchomości w Maroku: Odnawianie riadów z sercem w 2025 roku,0,1,1,1,66.154033,1
Off-Plan-Immobilieninvestitionen in Marrakesch: Investorenleitfaden 2025 - Orchideeninsel,0,1,1,1,23.018556,1
Off-plan vastgoedinvesteringen in Marrakech: Investeerdersgids 2025 - Orchid Island,0,1,1,1,113.594129,1
Onroerend goed Marrakech – Orchid Island | Luxe eigendommen,0,3,3,1,43.660166666666669,4
Onroerend goed kopen in Marokko als Europese investeerder: gids voor 2025 - Orchid Island,0,2,2,1,33.2566475,2
"Opportunité d'investissement : Villas, hôtels et résidences au Maroc - Île des Orchidées",0,2,2,1,249.954181,2
"Opportunité d'investissement : Villas, hôtels et résidences au Maroc [VENDU] - Orchid Island",0,2,2,1,61.949329,2
Opportunité d'investissement agricole hors marché à Taroudant (NB1),0,1,1,1,122.222344,1
"Opportunité d'investissement : villas, hôtels et résidences au Maroc – Île aux Orchidées",0,1,1,1,137.072352,1
Opportunité de rénovation de riad au Maroc - Propriété de premier choix en Palmeraie,0,1,1,1,143.192273,2
Opportunité exceptionnelle – Appartement Prestigia Agate,0,1,0,0,192.293346,1
Orchid Island Investment: Entdecken Sie einzigartige Wachstumschancen,0,1,1,1,45.132096,1
Orchidisland | Association Anouar,0,5,6,1,39.114113833333334,6
Orchidisland | Stowarzyszenie Anouar,0,1,1,1,8.598721,1
Over ons - Orchid Island,0,1,1,1,14.376623,1
Over ons - Orchideeëneiland,0,1,1,1,0,2
Où trouver les plus beaux riads à vendre au Maroc ? - Orchid Island,0,2,2,1,83.1728025,2
Page introuvable - Île aux Orchidées,0,1,0,0,2.706712,1
Pagina niet gevonden - Orchid Island,0,2,1,0.5,3.6230520000000004,2
Palais de luxe ultime à Marrakech - Orchid Island Estate - Orchid Island,0,1,1,1,75.851059,1
Palais de luxe ultime à Marrakech – Domaine de l'Île des Orchidées - Île des Orchidées,0,4,4,1,354.3837695,4
Parcelle à vendre à Marrakech – Excellente opportunité d'investissement – ​​Île des Orchidées,0,1,1,1,80.516848,1
Pensioenwoningen in Marrakech: Expatgids 2025 - Orchidee-eiland,0,1,1,1,141.559595,1
Per què són tan alts els preus dels habitatges a Marràqueix? - Illa de les Orquídies,0,1,0,0,3.281843,1
Permis de location au Maroc : Votre guide juridique Airbnb 2025,0,2,2,1,284.0570405,2
Permis de location au Maroc : votre guide juridique Airbnb 2025,0,2,2,1,308.3143815,2
Plan du site - Île aux Orchidées,0,2,2,1,40.978929,2
Pourquoi Marrakech est-elle le choix du style de la vieille aristocratie marocaine ? - Orchid Island,0,1,1,1,46.15369,1
Pourquoi les prix de l'immobilier sont-ils si élevés à Marrakech ? - Orchid Island,0,1,1,1,174.466772,1
Povolení k pronájmu v Maroku: Váš právní průvodce Airbnb 2025,0,1,1,1,203.821174,1
Pozemek na prvotřídním místě v agadirské čtvrti Founty - Orchid Island,0,1,1,1,137.714631,1
Prachtige villa bij RiverPalm: luxe wonen met adembenemend uitzicht - Orchid Island,0,1,1,1,11.319395,1
Premium Targa Residences: 5 Gründe für Luxusimmobilien,0,1,1,1,61.135181,1
Premium Targa Residences: 5 redenen om voor luxe woningen te kiezen,0,1,1,1,53.756107,1
Progettazione urbana e placemaking nel settore immobiliare di lusso,0,1,2,1,23.960457,3
Projets immobiliers adaptés aux familles au Maroc en 2025,0,1,1,1,1.602915,1
Property Evaluation Morocco: How to Value a Luxury Riad or Villa in Marrakech Before Buying | Orchid Island Real Estate,0,1,1,1,0,1
Propiedades - Isla Orquídea,0,13,13,1,91.721785000000011,29
Propriété de Luxe Marrakech 2 Villas & Spa Estate à Vendre,0,1,1,1,0.154025,1
Propriétés - Orchid Island,0,33,34,0.97142857142857142,56.972104914285715,72
Propriétés agrotouristiques au Maroc : Investissements rentables,0,1,1,1,2.002458,1
Proyectos de inversión en los EAU en Marrakech: Crecimiento de la inversión de lujo - Orchid Island,0,1,1,1,173.834824,1
Pålitlig fastighetsmäklare i Marocko - Orchid Island,0,1,1,1,72.452167,1
Real Estate Bargaining Morocco: Tips for Smarter Deals | Orchid Island Real Estate,0,1,1,1,0,1
Renovating Villas in Marrakech: What Should Buyers Know? | Orchid Island Real Estate,0,1,1,1,104.368902,1
Renta de alquiler en Marrakech: Maximice su rentabilidad con una agencia local - Isla Orquídea,0,1,1,1,103.252988,1
Rentabilidad inmobiliaria en Marruecos y Portugal: ¿Cuál ganará en 2025?,0,1,1,1,78.114442,1
Residências Premium Targa: 5 motivos para escolher imóveis de luxo,0,1,1,1,1005.93549,1
Revised Description: Apartment for Sale in Marrakech – Exclusive Luxury Living in Hivernage | Orchid Immobilier,0,1,1,1,19.990598,1
"Rezydencje Premium Targa: 5 powodów, dla których warto wybrać luksusowe domy",0,1,1,1,13.357609,1
Riad Marrakech House : Un chef-d'œuvre historique et artistique - Île aux Orchidées,0,1,1,1,10.588026,1
Riad zu verkaufen in Marrakesch: Luxus trifft Tradition – Orchideeninsel,0,1,1,1,37.070825,1
Riad zum Verkauf in Marrakesch Medina – Exklusiv & Renoviert - Orchideeninsel,0,1,1,1,24.853529,1
Riad zum Verkauf in der Medina von Marrakesch – Exklusiv & Renoviert – Orchid Island,0,1,1,1,69.084903,1
Riad à vendre dans la médina de Marrakech – Exclusif et rénové – Orchid Island,0,2,2,1,22.070833,2
Riad à vendre dans la médina de Marrakech – Exclusif et rénové – Île aux Orchidées,0,4,4,1,11.264673,4
Riad à vendre dans la médina de Marrakech – Propriété de charme de 11 chambres – Île aux Orchidées,0,1,1,1,14.285995,1
Riad à vendre à Marrakech : le luxe rencontre la tradition - L'Île aux Orchidées,0,5,4,0.8,46.4941276,6
Riad à vendre à Marrakech Medina - Exclusif et rénové - Orchid Island,0,2,1,0.5,0.1934065,3
Riad à vendre à Marrakech : Superbe villa alliant design marocain traditionnel et luxe moderne. | ​​Orchid Immobilier,0,1,1,1,72.253979,1
Riad à vendre à Marrakech : le luxe rencontre la tradition - L'Île aux Orchidées,0,2,2,1,219.0004725,2
Riad à vendre à Marrakech : le luxe rencontre la tradition - Orchid Island,0,1,1,1,98.62788,1
Riad à vendre – Propriété de luxe en médina au Maroc – Île aux Orchidées,0,1,1,1,14.319775,1
Ristrutturazione di un riad tradizionale nella Medina di Marrakech - Isola delle Orchidee,0,1,2,0.66666666666666663,90.17994666666668,4
Rotary Marrakech 2025 : Un rassemblement mondial pour une paix positive,0,1,1,1,12.774533,1
Rotary Marrakech 2025: A Global Gathering for Positive Peace | Orchid Island Real Estate,0,1,1,1,0,1
Royal Real Estate Marocco: proprietà di celebrità e diplomatici,0,1,1,1,171.644114,1
Rozwój infrastruktury nieruchomości w Marrakeszu - Orchid Island,0,1,1,1,49.909375,1
Rozwój zorientowany na transport w Maroku: Nowe trendy w nieruchomościach,0,1,1,1,75.011414,1
Réforme fiscale marocaine 2026 : Comment la circulaire 737 transforme l’investissement immobilier - Orchid Island,0,1,1,1,17.368541,1
Rénovation d'un Riad traditionnel dans la médina de Marrakech - Orchid Island,0,1,1,1,54.662121,1
Rénovation d'un riad traditionnel dans la médina de Marrakech - L'île aux Orchidées,0,1,1,1,33.480934,2
Résidences Targa Premium : 5 raisons de choisir des maisons de luxe,0,1,1,1,107.5991,1
Résidences Targa haut de gamme : 5 raisons de choisir des maisons de luxe,0,3,3,1,524.83943766666664,4
Résidences pour retraités à Marrakech : Guide des expatriés 2025 - Orchid Island,0,3,3,1,95.210659666666672,3
S'installer à Marrakech : tout ce que vous devez savoir,0,1,1,1,25.290054,1
Sbloccare il successo: regolamenti sul noleggio a breve termine in Marocco 2025,0,1,0,0,0,2
Services - Île aux Orchidées,0,4,4,1,9.202125,5
Sistem Kepemilikan Tanah Maroko untuk Pembeli Asing,0,1,1,1,56.308869,1
Sistemas de tenencia de tierras marroquíes para compradores extranjeros,0,1,1,1,19.173501,1
Skontaktuj się z nami - Orchid Island,0,1,1,1,44.625435,1
Smart Villas in Marokko: Hausautomation im Jahr 2025 - Orchid Island,0,1,1,1,40.378349,1
Sobre nosotros - Isla Orquídea,0,2,3,1,47.559143333333331,3
Soins de santé - Île aux Orchidées,0,1,1,1,4.536919,1
Steigern Sie Ihren Erfolg im Industriegebiet von Marrakesch,0,1,1,1,7.52393,1
Systèmes fonciers marocains pour les acheteurs étrangers,0,1,1,1,216.867987,1
Temmuz 2025 - Orkide Adası,0,1,1,1,13.851466,1
Tendances résidences secondaires à Marrakech 2025 : Perspectives d'investissement - Orchid Island,0,1,1,1,10.090708,1
Terrain constructible Marrakech - Île aux Orchidées,0,2,2,1,12.236151,3
Terrain constructible à vendre à Hivernage Marrakech - Île des Orchidées,0,1,1,1,1.573067,1
Terrain de premier choix dans le quartier Founty d'Agadir - Île aux Orchidées,0,3,3,1,45.443479666666668,4
Terrain exclusif de premier choix à vendre à Marrakech – 484 m² au sein du pôle résidentiel Janat Azaitoun.,0,2,2,1,138.331926,2
Terrain à vendre au centre de Marrakech : potentiel de développement R+5,0,1,1,1,16.554432,1
Terrain à vendre à Guéliz Marrakech - Parcelle de choix de 2 200 m²,0,2,2,1,30.1498735,2
Terrain à vendre à Marrakech. Une opportunité unique à Guéliz - l'île aux Orchidées.,0,1,1,1,7.129364,1
Terrains à vendre à Marrakech | Excellente opportunité d'investissement,0,2,2,1,42.7171075,3
Terrasses marocaines sur les toits : le nouveau luxe urbain - Orchid Island,0,1,0,0,8.700117,1
Testamenten en Erfenissen Marokko Onroerend Goed Essentiële Juridische Gids,0,1,1,1,18.484096,1
Testamenti ed eredità - Guida legale essenziale sulla proprietà in Marocco,0,1,1,1,79.824876,1
The Critical Role of Notaries in Moroccan Real Estate. A 2025 Guide:,0,1,1,1,200.312371,1
The Rise of Digital Nomad Rentals in Morocco: 2025 Investment Guide | Orchid Island Real Estate,0,1,1,1,5.661095,1
Tipos de terreno en Marruecos: Lo que los compradores deben saber - Isla Orquídea,0,1,1,1,38.206759,2
Titres de propriété numériques au Maroc – Guide immobilier blockchain 2025,0,1,2,1,244.18099,3
Top-Viertel in Marrakesch: Die 10 profitabelsten Luxusgegenden,0,2,2,1,18.702559,2
Topbuurten in Marrakech: 10 meest winstgevende luxegebieden,0,10,8,0.8,116.216147,11
Topbuurten in Marrakesh: de 10 meest winstgevende luxegebieden,0,9,8,0.8,108.66384110000001,15
Toppkvarter i Marrakech: 10 mest lönsamma lyxområden,0,11,9,0.81818181818181823,223.58713390909091,12
Transit Oriented Development Morocco: New Real Estate Trends | Orchid Island Real Estate,0,1,1,1,0,1
Traumhafte Villa in RiverPalm: Luxuriöses Wohnen mit atemberaubendem Ausblick – Orchideeninsel,0,2,2,1,30.453904,2
Títulos de propriedade digitais em Marrocos – Guia imobiliário Blockchain 2025,0,1,1,1,31.45356,1
"Umzug nach Marrakesch: Alles, was Sie wissen müssen",0,1,1,1,143.298036,1
Uncategorized Archives - Page 6 of 22 - Orchid Island,0,1,1,1,0.009553,1
Uncategorized Archives - Page 9 of 20 - Orchid Island,0,1,1,1,0.149673,1
Uncategorized Archives - Strona 19 z 19 - Orchidea,0,1,1,1,31.404467,1
Une opportunité d'aménagement foncier - Terrain de 42 hectares à Marrakech - Île aux Orchidées,0,1,1,1,9.700603,1
Unlocking the Potential of Marrakech Real Estate: Hosting Mindfulness and Yoga Retreats for Luxury Travelers | Orchid Island Real Estate,0,1,1,1,0,1
Urbanisme : la clé d'investissements judicieux à Marrakech - Île aux Orchidées,0,1,1,1,47.576289,1
Urbanisme : la clé d'un investissement intelligent à Marrakech - Orchid Island,0,1,0,0,0,2
Valoración de propiedades en Marruecos: Qué saber antes de comprar,0,1,1,1,136.275203,1
Vantaggi delle ville chiavi in ​​mano - Orchid Island,0,1,1,1,73.351234,1
Vastgoed - Orchid Island,0,1,1,1,245.591423,4
Vastgoed Marrakech – Orchideeëneiland | Luxe woningen,0,5,6,0.8571428571428571,214.55926314285713,10
Vastgoed kopen in Marokko als Europese investeerder: Gids 2025 - Orchid Island,0,1,1,1,11.649171,1
Vastgoedgids - Orchid Insights - Orchid Island,0,1,1,1,53.527382,2
Vastgoedinvesteringen in Marokko: Waarom zijn grote percelen in 2025 zo gewild?,0,7,6,0.8571428571428571,365.62722142857143,7
Vastgoedmarkt in Marrakech – Topinvestering in 2025 - Orchid Island,0,1,1,1,31.237441,1
Vastgoedveilingen in Marokko: een gids voor slim kopen,0,1,1,1,220.33847,1
Ventes aux enchères immobilières au Maroc : guide pour un achat intelligent,0,1,1,1,11.863334,1
Verhuizen naar Marrakech: alles wat je moet weten,0,1,1,1,156.26909,1
Verhuizen naar Marrakesh: alles wat u moet weten,0,1,0,0,3.243885,1
Villa Medina Marrakech - Excelente potencial de renovación (VENDIDA) - Isla Orquídea,0,1,1,1,23.03079,1
Villa Medina Marrakech - Fort potentiel de rénovation (VENDUE) - Île aux Orchidées,0,1,1,1,31.820859,1
Villa Medina Marrakesch – Hervorragendes Renovierungspotenzial (VERKAUFT) – Orchideeninsel,0,1,1,1,57.860557,1
Villa Premium Marrakech : Propriété de luxe à vendre (VENDUE) - Orchid Island,0,1,1,1,16.893891,1
Villa avec piscine à Marrakech : Votre escapade de luxe de rêve (VENDUE) - Orchid Island,0,3,3,1,132.96119766666666,3
Villa d'angle à Marrakech - Île aux Orchidées,0,1,1,1,41.638941,1
Villa d'angle à Marrakech - Île des Orchidées,0,2,2,1,20.5290145,2
"Villa d'exception à la Palmeraie, Marrakech",0,1,1,1,22.756934,1
Villa de lujo Golf Amelkis: Inversión exclusiva en Marrakech - Isla Orquídea,0,1,1,1,19.654981,1
Villa de lujo en venta | Villa en el bulevar Mohamed VI,0,1,1,1,38.703976,1
Villa de luxe hors marché à Marrakech | 6 suites,0,1,1,1,13.127632,1
Villa de luxe à Casablanca | Villa d'architecte,0,1,1,1,440.503006,1
"Villa de luxe à Marrakech : Villa de luxe à vendre à Targa Jawhar, Marrakech",0,1,1,1,5.507351,1
Villa de luxe à louer : Retraite exclusive à Marrakech - Île aux Orchidées,0,3,3,1,40.212910333333333,4
Villa de luxe à louer à Marrakech : Villa contemporaine à Marrakech,0,1,1,1,179.187557,1
Villa de luxe à louer à Marrakech : une retraite moderne à Targa,0,1,1,1,42.346419,1
Villa de luxe à vendre : Retraite exclusive à Marrakech,0,1,1,1,0.000798,1
Villa de luxe à vendre | Villa sur le boulevard Mohamed VI,0,4,3,0.75,148.0408645,5
"Villa de luxe à vendre à Chaweng Noi, Koh Samui – La Maison de Koh Koon – Île aux Orchidées",0,1,1,1,174.093861,1
Villa de luxe à vendre à Marrakech - Île aux Orchidées,0,1,1,1,40.213087,1
Villa de luxe à vendre à Marrakech - Île des Orchidées,0,1,1,1,0,2
Villa du golf - Luxe exclusif (VENDU) - Orchid Island,0,2,2,1,27.034373,2
Villa du golf - Luxe exclusif (VENDUE) - Île aux Orchidées,0,4,4,1,24.3509215,4
"Villa en Marrakech, Marruecos | Inversión con impresionantes vistas al Atlas",0,1,1,1,27.179999,1
"Villa exceptionnelle à Palmeraie, Marrakech",0,1,1,1,43.187299,1
Villa exclusive de 3 chambres à vendre à Marrakech Golf City - Piscine privée,0,1,1,1,0,1
Villa for Sale in Marrakech – Luxury Amelkis Property | Orchid Island Real Estate,0,1,1,1,0,1
"Villa in Marrakesch, Marokko | Atemberaubender Blick auf den Atlas – eine attraktive Investition",0,2,2,1,9.479499,2
"Villa moderne à vendre – semi-finie, sans vis-à-vis et offrant une intimité totale",0,1,1,1,6.017069,1
"Villa à Marrakech, Maroc | Vue imprenable sur l'Atlas - Investissement",0,1,1,1,31.909692,1
"Villa à Marrakech, Maroc | Vue imprenable sur l'Atlas ; investissement",0,1,1,1,28.758103,1
Villa à vendre à Marrakech – Propriété de luxe à Amelkis – Île aux Orchidées,0,1,1,1,25.09148,1
Villas avec piscine privée à Marrakech : Guide de la demande 2025 - Orchid Island,0,1,1,1,56.576017,1
Virtual Home Viewing: The Future of Luxury Real Estate | Orchid Island Real Estate,0,1,1,1,0,1
Visita de propiedad en Marrakech: Qué buscar durante una inspección - Isla Orquídea,0,1,1,1,66.680878,1
Vrijstellingen van inkomstenbelasting in Marokko: complete gids voor rechtszaken en geschiktheid,0,1,1,1,60.522289,1
Waarom China miljarden investeert in Marokkaanse fabrieken - Orchid Island,0,1,1,1,255.665475,1
Waarom investeren in vastgoed in Kasbah (Marrakech)? - Orchideeëneiland,0,1,1,0.5,25.7878945,3
Waarom is Marrakech de keuze van de rijke elite van weleer? - Orchid Island,0,2,1,0.5,68.157712,2
Waarom zijn de huizenprijzen in Marrakech zo hoog? - Orchideeëneiland,0,5,5,1,181.059687,5
Warum sind die Hauspreise in Marrakesch so hoch? - Orchideeninsel,0,1,1,1,109.138718,1
Warum sind die Immobilienpreise in Marrakesch so hoch? - Orchid Island,0,2,2,1,41.351631,2
Was kostet der Bau einer Luxusvilla in Marrakesch? – Orchid Island,0,3,3,1,38.578489,5
"Why Consider Investing in Moroccan Real Estate by 2025: Trends, Insights & Opportunities | Orchid Island Real Estate",0,1,1,1,6.158256,1
Why the Benefits of Turnkey Villas Matter in Marrakech | Orchid Island Real Estate,0,1,1,1,11.806513,1
Why the Psychology of Luxury Buyers Matters in Morocco’s Real Estate Market | Orchid Island Real Estate,0,1,1,1,32.485656,1
Wunderschöne Villa in RiverPalm: Luxuriöses Wohnen mit atemberaubender Aussicht – Orchid Island,0,1,1,1,44.857509,1
Zakup nieruchomości w Maroku jako inwestor europejski: Przewodnik 2025 - Orchid Island,0,1,1,1,40.270687,1
"admin, Author at Orchid Island",0,1,1,1,2.13837,1
¿Cuánto cuesta construir una villa de lujo en Marrakech? - Isla Orquídea,0,4,4,1,518.15653075,4
¿Cómo comprar propiedades inmobiliarias online en Marruecos? - Isla Orquídea,0,1,1,1,85.081859,1
¿Cómo pueden los inversores evaluar el ROI de un Riad en el sector inmobiliario marroquí?,0,1,1,1,28.717762,1
¿Es Morocco Mall Marrakech un centro comercial de lujo? - Orchid Island,0,1,0,0,6.6935,1
¿Es mejor invertir en bienes raíces en Marruecos o España? - Isla Orquídea,0,1,1,1,108.354837,1
¿Por qué China invierte miles de millones en una fábrica marroquí? - Orchid Island,0,1,0,0,0,2
¿Por qué invertir en Marruecos? - Isla Orquídea,0,1,1,1,1740.306468,1
¿Por qué son tan altos los precios de las viviendas en Marrakech? - Isla Orquídea,0,4,4,1,53.9639795,4
¿Pueden los extranjeros comprar propiedades en Marruecos? Tu guía definitiva - Isla Orquídea,0,10,10,1,139.6097648,11
¿Pueden los extranjeros comprar propiedades en Marruecos? Tu guía definitiva - Isla de las Orquídeas,0,1,1,1,140.623978,1
¿Quién es el dueño de Marrakech? - Isla Orquídea,0,1,1,1,54.876261,1
À propos de nous - Orchid Island,0,46,48,0.96,138.79581402,63
À propos de nous - Île aux Orchidées,0,1,1,1,0.002289,1
À propos de nous : 5 excellentes raisons de choisir le leader au Maroc,0,1,1,1,23.858701,1
Är Morocco Mall Marrakech ett lyxigt shoppingställe? - Orchid Island,0,1,1,1,9.279406,1
École d'investissement Marrakech : Bellevue 1 Opportunité exclusive à Guéliz avec un retour sur investissement élevé,0,1,1,1,12.842224,1
Étrangers au Maroc : Visa et permis de séjour,0,1,1,1,41.496115,1
Évaluation immobilière Maroc : Ce qu'il faut savoir avant d'acheter,0,1,1,1,15.848391,1
"Événements haut de gamme : L'île aux Orchidées, lieu incontournable de la vie nocturne à Marrakech",0,1,1,1,45.615421,1
Özellikler - Orkide Adası,0,1,1,1,103.396482,3
Über uns - Orchid Island,0,1,1,1,43.911481,1
Über uns – Orchideeninsel,0,2,2,1,35.4125795,3
Κορυφαίες γειτονιές στο Μαρακές: Οι 10 πιο κερδοφόρες πολυτελείς περιοχές,0,1,0,0,1.434059,1
Апартаменты площадью 107 м² на уровне сада в Марракеше на продажу — откройте для себя свой личный оазис — остров орхидей,0,1,1,1,73.960794,1
Аренда или покупка: что разумнее в Марракеше?,0,1,1,1,147.528585,1
Биоклиматическая архитектура в Марокко: устойчивое проектирование,0,1,1,1,86.765895,1
В чем разница между рынками недвижимости Марокко и Португалии? - Orchid Island,0,1,1,1,458.609069,1
"Елітна нерухомість у Марракеші | Вілли, ріади та інвестиційна нерухомість | Острів Орхідей",0,1,1,1,23.340746,1
Инвестиции в недвижимость в Марокко: почему крупные земельные участки пользуются спросом в 2025 году?,0,1,0,0,1.715388,1
Купить недвижимость в Марракеше — 2025 год — подходящее время для инвестиций? — Orchid Island,0,1,1,1,357.476635,1
Купить элитную недвижимость в Марракеше: полное руководство для иностранных покупателей,0,1,1,1,91.792754,1
Лучшие прибрежные районы Марокко для инвестиций в недвижимость в 2025 году.,0,1,1,1,0,2
Лучшие районы Марракеша: 10 самых прибыльных элитных районов,0,3,3,1,783.84011466666664,3
Льготы по подоходному налогу в Марокко: полное руководство по юридическим случаям и критериям,0,1,1,1,596.463957,1
Могут ли иностранцы купить недвижимость в Марокко? Ваш полный путеводитель — Orchid Island,0,2,2,0.66666666666666663,50.091620666666671,4
Могут ли иностранцы покупать недвижимость в Марокко? Ваш подробный путеводитель — Остров Орхидей,0,1,1,1,261.393765,1
Налоговые льготы в Марокко: полное руководство по юридическим вопросам и критериям получения льгот.,0,1,1,1,638.530871,1
Недвижимость - Остров Орхидей,0,2,2,1,53.96835,5
Недвижимость в Марракеше – Остров Орхидей | Элитная недвижимость,0,1,1,1,75.371459,1
Покупка недвижимости в Марокко для европейского инвестора: руководство 2025 года — Orchid Island,0,2,2,1,125.4061355,2
Покупка недвижимости в Марокко для европейского инвестора: руководство на 2025 год - Остров Орхидей,0,2,1,0.5,42.413612,2
Ремонт вилл в Марракеше: практическое руководство по инвестициям — Orchid Island,0,1,1,1,184.031357,1
Риады в Марракеше: уникальная возможность для инвестиций — Orchid Island,0,1,1,1,90.467012,1
"Сертифіковані екологічні будинки Марокко: LEED, HQE, EDGE",0,1,1,1,39.04875,1
Является ли Morocco Mall Marrakech местом для роскошного шопинга? - Orchid Island,0,1,1,1,24.579914,1
"נדל""ן פנג שואי: איך המוצר שלנו משתלב עם פנג שואי - אי הסחלבים",0,1,1,1,19.382424,1
أرشيف غير مصنف - جزيرة الأوركيد,0,1,1,1,260.197498,1
أرض مميزة للبيع في مراكش – 484 متر مربع في مركز جنات أزيتون لايف ستايل,0,1,1,1,67.539372,1
أفضل الأحياء في مراكش: 10 مناطق فاخرة الأكثر ربحية,0,37,32,0.86486486486486491,142.40857335135135,40
أفضل مناطق الاستثمار العقاري الساحلي في المغرب 2025,0,10,10,1,76.48638,11
إشعار قانوني - جزيرة الأوركيد,0,1,1,1,44.010234,1
إعفاءات ضريبة الدخل في المغرب: دليل شامل للقضايا القانونية والأهلية,0,1,1,1,2.201267,1
اتصل بنا - جزيرة الأوركيد,0,4,4,1,52.17376875,4
استثمار جزيرة أوركيد,0,1,1,1,50.04686,1
استثمار جزيرة الأوركيد: اكتشف فرص نمو فريدة,0,1,1,1,40.32199,1
الأجانب في المغرب: التأشيرة وتصريح الإقامة,0,1,1,1,36.054845,1
الأراضي الزراعية في المغرب: القواعد والمخاطر وفوائد الاستثمار - جزيرة الأوركيد,0,1,1,1,228.141618,1
الأراضي الزراعية في المغرب: القواعد والمخاطر ومزايا الاستثمار - جزيرة الأوركيد,0,1,1,1,985.441674,1
الأسطح الخضراء والزراعة الحضرية: أثرها على سوق العقارات في المغرب,0,2,2,1,78.8571915,3
الأسطح الخضراء والزراعة الحضرية: تأثيرها على العقارات في المغرب,0,1,1,1,18.484264,1
الاستثمار العقاري القائم على الرموز الرقمية في المغرب,0,2,2,1,89.3885345,2
الاستثمار العقاري في المغرب: لماذا تحظى قطع الأراضي الكبيرة بشعبية كبيرة في عام 2025؟,0,2,2,1,292.2837905,2
الاستثمار العقاري في المغرب: لماذا ستكون الأراضي الكبيرة رائجة في عام 2025؟,0,4,4,1,281.9261965,6
الاستثمار في المغرب: أرض للبيع، معتمدة لبناء 22 فيلا!,0,6,5,0.83333333333333337,57.973314499999994,6
الاستثمار في جزيرة أوركيد: اكتشف فرص التنوع,0,1,1,1,438.24337,1
الاستثمار في جزيرة الأوركيد: اكتشف فرص نمو فريدة,0,4,3,0.75,21.584523750000002,4
الاستثمار في مراكز البيانات في المغرب | منصة البنية التحتية السيادية للذكاء الاصطناعي - جزيرة الأوركيد,0,1,1,1,360.380329,1
التخطيط الحضري: مفتاحك للاستثمارات الذكية في مراكش - جزيرة الأوركيد,0,1,1,1,8.581732,1
التكنولوجيا الذكية في العقارات الفاخرة | نهج جزيرة الأوركيد,0,1,1,1,30.110643,1
التنمية الموجهة نحو النقل العام في المغرب: اتجاهات عقارية جديدة,0,1,2,1,16.914227,2
الحياة على الواجهة البحرية في المغرب: منازل ساحلية مستدامة,0,1,1,1,177.904579,1
العقارات - جزيرة أوركيد,0,2,3,0.75,136.8522795,14
المنازل الذكية وتقنيات العقارات في المغرب - جزيرة الأوركيد,0,1,1,1,351.554529,1
تحقيق النجاح: لوائح تأجير العقارات قصيرة الأجل في المغرب 2025,0,1,1,1,344.571555,1
تمويل العقارات في المغرب: دليل 2025 للمشترين الأجانب,0,1,1,1,158.716476,1
جزيرة الأوركيد | جمعية أنور,0,4,3,0.75,47.433298750000006,4
خريطة الموقع - جزيرة الأوركيد,0,1,1,1,17.840218,1
دليل العقارات - أوركيد إنسايتس - جزيرة أوركيد,0,1,0,0,31.560981,1
دليل العقارات - رؤى أوركيد - جزيرة أوركيد,0,2,2,1,44.0047105,2
رياض للبيع في مدينة مراكش القديمة – حصري ومُجدد – جزيرة الأوركيد,0,1,1,1,76.171161,1
سندات الملكية الرقمية في المغرب - دليل العقارات بتقنية البلوك تشين 2025,0,2,2,1,59.2885455,2
سندات الملكية الرقمية في المغرب - دليل العقارات بتقنية بلوكتشين ٢٠٢٥,0,1,1,1,476.532936,1
سوق العقارات في المغرب 2026: آفاق النمو والبنية التحتية - جزيرة الأوركيد,0,2,2,1,50.619567,2
شراء العقارات في المغرب كمستثمر أوروبي: دليل 2025 - جزيرة أوركيد,0,2,1,0.5,30.951358,2
شراء عقار في مراكش - هل عام ٢٠٢٥ هو الوقت المناسب للاستثمار؟ - جزيرة الأوركيد,0,3,2,0.66666666666666663,87.988371333333347,4
شراء عقارات فاخرة في مراكش: دليل شامل للمشترين الأجانب,0,2,1,0.5,67.3966725,3
شقة تاماريس: منزل عصري بمساحة 88 مترًا مربعًا بالقرب من الشاطئ - جزيرة أوركيد,0,1,1,1,49.555548,1
عقار فاخر في مراكش – عقار استثنائي بمساحة 4 هكتارات على طريق VNA يضم فيلا وقطع أراضي قابلة للتقسيم – جزيرة الأوركيد,0,1,1,1,47.84309,1
عقارات - جزيرة الأوركيد,0,6,4,0.66666666666666663,92.749288833333324,12
عقارات مراكش - جزيرة الأوركيد | عقارات فاخرة,0,20,20,0.90909090909090906,199.23448668181817,26
عقارات مراكش – جزيرة الأوركيد | عقارات فاخرة,0,6,8,1,71.2508155,8
فرص العمل في جزيرة الأوركيد,0,3,4,1,73.18403325,6
فرصة استثمارية لتطوير الأراضي - أرض مساحتها 42 هكتارًا في مراكش - جزيرة الأوركيد,0,1,1,1,225.421219,1
فرصة استثمارية: فلل وفنادق ومساكن في المغرب - جزيرة أوركيد,0,1,1,1,18.261122,1
فرصة لتجديد رياض في المغرب، عقار مميز في واحة النخيل,0,1,1,1,265.256055,1
فندق بوتيكي فاخر في مراكش يضم 66 غرفة - أيقونة نادرة في المدينة القديمة,0,1,1,1,37.867551,1
فيلا جولف فاخرة أملكيس: استثمار حصري في مراكش - جزيرة أوركيد,0,1,1,1,74.856163,1
فيلا رائعة في ريفر بالم: حياة فاخرة مع إطلالات خلابة - جزيرة أوركيد,0,2,1,0.5,72.673322,2
فيلا فاخرة للإيجار: ملاذ مراكش الحصري - جزيرة أوركيد,0,1,1,1,33.333781,1
قصر فاخر في مراكش – منتجع جزيرة الأوركيد - جزيرة الأوركيد,0,1,1,1,126.889492,1
قصر فاخر للغاية في مراكش - أوركيد آيلاند إستيت - أوركيد آيلاند,0,2,2,1,76.8429515,3
قصر مراكش: عقار مميز - جزيرة أوركيد,0,1,0,0,50.337716,1
كم تبلغ تكلفة بناء فيلا فاخرة في مراكش؟ - جزيرة الأوركيد,0,6,5,0.83333333333333337,32.219293166666667,6
كم تكلفة بناء فيلا فاخرة في مراكش؟ - جزيرة الأوركيد,0,5,5,1,403.88698,5
كيف يمكن للمستثمرين تقييم عائد الاستثمار في الرياضات العقارية المغربية؟,0,1,1,1,77.254671,1
كيفية الاستثمار في المغرب: فرص رئيسية تنتظرك,0,1,1,1,1309.996815,1
لم يتم العثور على الصفحة - جزيرة الأوركيد,0,1,1,1,17.543595,1
لماذا أسعار المنازل مرتفعة في مراكش؟ - جزيرة الأوركيد,0,2,2,1,24.671662,2
لماذا تضخ الصين مليارات الدولارات في مصنع مغربي؟ - جزيرة الأوركيد,0,1,1,1,139.031796,1
لماذا مراكش مثالية للاستثمار العقاري - جزيرة أوركيد,0,1,1,1,46.477942,1
مدينة مراكش الذكية: نشأة أول مدينة ذكية في المغرب.,0,1,1,1,1265.449629,1
مزادات العقارات في المغرب: دليل للشراء الذكي,0,1,1,1,154.779681,1
منازل خضراء معتمدة في المغرب: LEED، HQE، ​​EDGE,0,1,1,1,250.461589,1
منتجع فيلا فاخرة مراكش: تجربة الأناقة الخالدة - جزيرة أوركيد,0,2,2,1,117.7590455,3
نبذة عنا - جزيرة الأوركيد,0,11,10,0.90909090909090906,115.21806009090909,14
نبذة عنا: 5 أسباب رائعة لاختيار الشركة الرائدة في المغرب,0,1,1,1,14.107577,1
نمو البنية التحتية العقارية في مراكش - جزيرة الأوركيد,0,1,0,0,5.380129,1
هل الاستثمار في العقارات في المغرب أم إسبانيا أفضل؟ - جزيرة الأوركيد,0,1,1,1,23.205448,1
هل يمكن للأجانب شراء عقار في المغرب؟ دليلك الشامل - جزيرة أوركيد,0,27,25,0.92592592592592593,190.75859055555557,32
هل يُسمح للأجانب بشراء العقارات في المغرب؟ دليلك الشامل - جزيرة الأوركيد,0,5,5,1,383.3684806,6
هل يُعدّ مول المغرب في مراكش وجهة تسوق فاخرة؟ - جزيرة الأوركيد,0,2,2,1,37.18543,2
وظائف في جزيرة أوركيد,0,1,0,0,0,2
ویلاهای نوسازی در مقابل ویلاهای جدید: راهنمای کامل سرمایه‌گذاری - جزیره ارکید,0,1,0,0,0,2
তহবিল প্রত্যাবাসন গ্যারান্টি: বিদেশীদের জন্য একটি নির্দেশিকা। - অর্কিড দ্বীপ,0,1,1,1,727.623281,1
পাওয়ার অফ অ্যাটর্নির মাধ্যমে মরক্কোতে সম্পত্তি কেনা: ঝুঁকি এবং প্রক্রিয়া (২০২৫ নির্দেশিকা),0,1,1,1,1013.386007,1
বিদেশীরা কি মরক্কোতে সম্পত্তি কিনতে পারে? আপনার চূড়ান্ত গাইড - অর্কিড দ্বীপ,0,1,1,1,646.078612,1
মরক্কোতে কীভাবে বিনিয়োগ করবেন: মূল সুযোগগুলি অপেক্ষা করছে,0,1,1,1,549.853376,1
মরক্কোতে রিয়েল এস্টেট বিনিয়োগ: ২০২৫ সালে কেন বড় প্লটগুলি জনপ্রিয়?,0,1,1,1,348.10082,1
মারাকেশে একটি বিলাসবহুল ভিলা তৈরি করতে কত খরচ হয়? - অর্কিড দ্বীপ,0,1,1,1,197.231664,1
মারাকেশে বিলাসবহুল সম্পত্তি কিনুন: বিদেশী ক্রেতাদের জন্য একটি সম্পূর্ণ নির্দেশিকা,0,1,1,1,395.58971,1
রিয়েল এস্টেট মারাকেশ – অর্কিড দ্বীপ | বিলাসবহুল সম্পত্তি,0,1,1,1,139.29122,1
မော်ရိုကိုရှိ အိမ်ခြံမြေ NFT များ- မာရာကက်ချ်ရှိ ဒစ်ဂျစ်တယ်အိမ်ခြံမြေ --- Real Estate NFTs Morocco: Digital Property in Marrakech,0,1,1,1,201.000769,1
お問い合わせ先 - オーキッドアイランド,0,1,1,1,124.16621,1
アフリカの不動産投資トレンド2025：主要な成長に関する洞察 - オーキッドアイランド,0,1,1,1,59.164648,1
オフグリッド・ラグジュアリー・モロッコ:プライベート・デザート&マウンテン・エスケープ,0,1,1,1,897.083588,2
中国为何向摩洛哥工厂投入数十亿美元——兰花岛,0,1,1,1,321.740548,1
主權人工智慧基礎建設摩洛哥：Oréus 夥伴關係擴展至歐洲、非洲及美國 |蘭花島房地產,0,1,1,1,15.257134,1
华为对摩洛哥科技创新的影响,0,1,1,1,12.525484,1
在摩洛哥的外国人：签证和居留许可,0,2,2,1,269.669333,2
房地产 马拉喀什 – 兰花岛 |豪华房产 --- Real Estate Marrakech – Orchid Island | Luxury Properties,0,1,1,1,63.041285,1
摩洛哥垂直农业：一种全新的都市生活方式,0,1,1,1,1192.556977,1
摩洛哥数据中心投资 | 主权人工智能基础设施平台 - 兰花岛,0,2,2,0.66666666666666663,160.26155933333334,4
摩洛哥的外国人：签证和居留许可,0,1,1,1,325.179795,2
日本-摩洛哥：经济合作：日益紧密的伙伴关系,0,1,1,0.5,104.0851535,3
日本・モロッコ:経済協力:成長するパートナーシップ,0,1,1,1,27.677471,2
日本・モロッコ：経済協力：深まるパートナーシップ,0,1,1,1,383.655071,1
网站地图 - 兰岛,0,1,1,1,139.91771,1
联系我们 - 兰花岛,0,1,1,1,30.843926,1
非洲房地产2025——兰花岛,0,1,1,1,43.182113,1
马拉喀什十大顶级街区：最赚钱的10个豪华住宅区,0,1,1,1,15.910964,1
马拉喀什摩洛哥购物中心是豪华购物场所吗？ - 兰花岛,0,1,1,1,33.242471,1
马拉喀什的太阳能住宅：到2025年，它们还值得投资吗？ - 兰花岛,0,1,1,1,26.339207,1
레드 시티 마라케시: 살아있는 팔레트 - 오키드 아일랜드,0,1,2,1,35.3534075,2
마라케시 스마트 시티: 모로코 최초의 스마트 시티의 부상.,0,1,1,1,60.239399,1
"모로코의 주권 AI 인프라: 오레우스, 3개 대륙에 걸친 강력한 확장 계획 발표",0,1,1,1,590.819933,1
중국이 모로코 공장에 수십억 달러를 쏟아붓는 이유 - 오키드 아일랜드,0,1,1,1,125.758952,1
