pageTitle,screenPageViews,activeUsers,engagedSessions,engagementRate,averageSessionDuration,eventCount,Cluster,Cluster_Name
お問い合わせ先 - オーキッドアイランド,0,1,1,1.0,124.16621,1,0,Highly Engaging Pages
About us - Orchid Island,663,451,470,0.8061749571183533,76.22105960034305,1343,0,Highly Engaging Pages
Careers at Orchid Island,691,493,550,0.8914100486223662,94.89620552674228,2118,0,Highly Engaging Pages
Contact US - Orchid Island,898,649,729,0.9382239382239382,92.47804649678253,2576,0,Highly Engaging Pages
Properties | Orchid Island - Luxury Real Estate,535,82,159,0.9190751445086704,299.64605693063584,666,0,Highly Engaging Pages
"모로코의 주권 AI 인프라: 오레우스, 3개 대륙에 걸친 강력한 확장 계획 발표",0,1,1,1.0,590.819933,1,0,Highly Engaging Pages
日本・モロッコ:経済協力:成長するパートナーシップ,0,1,1,1.0,27.677471,2,0,Highly Engaging Pages
မော်ရိုကိုရှိ အိမ်ခြံမြေ NFT များ- မာရာကက်ချ်ရှိ ဒစ်ဂျစ်တယ်အိမ်ခြံမြေ --- Real Estate NFTs Morocco: Digital Property in Marrakech,0,1,1,1.0,201.000769,1,0,Highly Engaging Pages
중국이 모로코 공장에 수십억 달러를 쏟아붓는 이유 - 오키드 아일랜드,0,1,1,1.0,125.758952,1,0,Highly Engaging Pages
Orchidisland | Anouar Association,161,125,115,0.756578947368421,65.29092307236841,340,0,Highly Engaging Pages
华为对摩洛哥科技创新的影响,0,1,1,1.0,12.525484,1,0,Highly Engaging Pages
主權人工智慧基礎建設摩洛哥：Oréus 夥伴關係擴展至歐洲、非洲及美國 |蘭花島房地產,0,1,1,1.0,15.257134,1,0,Highly Engaging Pages
中国为何向摩洛哥工厂投入数十亿美元——兰花岛,0,1,1,1.0,321.740548,1,0,Highly Engaging Pages
オフグリッド・ラグジュアリー・モロッコ:プライベート・デザート&マウンテン・エスケープ,0,1,1,1.0,897.083588,2,0,Highly Engaging Pages
アフリカの不動産投資トレンド2025：主要な成長に関する洞察 - オーキッドアイランド,0,1,1,1.0,59.164648,1,0,Highly Engaging Pages
摩洛哥的外国人：签证和居留许可,0,1,1,1.0,325.179795,2,0,Highly Engaging Pages
هل يُسمح للأجانب بشراء العقارات في المغرب؟ دليلك الشامل - جزيرة الأوركيد,0,5,5,1.0,383.3684806,6,0,Highly Engaging Pages
রিয়েল এস্টেট মারাকেশ – অর্কিড দ্বীপ | বিলাসবহুল সম্পত্তি,0,1,1,1.0,139.29122,1,0,Highly Engaging Pages
মারাকেশে বিলাসবহুল সম্পত্তি কিনুন: বিদেশী ক্রেতাদের জন্য একটি সম্পূর্ণ নির্দেশিকা,0,1,1,1.0,395.58971,1,0,Highly Engaging Pages
মারাকেশে একটি বিলাসবহুল ভিলা তৈরি করতে কত খরচ হয়? - অর্কিড দ্বীপ,0,1,1,1.0,197.231664,1,0,Highly Engaging Pages
মরক্কোতে রিয়েল এস্টেট বিনিয়োগ: ২০২৫ সালে কেন বড় প্লটগুলি জনপ্রিয়?,0,1,1,1.0,348.10082,1,0,Highly Engaging Pages
মরক্কোতে কীভাবে বিনিয়োগ করবেন: মূল সুযোগগুলি অপেক্ষা করছে,0,1,1,1.0,549.853376,1,0,Highly Engaging Pages
বিদেশীরা কি মরক্কোতে সম্পত্তি কিনতে পারে? আপনার চূড়ান্ত গাইড - অর্কিড দ্বীপ,0,1,1,1.0,646.078612,1,0,Highly Engaging Pages
পাওয়ার অফ অ্যাটর্নির মাধ্যমে মরক্কোতে সম্পত্তি কেনা: ঝুঁকি এবং প্রক্রিয়া (২০২৫ নির্দেশিকা),0,1,1,1.0,1013.386007,1,0,Highly Engaging Pages
তহবিল প্রত্যাবাসন গ্যারান্টি: বিদেশীদের জন্য একটি নির্দেশিকা। - অর্কিড দ্বীপ,0,1,1,1.0,727.623281,1,0,Highly Engaging Pages
"Immobilier de luxe à Marrakech | Villas, riads et propriétés d'investissement | Île des Orchidées",163,43,56,0.8484848484848485,204.9738238939394,241,0,Highly Engaging Pages
Wonderful Villa at RiverPalm: Luxury living with breathtaking views - Orchid Island,202,164,132,0.7292817679558011,66.15343299447514,425,0,Highly Engaging Pages
10 Smart Real Estate Guide Morocco Tips to Succeed,213,33,30,0.6976744186046511,212.7207316046512,326,0,Highly Engaging Pages
Carrières & Offres d'emploi | Orchid Island Real Estate,215,28,77,0.9506172839506172,373.70231509876544,480,0,Highly Engaging Pages
Apartment Marrakech – Modern2Bedroom in Burj Malak Residence,119,95,72,0.6792452830188678,60.676913443396224,305,0,Highly Engaging Pages
هل يُعدّ مول المغرب في مراكش وجهة تسوق فاخرة؟ - جزيرة الأوركيد,0,2,2,1.0,37.18543,2,0,Highly Engaging Pages
摩洛哥垂直农业：一种全新的都市生活方式,0,1,1,1.0,1192.556977,1,0,Highly Engaging Pages
هل يمكن للأجانب شراء عقار في المغرب؟ دليلك الشامل - جزيرة أوركيد,0,27,25,0.925925925925926,190.7585905555556,32,0,Highly Engaging Pages
هل الاستثمار في العقارات في المغرب أم إسبانيا أفضل؟ - جزيرة الأوركيد,0,1,1,1.0,23.205448,1,0,Highly Engaging Pages
نبذة عنا: 5 أسباب رائعة لاختيار الشركة الرائدة في المغرب,0,1,1,1.0,14.107577,1,0,Highly Engaging Pages
نبذة عنا - جزيرة الأوركيد,0,11,10,0.909090909090909,115.21806009090908,14,0,Highly Engaging Pages
منتجع فيلا فاخرة مراكش: تجربة الأناقة الخالدة - جزيرة أوركيد,0,2,2,1.0,117.7590455,3,0,Highly Engaging Pages
منازل خضراء معتمدة في المغرب: LEED، HQE، ​​EDGE,0,1,1,1.0,250.461589,1,0,Highly Engaging Pages
مزادات العقارات في المغرب: دليل للشراء الذكي,0,1,1,1.0,154.779681,1,0,Highly Engaging Pages
مدينة مراكش الذكية: نشأة أول مدينة ذكية في المغرب.,0,1,1,1.0,1265.449629,1,0,Highly Engaging Pages
لماذا مراكش مثالية للاستثمار العقاري - جزيرة أوركيد,0,1,1,1.0,46.477942,1,0,Highly Engaging Pages
لماذا تضخ الصين مليارات الدولارات في مصنع مغربي؟ - جزيرة الأوركيد,0,1,1,1.0,139.031796,1,0,Highly Engaging Pages
لماذا أسعار المنازل مرتفعة في مراكش؟ - جزيرة الأوركيد,0,2,2,1.0,24.671662,2,0,Highly Engaging Pages
在摩洛哥的外国人：签证和居留许可,0,2,2,1.0,269.669333,2,0,Highly Engaging Pages
Orchid Island Investment: Unlock Unique Growth Opportunities,144,112,90,0.72,51.825162312,295,0,Highly Engaging Pages
Mansion Marrakech : Premium Property - Orchid Island,150,122,112,0.7943262411347518,85.6856960638298,321,0,Highly Engaging Pages
كيفية الاستثمار في المغرب: فرص رئيسية تنتظرك,0,1,1,1.0,1309.996815,1,0,Highly Engaging Pages
كيف يمكن للمستثمرين تقييم عائد الاستثمار في الرياضات العقارية المغربية؟,0,1,1,1.0,77.254671,1,0,Highly Engaging Pages
كم تكلفة بناء فيلا فاخرة في مراكش؟ - جزيرة الأوركيد,0,5,5,1.0,403.88698,5,0,Highly Engaging Pages
كم تبلغ تكلفة بناء فيلا فاخرة في مراكش؟ - جزيرة الأوركيد,0,6,5,0.8333333333333333,32.21929316666667,6,0,Highly Engaging Pages
قصر فاخر للغاية في مراكش - أوركيد آيلاند إستيت - أوركيد آيلاند,0,2,2,1.0,76.8429515,3,0,Highly Engaging Pages
قصر فاخر في مراكش – منتجع جزيرة الأوركيد - جزيرة الأوركيد,0,1,1,1.0,126.889492,1,0,Highly Engaging Pages
فيلا فاخرة للإيجار: ملاذ مراكش الحصري - جزيرة أوركيد,0,1,1,1.0,33.333781,1,0,Highly Engaging Pages
فيلا جولف فاخرة أملكيس: استثمار حصري في مراكش - جزيرة أوركيد,0,1,1,1.0,74.856163,1,0,Highly Engaging Pages
فندق بوتيكي فاخر في مراكش يضم 66 غرفة - أيقونة نادرة في المدينة القديمة,0,1,1,1.0,37.867551,1,0,Highly Engaging Pages
فرصة لتجديد رياض في المغرب، عقار مميز في واحة النخيل,0,1,1,1.0,265.256055,1,0,Highly Engaging Pages
فرصة استثمارية: فلل وفنادق ومساكن في المغرب - جزيرة أوركيد,0,1,1,1.0,18.261122,1,0,Highly Engaging Pages
فرصة استثمارية لتطوير الأراضي - أرض مساحتها 42 هكتارًا في مراكش - جزيرة الأوركيد,0,1,1,1.0,225.421219,1,0,Highly Engaging Pages
فرص العمل في جزيرة الأوركيد,0,3,4,1.0,73.18403325,6,0,Highly Engaging Pages
Rotary Marrakech 2025: A Global Gathering for Positive Peace,101,38,32,0.4507042253521126,287.3460443098592,233,0,Highly Engaging Pages
Riad for sale Marrakech: Luxury meets tradition - Orchid Island,116,79,64,0.6213592233009708,117.0999124368932,256,0,Highly Engaging Pages
عقارات مراكش - جزيرة الأوركيد | عقارات فاخرة,0,20,20,0.909090909090909,199.23448668181817,26,0,Highly Engaging Pages
عقارات - جزيرة الأوركيد,0,6,4,0.6666666666666666,92.74928883333332,12,0,Highly Engaging Pages
عقار فاخر في مراكش – عقار استثنائي بمساحة 4 هكتارات على طريق VNA يضم فيلا وقطع أراضي قابلة للتقسيم – جزيرة الأوركيد,0,1,1,1.0,47.84309,1,0,Highly Engaging Pages
شقة تاماريس: منزل عصري بمساحة 88 مترًا مربعًا بالقرب من الشاطئ - جزيرة أوركيد,0,1,1,1.0,49.555548,1,0,Highly Engaging Pages
شراء عقار في مراكش - هل عام ٢٠٢٥ هو الوقت المناسب للاستثمار؟ - جزيرة الأوركيد,0,3,2,0.6666666666666666,87.98837133333335,4,0,Highly Engaging Pages
سوق العقارات في المغرب 2026: آفاق النمو والبنية التحتية - جزيرة الأوركيد,0,2,2,1.0,50.619567,2,0,Highly Engaging Pages
سندات الملكية الرقمية في المغرب - دليل العقارات بتقنية بلوكتشين ٢٠٢٥,0,1,1,1.0,476.532936,1,0,Highly Engaging Pages
سندات الملكية الرقمية في المغرب - دليل العقارات بتقنية البلوك تشين 2025,0,2,2,1.0,59.2885455,2,0,Highly Engaging Pages
رياض للبيع في مدينة مراكش القديمة – حصري ومُجدد – جزيرة الأوركيد,0,1,1,1.0,76.171161,1,0,Highly Engaging Pages
دليل العقارات - رؤى أوركيد - جزيرة أوركيد,0,2,2,1.0,44.0047105,2,0,Highly Engaging Pages
خريطة الموقع - جزيرة الأوركيد,0,1,1,1.0,17.840218,1,0,Highly Engaging Pages
جزيرة الأوركيد | جمعية أنور,0,4,3,0.75,47.433298750000006,4,0,Highly Engaging Pages
لم يتم العثور على الصفحة - جزيرة الأوركيد,0,1,1,1.0,17.543595,1,0,Highly Engaging Pages
Propriété de Luxe à Vendre à Marrakech | Domaine de 1 Hectare avec Autorisation Hôtel 4 Étoiles | Orchid Immobilier,84,30,38,0.95,194.57078005,107,0,Highly Engaging Pages
Services - Orchid Island,88,38,48,0.9230769230769232,187.5444737692308,177,0,Highly Engaging Pages
luxury villa resort Marrakech : Experience Timeless Elegance - Orchid Island,91,64,53,0.7162162162162162,27.415353959459463,197,0,Highly Engaging Pages
About Us - Orchid Island,91,56,62,0.765432098765432,57.43878501234567,190,0,Highly Engaging Pages
Riad Renovation Opportunity Morocco Prime Palmeraie Property,92,69,58,0.7160493827160493,82.20638877777778,235,0,Highly Engaging Pages
Luxury Garden Apartment for Sale Hivernage Marrakech with 3 suites - Orchid Island,93,82,63,0.7,38.44663692222223,234,0,Highly Engaging Pages
Apartment for Sale in Marrakech – Luxury Property in Hivernage,95,85,69,0.7582417582417582,33.65012318681318,196,0,Highly Engaging Pages
"Apartment Tamaris : Contemporary 88m² Home Near the Beach"" - Orchid Island",95,74,70,0.8235294117647058,77.02679764705881,206,0,Highly Engaging Pages
Luxury Estate Marrakech – Exceptional 4-Hectare VNA Domain with Villa & Divisible Plots - Orchid Island,75,60,50,0.746268656716418,89.99205834328359,161,0,Highly Engaging Pages
Exclusive Boutique Spa Retreat – 36 Suite Exceptional Investment Opportunity in Marrakech,76,46,56,0.8484848484848485,121.50706662121212,158,0,Highly Engaging Pages
Marrakech Real Estate Investment Becoming Africa’s Dubai in 2030 - Orchid Island,77,70,44,0.6027397260273972,82.29487941095891,238,0,Highly Engaging Pages
Hôtel de Luxe à Vendre à Essaouira | Domaine de Prestige de 4 430 m² | Orchid Immobilier,81,27,34,0.918918918918919,188.29302478378372,106,0,Highly Engaging Pages
Appartement Moderne Marrakech : 147 m² Luxury Apartment,65,57,49,0.7903225806451613,47.3280855483871,136,0,Highly Engaging Pages
تحقيق النجاح: لوائح تأجير العقارات قصيرة الأجل في المغرب 2025,0,1,1,1.0,344.571555,1,0,Highly Engaging Pages
المنازل الذكية وتقنيات العقارات في المغرب - جزيرة الأوركيد,0,1,1,1.0,351.554529,1,0,Highly Engaging Pages
العقارات - جزيرة أوركيد,0,2,3,0.75,136.8522795,14,0,Highly Engaging Pages
الحياة على الواجهة البحرية في المغرب: منازل ساحلية مستدامة,0,1,1,1.0,177.904579,1,0,Highly Engaging Pages
التنمية الموجهة نحو النقل العام في المغرب: اتجاهات عقارية جديدة,0,1,2,1.0,16.914227,2,0,Highly Engaging Pages
التكنولوجيا الذكية في العقارات الفاخرة | نهج جزيرة الأوركيد,0,1,1,1.0,30.110643,1,0,Highly Engaging Pages
التخطيط الحضري: مفتاحك للاستثمارات الذكية في مراكش - جزيرة الأوركيد,0,1,1,1.0,8.581732,1,0,Highly Engaging Pages
الاستثمار في مراكز البيانات في المغرب | منصة البنية التحتية السيادية للذكاء الاصطناعي - جزيرة الأوركيد,0,1,1,1.0,360.380329,1,0,Highly Engaging Pages
الاستثمار في جزيرة الأوركيد: اكتشف فرص نمو فريدة,0,4,3,0.75,21.58452375,4,0,Highly Engaging Pages
الاستثمار في جزيرة أوركيد: اكتشف فرص التنوع,0,1,1,1.0,438.24337,1,0,Highly Engaging Pages
الاستثمار في المغرب: أرض للبيع، معتمدة لبناء 22 فيلا!,0,6,5,0.8333333333333333,57.9733145,6,0,Highly Engaging Pages
الاستثمار العقاري في المغرب: لماذا ستكون الأراضي الكبيرة رائجة في عام 2025؟,0,4,4,1.0,281.9261965,6,0,Highly Engaging Pages
الاستثمار العقاري في المغرب: لماذا تحظى قطع الأراضي الكبيرة بشعبية كبيرة في عام 2025؟,0,2,2,1.0,292.2837905,2,0,Highly Engaging Pages
الاستثمار العقاري القائم على الرموز الرقمية في المغرب,0,2,2,1.0,89.3885345,2,0,Highly Engaging Pages
الأسطح الخضراء والزراعة الحضرية: تأثيرها على العقارات في المغرب,0,1,1,1.0,18.484264,1,0,Highly Engaging Pages
عقارات مراكش – جزيرة الأوركيد | عقارات فاخرة,0,6,8,1.0,71.2508155,8,0,Highly Engaging Pages
1Exceptional Villa Carré du Golf Amelkis – Marrakech,65,35,44,0.7457627118644067,41.103980593220335,141,0,Highly Engaging Pages
Riad Lalla Mira in Essaouira: Turnkey Charming Guesthouse for Sale | Orchid Immobilier,67,20,35,0.945945945945946,428.7316081891892,126,0,Highly Engaging Pages
107 m² Garden Level Apartment Marrakech for Sale – Discover Your Private Oasis - Orchid Island,68,60,50,0.746268656716418,49.11439217910448,143,0,Highly Engaging Pages
Buy Luxury Property in Marrakech: A Complete Guide for Foreign Buyers,69,63,44,0.6470588235294118,73.17456288235294,151,0,Highly Engaging Pages
Luxury Villa for Rent in Targa Marrakech with Private Pool and Garden | Orchid Immobilier,58,17,23,0.92,245.20228264,77,0,Highly Engaging Pages
الأراضي الزراعية في المغرب: القواعد والمخاطر ومزايا الاستثمار - جزيرة الأوركيد,0,1,1,1.0,985.441674,1,0,Highly Engaging Pages
الأراضي الزراعية في المغرب: القواعد والمخاطر وفوائد الاستثمار - جزيرة الأوركيد,0,1,1,1.0,228.141618,1,0,Highly Engaging Pages
الأجانب في المغرب: التأشيرة وتصريح الإقامة,0,1,1,1.0,36.054845,1,0,Highly Engaging Pages
استثمار جزيرة الأوركيد: اكتشف فرص نمو فريدة,0,1,1,1.0,40.32199,1,0,Highly Engaging Pages
استثمار جزيرة أوركيد,0,1,1,1.0,50.04686,1,0,Highly Engaging Pages
اتصل بنا - جزيرة الأوركيد,0,4,4,1.0,52.17376875,4,0,Highly Engaging Pages
إعفاءات ضريبة الدخل في المغرب: دليل شامل للقضايا القانونية والأهلية,0,1,1,1.0,2.201267,1,0,Highly Engaging Pages
إشعار قانوني - جزيرة الأوركيد,0,1,1,1.0,44.010234,1,0,Highly Engaging Pages
أفضل مناطق الاستثمار العقاري الساحلي في المغرب 2025,0,10,10,1.0,76.48638,11,0,Highly Engaging Pages
أفضل الأحياء في مراكش: 10 مناطق فاخرة الأكثر ربحية,0,37,32,0.8648648648648649,142.40857335135135,40,0,Highly Engaging Pages
أرض مميزة للبيع في مراكش – 484 متر مربع في مركز جنات أزيتون لايف ستايل,0,1,1,1.0,67.539372,1,0,Highly Engaging Pages
أرشيف غير مصنف - جزيرة الأوركيد,0,1,1,1.0,260.197498,1,0,Highly Engaging Pages
"נדל""ן פנג שואי: איך המוצר שלנו משתלב עם פנג שואי - אי הסחלבים",0,1,1,1.0,19.382424,1,0,Highly Engaging Pages
Является ли Morocco Mall Marrakech местом для роскошного шопинга? - Orchid Island,0,1,1,1.0,24.579914,1,0,Highly Engaging Pages
"Сертифіковані екологічні будинки Марокко: LEED, HQE, EDGE",0,1,1,1.0,39.04875,1,0,Highly Engaging Pages
تمويل العقارات في المغرب: دليل 2025 للمشترين الأجانب,0,1,1,1.0,158.716476,1,0,Highly Engaging Pages
"Fiscalité des établissements touristiques au Maroc : guide complet des impôts, taxes et avantages fiscaux | Orchid Island Real Estate",59,27,45,0.8823529411764705,241.0732545490196,122,0,Highly Engaging Pages
Luxury villa for rent: Exclusive Marrakech Retreat - Orchid Island,60,54,40,0.7017543859649122,49.95460028070176,133,0,Highly Engaging Pages
Luxurious Villa in Marrakech: Luxury Villa for Sale Targa Jawhar Marrakech,61,52,39,0.6724137931034482,53.13159551724138,149,0,Highly Engaging Pages
Appartement à vendre à Mabrouka Marrakech | Orchid Immobilier,63,15,29,0.8787878787878787,195.5193192121212,96,0,Highly Engaging Pages
About Us: 5 Great Reasons to Choose leader in Morocco,64,42,44,0.8,105.5207560909091,131,0,Highly Engaging Pages
Villa Premium Marrakech: Top-end Estate for Sale (SOLD) - Orchid Island,65,47,35,0.6730769230769231,41.47176017307692,143,0,Highly Engaging Pages
KSAR ABIAD | Exceptional Palace for Sale in Marrakech,54,44,41,0.7592592592592593,65.00967194444445,111,0,Highly Engaging Pages
Corner plot villa in Marrakech - Orchid Island,54,43,36,0.8,38.88314246666666,118,0,Highly Engaging Pages
Buildable Lot For Sale in Hivernage Marrakech - Orchid Island,55,44,34,0.7391304347826086,59.29931417391304,130,0,Highly Engaging Pages
Villa de Luxe à Louer à Marrakech | Orchid Immobilier,58,18,25,0.9615384615384616,216.03162615384616,74,0,Highly Engaging Pages
Ремонт вилл в Марракеше: практическое руководство по инвестициям — Orchid Island,0,1,1,1.0,184.031357,1,0,Highly Engaging Pages
Покупка недвижимости в Марокко для европейского инвестора: руководство 2025 года — Orchid Island,0,2,2,1.0,125.4061355,2,0,Highly Engaging Pages
Недвижимость в Марракеше – Остров Орхидей | Элитная недвижимость,0,1,1,1.0,75.371459,1,0,Highly Engaging Pages
Недвижимость - Остров Орхидей,0,2,2,1.0,53.96835,5,0,Highly Engaging Pages
Налоговые льготы в Марокко: полное руководство по юридическим вопросам и критериям получения льгот.,0,1,1,1.0,638.530871,1,0,Highly Engaging Pages
Могут ли иностранцы покупать недвижимость в Марокко? Ваш подробный путеводитель — Остров Орхидей,0,1,1,1.0,261.393765,1,0,Highly Engaging Pages
Могут ли иностранцы купить недвижимость в Марокко? Ваш полный путеводитель — Orchid Island,0,2,2,0.6666666666666666,50.09162066666667,4,0,Highly Engaging Pages
Льготы по подоходному налогу в Марокко: полное руководство по юридическим случаям и критериям,0,1,1,1.0,596.463957,1,0,Highly Engaging Pages
Лучшие районы Марракеша: 10 самых прибыльных элитных районов,0,3,3,1.0,783.8401146666665,3,0,Highly Engaging Pages
Лучшие прибрежные районы Марокко для инвестиций в недвижимость в 2025 году.,0,1,1,1.0,0.0,2,0,Highly Engaging Pages
Купить элитную недвижимость в Марракеше: полное руководство для иностранных покупателей,0,1,1,1.0,91.792754,1,0,Highly Engaging Pages
Купить недвижимость в Марракеше — 2025 год — подходящее время для инвестиций? — Orchid Island,0,1,1,1.0,357.476635,1,0,Highly Engaging Pages
"Елітна нерухомість у Марракеші | Вілли, ріади та інвестиційна нерухомість | Острів Орхідей",0,1,1,1.0,23.340746,1,0,Highly Engaging Pages
الأسطح الخضراء والزراعة الحضرية: أثرها على سوق العقارات في المغرب,0,2,2,1.0,78.8571915,3,0,Highly Engaging Pages
Villa de Luxe à Vendre à Amelkis Marrakech | 450 m² | Piscine & Golf | Orchid Immobilier,52,22,30,0.9375,240.3333933125,79,0,Highly Engaging Pages
Биоклиматическая архитектура в Марокко: устойчивое проектирование,0,1,1,1.0,86.765895,1,0,Highly Engaging Pages
Аренда или покупка: что разумнее в Марракеше?,0,1,1,1.0,147.528585,1,0,Highly Engaging Pages
Апартаменты площадью 107 м² на уровне сада в Марракеше на продажу — откройте для себя свой личный оазис — остров орхидей,0,1,1,1.0,73.960794,1,0,Highly Engaging Pages
Über uns – Orchideeninsel,0,2,2,1.0,35.4125795,3,0,Highly Engaging Pages
Über uns - Orchid Island,0,1,1,1.0,43.911481,1,0,Highly Engaging Pages
Özellikler - Orkide Adası,0,1,1,1.0,103.396482,3,0,Highly Engaging Pages
"Événements haut de gamme : L'île aux Orchidées, lieu incontournable de la vie nocturne à Marrakech",0,1,1,1.0,45.615421,1,0,Highly Engaging Pages
Évaluation immobilière Maroc : Ce qu'il faut savoir avant d'acheter,0,1,1,1.0,15.848391,1,0,Highly Engaging Pages
Étrangers au Maroc : Visa et permis de séjour,0,1,1,1.0,41.496115,1,0,Highly Engaging Pages
École d'investissement Marrakech : Bellevue 1 Opportunité exclusive à Guéliz avec un retour sur investissement élevé,0,1,1,1.0,12.842224,1,0,Highly Engaging Pages
Är Morocco Mall Marrakech ett lyxigt shoppingställe? - Orchid Island,0,1,1,1.0,9.279406,1,0,Highly Engaging Pages
À propos de nous : 5 excellentes raisons de choisir le leader au Maroc,0,1,1,1.0,23.858701,1,0,Highly Engaging Pages
À propos de nous - Île aux Orchidées,0,1,1,1.0,0.002289,1,0,Highly Engaging Pages
À propos de nous - Orchid Island,0,46,48,0.96,138.79581402,63,0,Highly Engaging Pages
Риады в Марракеше: уникальная возможность для инвестиций — Orchid Island,0,1,1,1.0,90.467012,1,0,Highly Engaging Pages
Luxury Villa for Sale | Villa on Mohamed VI Boulevard,47,24,33,0.717391304347826,63.99642013043479,95,0,Highly Engaging Pages
¿Pueden los extranjeros comprar propiedades en Marruecos? Tu guía definitiva - Isla de las Orquídeas,0,1,1,1.0,140.623978,1,0,Highly Engaging Pages
¿Pueden los extranjeros comprar propiedades en Marruecos? Tu guía definitiva - Isla Orquídea,0,10,10,1.0,139.6097648,11,0,Highly Engaging Pages
¿Por qué son tan altos los precios de las viviendas en Marrakech? - Isla Orquídea,0,4,4,1.0,53.9639795,4,0,Highly Engaging Pages
¿Por qué invertir en Marruecos? - Isla Orquídea,0,1,1,1.0,1740.306468,1,0,Highly Engaging Pages
¿Es mejor invertir en bienes raíces en Marruecos o España? - Isla Orquídea,0,1,1,1.0,108.354837,1,0,Highly Engaging Pages
¿Cómo pueden los inversores evaluar el ROI de un Riad en el sector inmobiliario marroquí?,0,1,1,1.0,28.717762,1,0,Highly Engaging Pages
¿Cómo comprar propiedades inmobiliarias online en Marruecos? - Isla Orquídea,0,1,1,1.0,85.081859,1,0,Highly Engaging Pages
¿Cuánto cuesta construir una villa de lujo en Marrakech? - Isla Orquídea,0,4,4,1.0,518.15653075,4,0,Highly Engaging Pages
"admin, Author at Orchid Island",0,1,1,1.0,2.13837,1,0,Highly Engaging Pages
Zakup nieruchomości w Maroku jako inwestor europejski: Przewodnik 2025 - Orchid Island,0,1,1,1.0,40.270687,1,0,Highly Engaging Pages
Wunderschöne Villa in RiverPalm: Luxuriöses Wohnen mit atemberaubender Aussicht – Orchid Island,0,1,1,1.0,44.857509,1,0,Highly Engaging Pages
Why the Psychology of Luxury Buyers Matters in Morocco’s Real Estate Market | Orchid Island Real Estate,0,1,1,1.0,32.485656,1,0,Highly Engaging Pages
Why the Benefits of Turnkey Villas Matter in Marrakech | Orchid Island Real Estate,0,1,1,1.0,11.806513,1,0,Highly Engaging Pages
В чем разница между рынками недвижимости Марокко и Португалии? - Orchid Island,0,1,1,1.0,458.609069,1,0,Highly Engaging Pages
Was kostet der Bau einer Luxusvilla in Marrakesch? – Orchid Island,0,3,3,1.0,38.578489,5,0,Highly Engaging Pages
Warum sind die Immobilienpreise in Marrakesch so hoch? - Orchid Island,0,2,2,1.0,41.351631,2,0,Highly Engaging Pages
Warum sind die Hauspreise in Marrakesch so hoch? - Orchideeninsel,0,1,1,1.0,109.138718,1,0,Highly Engaging Pages
Waarom zijn de huizenprijzen in Marrakech zo hoog? - Orchideeëneiland,0,5,5,1.0,181.059687,5,0,Highly Engaging Pages
Waarom China miljarden investeert in Marokkaanse fabrieken - Orchid Island,0,1,1,1.0,255.665475,1,0,Highly Engaging Pages
Vrijstellingen van inkomstenbelasting in Marokko: complete gids voor rechtszaken en geschiktheid,0,1,1,1.0,60.522289,1,0,Highly Engaging Pages
Visita de propiedad en Marrakech: Qué buscar durante una inspección - Isla Orquídea,0,1,1,1.0,66.680878,1,0,Highly Engaging Pages
Virtual Home Viewing: The Future of Luxury Real Estate | Orchid Island Real Estate,0,1,1,1.0,0.0,1,0,Highly Engaging Pages
Villas avec piscine privée à Marrakech : Guide de la demande 2025 - Orchid Island,0,1,1,1.0,56.576017,1,0,Highly Engaging Pages
Villa à vendre à Marrakech – Propriété de luxe à Amelkis – Île aux Orchidées,0,1,1,1.0,25.09148,1,0,Highly Engaging Pages
"Villa à Marrakech, Maroc | Vue imprenable sur l'Atlas ; investissement",0,1,1,1.0,28.758103,1,0,Highly Engaging Pages
"Villa à Marrakech, Maroc | Vue imprenable sur l'Atlas - Investissement",0,1,1,1.0,31.909692,1,0,Highly Engaging Pages
"Villa moderne à vendre – semi-finie, sans vis-à-vis et offrant une intimité totale",0,1,1,1.0,6.017069,1,0,Highly Engaging Pages
¿Quién es el dueño de Marrakech? - Isla Orquídea,0,1,1,1.0,54.876261,1,0,Highly Engaging Pages
Luxury Hotel for Sale in Marrakech – Mirage Royal Gardens 5-Star Investment Opportunity,40,24,30,0.8823529411764705,64.28961626470588,76,0,Highly Engaging Pages
Exceptional Private Estate Marrakech – 4 Hectare Luxury Off Market Domain,40,25,27,0.75,85.63478233333333,81,0,Highly Engaging Pages
The Rise of Global Hotel Expansion in Morocco: 7 Powerful Opportunities Driving Exceptional Growth | Orchid Island Real Estate,41,23,31,0.861111111111111,345.2578744722222,90,0,Highly Engaging Pages
عقارات فاخرة في مراكش | فلل، رياضات، وعقارات استثمارية | جزيرة الأوركيد,42,16,20,1.0,85.05013955,52,0,Highly Engaging Pages
Villa for Sale in Marrakech – Luxury Amelkis Property | Orchid Island Real Estate,0,1,1,1.0,0.0,1,0,Highly Engaging Pages
Villa exclusive de 3 chambres à vendre à Marrakech Golf City - Piscine privée,0,1,1,1.0,0.0,1,0,Highly Engaging Pages
"Villa exceptionnelle à Palmeraie, Marrakech",0,1,1,1.0,43.187299,1,0,Highly Engaging Pages
"Villa en Marrakech, Marruecos | Inversión con impresionantes vistas al Atlas",0,1,1,1.0,27.179999,1,0,Highly Engaging Pages
Villa du golf - Luxe exclusif (VENDUE) - Île aux Orchidées,0,4,4,1.0,24.3509215,4,0,Highly Engaging Pages
Villa du golf - Luxe exclusif (VENDU) - Orchid Island,0,2,2,1.0,27.034373,2,0,Highly Engaging Pages
Villa de luxe à vendre à Marrakech - Île des Orchidées,0,1,1,1.0,0.0,2,0,Highly Engaging Pages
Villa de luxe à vendre à Marrakech - Île aux Orchidées,0,1,1,1.0,40.213087,1,0,Highly Engaging Pages
"Villa de luxe à vendre à Chaweng Noi, Koh Samui – La Maison de Koh Koon – Île aux Orchidées",0,1,1,1.0,174.093861,1,0,Highly Engaging Pages
Villa de luxe à vendre | Villa sur le boulevard Mohamed VI,0,4,3,0.75,148.0408645,5,0,Highly Engaging Pages
Villa de luxe à vendre : Retraite exclusive à Marrakech,0,1,1,1.0,0.000798,1,0,Highly Engaging Pages
Villa de luxe à louer à Marrakech : une retraite moderne à Targa,0,1,1,1.0,42.346419,1,0,Highly Engaging Pages
Villa de luxe à louer à Marrakech : Villa contemporaine à Marrakech,0,1,1,1.0,179.187557,1,0,Highly Engaging Pages
Villa de luxe à louer : Retraite exclusive à Marrakech - Île aux Orchidées,0,3,3,1.0,40.212910333333326,4,0,Highly Engaging Pages
"Villa de luxe à Marrakech : Villa de luxe à vendre à Targa Jawhar, Marrakech",0,1,1,1.0,5.507351,1,0,Highly Engaging Pages
"Why Consider Investing in Moroccan Real Estate by 2025: Trends, Insights & Opportunities | Orchid Island Real Estate",0,1,1,1.0,6.158256,1,0,Highly Engaging Pages
66 Rooms Luxury Boutique Hotel Marrakech – Rare Medina Icon,37,32,35,0.9722222222222222,108.1745556111111,71,0,Highly Engaging Pages
OFF MARKET Luxury Property Amelkis Golf Marrakech | Contemporary 4-Bed Villa | Orchid Immobilier,39,13,23,0.92,319.00969076,69,0,Highly Engaging Pages
uxury Apartment Hivernage Marrakech | Apartment for Sale in Hivernage Marrakech,35,29,29,0.8055555555555555,42.680106,73,0,Highly Engaging Pages
Villa de luxe hors marché à Marrakech | 6 suites,0,1,1,1.0,13.127632,1,0,Highly Engaging Pages
Villa de lujo en venta | Villa en el bulevar Mohamed VI,0,1,1,1.0,38.703976,1,0,Highly Engaging Pages
Villa de lujo Golf Amelkis: Inversión exclusiva en Marrakech - Isla Orquídea,0,1,1,1.0,19.654981,1,0,Highly Engaging Pages
"Villa d'exception à la Palmeraie, Marrakech",0,1,1,1.0,22.756934,1,0,Highly Engaging Pages
Villa d'angle à Marrakech - Île des Orchidées,0,2,2,1.0,20.5290145,2,0,Highly Engaging Pages
Villa d'angle à Marrakech - Île aux Orchidées,0,1,1,1.0,41.638941,1,0,Highly Engaging Pages
Villa avec piscine à Marrakech : Votre escapade de luxe de rêve (VENDUE) - Orchid Island,0,3,3,1.0,132.96119766666666,3,0,Highly Engaging Pages
Villa Premium Marrakech : Propriété de luxe à vendre (VENDUE) - Orchid Island,0,1,1,1.0,16.893891,1,0,Highly Engaging Pages
Villa Medina Marrakesch – Hervorragendes Renovierungspotenzial (VERKAUFT) – Orchideeninsel,0,1,1,1.0,57.860557,1,0,Highly Engaging Pages
Villa Medina Marrakech - Fort potentiel de rénovation (VENDUE) - Île aux Orchidées,0,1,1,1.0,31.820859,1,0,Highly Engaging Pages
Villa Medina Marrakech - Excelente potencial de renovación (VENDIDA) - Isla Orquídea,0,1,1,1.0,23.03079,1,0,Highly Engaging Pages
Verhuizen naar Marrakech: alles wat je moet weten,0,1,1,1.0,156.26909,1,0,Highly Engaging Pages
Ventes aux enchères immobilières au Maroc : guide pour un achat intelligent,0,1,1,1.0,11.863334,1,0,Highly Engaging Pages
Vastgoedveilingen in Marokko: een gids voor slim kopen,0,1,1,1.0,220.33847,1,0,Highly Engaging Pages
"Villa in Marrakesch, Marokko | Atemberaubender Blick auf den Atlas – eine attraktive Investition",0,2,2,1.0,9.479499,2,0,Highly Engaging Pages
Appartement Guéliz Marrakech Duplex & Flats,35,30,23,0.696969696969697,148.20684066666666,91,0,Highly Engaging Pages
Smart Choice | Prestigia Agate Apartment on First Floor,36,30,27,0.84375,98.354448,76,0,Highly Engaging Pages
Villa in Marrakech with pool: Your dream luxury escape (SOLD) - Orchid Island,37,32,18,0.5625,142.917434,96,0,Highly Engaging Pages
Vastgoedinvesteringen in Marokko: Waarom zijn grote percelen in 2025 zo gewild?,0,7,6,0.8571428571428571,365.6272214285714,7,0,Highly Engaging Pages
Vastgoedgids - Orchid Insights - Orchid Island,0,1,1,1.0,53.527382,2,0,Highly Engaging Pages
Vastgoed kopen in Marokko als Europese investeerder: Gids 2025 - Orchid Island,0,1,1,1.0,11.649171,1,0,Highly Engaging Pages
Vastgoed Marrakech – Orchideeëneiland | Luxe woningen,0,5,6,0.8571428571428571,214.5592631428572,10,0,Highly Engaging Pages
Vastgoed - Orchid Island,0,1,1,1.0,245.591423,4,0,Highly Engaging Pages
Vantaggi delle ville chiavi in ​​mano - Orchid Island,0,1,1,1.0,73.351234,1,0,Highly Engaging Pages
Valoración de propiedades en Marruecos: Qué saber antes de comprar,0,1,1,1.0,136.275203,1,0,Highly Engaging Pages
Urbanisme : la clé d'investissements judicieux à Marrakech - Île aux Orchidées,0,1,1,1.0,47.576289,1,0,Highly Engaging Pages
Unlocking the Potential of Marrakech Real Estate: Hosting Mindfulness and Yoga Retreats for Luxury Travelers | Orchid Island Real Estate,0,1,1,1.0,0.0,1,0,Highly Engaging Pages
Une opportunité d'aménagement foncier - Terrain de 42 hectares à Marrakech - Île aux Orchidées,0,1,1,1.0,9.700603,1,0,Highly Engaging Pages
Uncategorized Archives - Strona 19 z 19 - Orchidea,0,1,1,1.0,31.404467,1,0,Highly Engaging Pages
Uncategorized Archives - Page 9 of 20 - Orchid Island,0,1,1,1.0,0.149673,1,0,Highly Engaging Pages
Uncategorized Archives - Page 6 of 22 - Orchid Island,0,1,1,1.0,0.009553,1,0,Highly Engaging Pages
"Umzug nach Marrakesch: Alles, was Sie wissen müssen",0,1,1,1.0,143.298036,1,0,Highly Engaging Pages
Villa de luxe à Casablanca | Villa d'architecte,0,1,1,1.0,440.503006,1,0,Highly Engaging Pages
Luxury Villa with Private Pool in Marrakech | Orchid Immobilier,34,15,24,0.96,146.93586928000002,46,0,Highly Engaging Pages
Environmental Awareness Days: Highlights from Crocologies 2025,34,28,21,0.6363636363636364,35.09621027272727,111,0,Highly Engaging Pages
Riad for Sale Marrakech Medina – 11 Bedroom Boutique Property - Orchid Island,30,23,22,0.8148148148148147,30.689679814814813,68,0,Highly Engaging Pages
Traumhafte Villa in RiverPalm: Luxuriöses Wohnen mit atemberaubendem Ausblick – Orchideeninsel,0,2,2,1.0,30.453904,2,0,Highly Engaging Pages
Transit Oriented Development Morocco: New Real Estate Trends | Orchid Island Real Estate,0,1,1,1.0,0.0,1,0,Highly Engaging Pages
Toppkvarter i Marrakech: 10 mest lönsamma lyxområden,0,11,9,0.8181818181818182,223.58713390909088,12,0,Highly Engaging Pages
Topbuurten in Marrakesh: de 10 meest winstgevende luxegebieden,0,9,8,0.8,108.6638411,15,0,Highly Engaging Pages
Topbuurten in Marrakech: 10 meest winstgevende luxegebieden,0,10,8,0.8,116.216147,11,0,Highly Engaging Pages
Top-Viertel in Marrakesch: Die 10 profitabelsten Luxusgegenden,0,2,2,1.0,18.702559,2,0,Highly Engaging Pages
Titres de propriété numériques au Maroc – Guide immobilier blockchain 2025,0,1,2,1.0,244.18099,3,0,Highly Engaging Pages
Tipos de terreno en Marruecos: Lo que los compradores deben saber - Isla Orquídea,0,1,1,1.0,38.206759,2,0,Highly Engaging Pages
The Rise of Digital Nomad Rentals in Morocco: 2025 Investment Guide | Orchid Island Real Estate,0,1,1,1.0,5.661095,1,0,Highly Engaging Pages
The Critical Role of Notaries in Moroccan Real Estate. A 2025 Guide:,0,1,1,1.0,200.312371,1,0,Highly Engaging Pages
Testamenti ed eredità - Guida legale essenziale sulla proprietà in Marocco,0,1,1,1.0,79.824876,1,0,Highly Engaging Pages
Testamenten en Erfenissen Marokko Onroerend Goed Essentiële Juridische Gids,0,1,1,1.0,18.484096,1,0,Highly Engaging Pages
Terrains à vendre à Marrakech | Excellente opportunité d'investissement,0,2,2,1.0,42.7171075,3,0,Highly Engaging Pages
Terrain à vendre à Marrakech. Une opportunité unique à Guéliz - l'île aux Orchidées.,0,1,1,1.0,7.129364,1,0,Highly Engaging Pages
Vastgoedmarkt in Marrakech – Topinvestering in 2025 - Orchid Island,0,1,1,1.0,31.237441,1,0,Highly Engaging Pages
"Investment Opportunity: Villas, Hotels, and Residences in Morocco [SOLD] - Orchid Island",30,28,20,0.6666666666666666,63.807727533333335,90,0,Highly Engaging Pages
Appartement Luxe Marrakech for Sale,30,18,14,0.6666666666666666,383.0097965714286,67,0,Highly Engaging Pages
Luxury Villas Marrakech South | Ourika Road KM 11 – Off-Market Approved 12 Villa Development - Orchid Island,31,23,27,0.9,56.22367543333333,63,0,Highly Engaging Pages
Luxury Villa for Sale in Chaweng Noi Koh Samui – The House of Koh Koon - Orchid Island,31,25,21,0.6774193548387096,82.54821912903226,66,0,Highly Engaging Pages
Exceptional Investment Riad in Sidi Mimoun – Marrakech Medina | Orchid Immobilier,31,13,14,0.9333333333333332,221.83218273333333,41,0,Highly Engaging Pages
Riad Marrakech House: A Historical and Artistic Masterpiece - Orchid Island,32,30,19,0.59375,92.67034309375,78,0,Highly Engaging Pages
Off-market Luxury Villa Marrakech | 6 Suites,32,26,27,0.8709677419354838,52.83080741935484,56,0,Highly Engaging Pages
Investment School Marrakech: Bellevue 1 Exclusive Opportunity in Gueliz with High ROI,28,26,21,0.7241379310344827,102.44230296551724,64,0,Highly Engaging Pages
1High-End Events: Marrakech's Exclusive Nightlife Venue - Orchid Island,28,21,17,0.586206896551724,104.60729196551723,67,0,Highly Engaging Pages
Luxury Properties | Orchid Island Real Estate,29,1,3,1.0,616.5470096666667,42,0,Highly Engaging Pages
Exceptional Apartment for Sale Majorelle Marrakech | Spacious 2 Bedroom Terrace Property | Orchid Immobilier,29,9,11,1.0,64.09412754545454,34,0,Highly Engaging Pages
Terrain à vendre au centre de Marrakech : potentiel de développement R+5,0,1,1,1.0,16.554432,1,0,Highly Engaging Pages
Terrain exclusif de premier choix à vendre à Marrakech – 484 m² au sein du pôle résidentiel Janat Azaitoun.,0,2,2,1.0,138.331926,2,0,Highly Engaging Pages
Terrain de premier choix dans le quartier Founty d'Agadir - Île aux Orchidées,0,3,3,1.0,45.44347966666666,4,0,Highly Engaging Pages
Terrain constructible à vendre à Hivernage Marrakech - Île des Orchidées,0,1,1,1.0,1.573067,1,0,Highly Engaging Pages
Terrain constructible Marrakech - Île aux Orchidées,0,2,2,1.0,12.236151,3,0,Highly Engaging Pages
Tendances résidences secondaires à Marrakech 2025 : Perspectives d'investissement - Orchid Island,0,1,1,1.0,10.090708,1,0,Highly Engaging Pages
Temmuz 2025 - Orkide Adası,0,1,1,1.0,13.851466,1,0,Highly Engaging Pages
Systèmes fonciers marocains pour les acheteurs étrangers,0,1,1,1.0,216.867987,1,0,Highly Engaging Pages
Steigern Sie Ihren Erfolg im Industriegebiet von Marrakesch,0,1,1,1.0,7.52393,1,0,Highly Engaging Pages
Soins de santé - Île aux Orchidées,0,1,1,1.0,4.536919,1,0,Highly Engaging Pages
Sobre nosotros - Isla Orquídea,0,2,3,1.0,47.55914333333333,3,0,Highly Engaging Pages
Smart Villas in Marokko: Hausautomation im Jahr 2025 - Orchid Island,0,1,1,1.0,40.378349,1,0,Highly Engaging Pages
Skontaktuj się z nami - Orchid Island,0,1,1,1.0,44.625435,1,0,Highly Engaging Pages
Sistemas de tenencia de tierras marroquíes para compradores extranjeros,0,1,1,1.0,19.173501,1,0,Highly Engaging Pages
Sistem Kepemilikan Tanah Maroko untuk Pembeli Asing,0,1,1,1.0,56.308869,1,0,Highly Engaging Pages
Títulos de propriedade digitais em Marrocos – Guia imobiliário Blockchain 2025,0,1,1,1.0,31.45356,1,0,Highly Engaging Pages
Exclusive 3-Bedroom Villa for Sale Marrakech Golf City - Private Pool Opportunity,27,23,21,0.75,45.8040425,58,0,Highly Engaging Pages
test | Orchid Island Real Estate,28,5,9,0.75,799.2675845833332,65,0,Highly Engaging Pages
Off‑Market: Exclusive Private Estate near Marrakech | Orchid Immobilier,28,14,21,0.9545454545454544,165.99354281818182,40,0,Highly Engaging Pages
Land for Sale in Central Marrakech: R+5 Development Chance,28,19,17,0.6538461538461539,62.42485496153847,62,0,Highly Engaging Pages
S'installer à Marrakech : tout ce que vous devez savoir,0,1,1,1.0,25.290054,1,0,Highly Engaging Pages
Résidences pour retraités à Marrakech : Guide des expatriés 2025 - Orchid Island,0,3,3,1.0,95.21065966666669,3,0,Highly Engaging Pages
Résidences Targa haut de gamme : 5 raisons de choisir des maisons de luxe,0,3,3,1.0,524.8394376666665,4,0,Highly Engaging Pages
Résidences Targa Premium : 5 raisons de choisir des maisons de luxe,0,1,1,1.0,107.5991,1,0,Highly Engaging Pages
Rénovation d'un riad traditionnel dans la médina de Marrakech - L'île aux Orchidées,0,1,1,1.0,33.480934,2,0,Highly Engaging Pages
Rénovation d'un Riad traditionnel dans la médina de Marrakech - Orchid Island,0,1,1,1.0,54.662121,1,0,Highly Engaging Pages
Réforme fiscale marocaine 2026 : Comment la circulaire 737 transforme l’investissement immobilier - Orchid Island,0,1,1,1.0,17.368541,1,0,Highly Engaging Pages
Rozwój zorientowany na transport w Maroku: Nowe trendy w nieruchomościach,0,1,1,1.0,75.011414,1,0,Highly Engaging Pages
Rozwój infrastruktury nieruchomości w Marrakeszu - Orchid Island,0,1,1,1.0,49.909375,1,0,Highly Engaging Pages
Royal Real Estate Marocco: proprietà di celebrità e diplomatici,0,1,1,1.0,171.644114,1,0,Highly Engaging Pages
Rotary Marrakech 2025: A Global Gathering for Positive Peace | Orchid Island Real Estate,0,1,1,1.0,0.0,1,0,Highly Engaging Pages
Rotary Marrakech 2025 : Un rassemblement mondial pour une paix positive,0,1,1,1.0,12.774533,1,0,Highly Engaging Pages
Ristrutturazione di un riad tradizionale nella Medina di Marrakech - Isola delle Orchidee,0,1,2,0.6666666666666666,90.17994666666668,4,0,Highly Engaging Pages
Riad à vendre – Propriété de luxe en médina au Maroc – Île aux Orchidées,0,1,1,1.0,14.319775,1,0,Highly Engaging Pages
Terrain à vendre à Guéliz Marrakech - Parcelle de choix de 2 200 m²,0,2,2,1.0,30.1498735,2,0,Highly Engaging Pages
Riad à vendre à Marrakech : le luxe rencontre la tradition - L'Île aux Orchidées,0,2,2,1.0,219.0004725,2,0,Highly Engaging Pages
Riad à vendre à Marrakech : Superbe villa alliant design marocain traditionnel et luxe moderne. | ​​Orchid Immobilier,0,1,1,1.0,72.253979,1,0,Highly Engaging Pages
Riad à vendre à Marrakech : le luxe rencontre la tradition - L'Île aux Orchidées,0,5,4,0.8,46.4941276,6,0,Highly Engaging Pages
Riad à vendre dans la médina de Marrakech – Propriété de charme de 11 chambres – Île aux Orchidées,0,1,1,1.0,14.285995,1,0,Highly Engaging Pages
Riad à vendre dans la médina de Marrakech – Exclusif et rénové – Île aux Orchidées,0,4,4,1.0,11.264673,4,0,Highly Engaging Pages
Riad à vendre dans la médina de Marrakech – Exclusif et rénové – Orchid Island,0,2,2,1.0,22.070833,2,0,Highly Engaging Pages
Riad zum Verkauf in der Medina von Marrakesch – Exklusiv & Renoviert – Orchid Island,0,1,1,1.0,69.084903,1,0,Highly Engaging Pages
Riad zum Verkauf in Marrakesch Medina – Exklusiv & Renoviert - Orchideeninsel,0,1,1,1.0,24.853529,1,0,Highly Engaging Pages
Riad zu verkaufen in Marrakesch: Luxus trifft Tradition – Orchideeninsel,0,1,1,1.0,37.070825,1,0,Highly Engaging Pages
Riad Marrakech House : Un chef-d'œuvre historique et artistique - Île aux Orchidées,0,1,1,1.0,10.588026,1,0,Highly Engaging Pages
"Rezydencje Premium Targa: 5 powodów, dla których warto wybrać luksusowe domy",0,1,1,1.0,13.357609,1,0,Highly Engaging Pages
Revised Description: Apartment for Sale in Marrakech – Exclusive Luxury Living in Hivernage | Orchid Immobilier,0,1,1,1.0,19.990598,1,0,Highly Engaging Pages
Residências Premium Targa: 5 motivos para escolher imóveis de luxo,0,1,1,1.0,1005.93549,1,0,Highly Engaging Pages
Rentabilidad inmobiliaria en Marruecos y Portugal: ¿Cuál ganará en 2025?,0,1,1,1.0,78.114442,1,0,Highly Engaging Pages
Services - Île aux Orchidées,0,4,4,1.0,9.202125,5,0,Highly Engaging Pages
Sous-location Airbnb Maroc : générer des revenus avec un logement loué | Orchid Island Real Estate,25,12,15,0.8823529411764705,230.0974141764706,42,0,Highly Engaging Pages
Guide Complet 2026 : Maîtriser la Convention Fiscale Maroc-France pour l’Investissement et le Business | Orchid Island Real Estate,25,9,15,0.7894736842105263,331.79673547368424,53,0,Highly Engaging Pages
Africa Investment Opportunities: From Abidjan to Johannesburg | Orchid Island Real Estate,22,6,10,0.909090909090909,433.0073715454545,42,0,Highly Engaging Pages
Renovating Villas in Marrakech: What Should Buyers Know? | Orchid Island Real Estate,0,1,1,1.0,104.368902,1,0,Highly Engaging Pages
Real Estate Bargaining Morocco: Tips for Smarter Deals | Orchid Island Real Estate,0,1,1,1.0,0.0,1,0,Highly Engaging Pages
Pålitlig fastighetsmäklare i Marocko - Orchid Island,0,1,1,1.0,72.452167,1,0,Highly Engaging Pages
Proyectos de inversión en los EAU en Marrakech: Crecimiento de la inversión de lujo - Orchid Island,0,1,1,1.0,173.834824,1,0,Highly Engaging Pages
Propriétés agrotouristiques au Maroc : Investissements rentables,0,1,1,1.0,2.002458,1,0,Highly Engaging Pages
Propriétés - Orchid Island,0,33,34,0.9714285714285714,56.97210491428572,72,0,Highly Engaging Pages
Propriété de Luxe Marrakech 2 Villas & Spa Estate à Vendre,0,1,1,1.0,0.154025,1,0,Highly Engaging Pages
Propiedades - Isla Orquídea,0,13,13,1.0,91.721785,29,0,Highly Engaging Pages
Property Evaluation Morocco: How to Value a Luxury Riad or Villa in Marrakech Before Buying | Orchid Island Real Estate,0,1,1,1.0,0.0,1,0,Highly Engaging Pages
Projets immobiliers adaptés aux familles au Maroc en 2025,0,1,1,1.0,1.602915,1,0,Highly Engaging Pages
Progettazione urbana e placemaking nel settore immobiliare di lusso,0,1,2,1.0,23.960457,3,0,Highly Engaging Pages
Premium Targa Residences: 5 redenen om voor luxe woningen te kiezen,0,1,1,1.0,53.756107,1,0,Highly Engaging Pages
Premium Targa Residences: 5 Gründe für Luxusimmobilien,0,1,1,1.0,61.135181,1,0,Highly Engaging Pages
Prachtige villa bij RiverPalm: luxe wonen met adembenemend uitzicht - Orchid Island,0,1,1,1.0,11.319395,1,0,Highly Engaging Pages
Pozemek na prvotřídním místě v agadirské čtvrti Founty - Orchid Island,0,1,1,1.0,137.714631,1,0,Highly Engaging Pages
Riad à vendre à Marrakech : le luxe rencontre la tradition - Orchid Island,0,1,1,1.0,98.62788,1,0,Highly Engaging Pages
"Turnkey Tea Lounge for Sale Marrakech 105m² + 63m² Mezzanine + 35m² Terrace 2,000,000 MAD Investment Opportunity | Orchid Immobilier",24,11,15,0.8333333333333333,327.5208217777778,43,0,Highly Engaging Pages
Luxury Villa for Rent in Marrakech: Contemporary Villa Marrakech,24,18,18,0.8571428571428571,37.56479661904762,52,0,Highly Engaging Pages
Pourquoi les prix de l'immobilier sont-ils si élevés à Marrakech ? - Orchid Island,0,1,1,1.0,174.466772,1,0,Highly Engaging Pages
Pourquoi Marrakech est-elle le choix du style de la vieille aristocratie marocaine ? - Orchid Island,0,1,1,1.0,46.15369,1,0,Highly Engaging Pages
Plan du site - Île aux Orchidées,0,2,2,1.0,40.978929,2,0,Highly Engaging Pages
Permis de location au Maroc : votre guide juridique Airbnb 2025,0,2,2,1.0,308.3143815,2,0,Highly Engaging Pages
Permis de location au Maroc : Votre guide juridique Airbnb 2025,0,2,2,1.0,284.0570405,2,0,Highly Engaging Pages
Pensioenwoningen in Marrakech: Expatgids 2025 - Orchidee-eiland,0,1,1,1.0,141.559595,1,0,Highly Engaging Pages
Parcelle à vendre à Marrakech – Excellente opportunité d'investissement – ​​Île des Orchidées,0,1,1,1.0,80.516848,1,0,Highly Engaging Pages
Palais de luxe ultime à Marrakech – Domaine de l'Île des Orchidées - Île des Orchidées,0,4,4,1.0,354.3837695,4,0,Highly Engaging Pages
Palais de luxe ultime à Marrakech - Orchid Island Estate - Orchid Island,0,1,1,1.0,75.851059,1,0,Highly Engaging Pages
Où trouver les plus beaux riads à vendre au Maroc ? - Orchid Island,0,2,2,1.0,83.1728025,2,0,Highly Engaging Pages
Over ons - Orchideeëneiland,0,1,1,1.0,0.0,2,0,Highly Engaging Pages
Over ons - Orchid Island,0,1,1,1.0,14.376623,1,0,Highly Engaging Pages
Renta de alquiler en Marrakech: Maximice su rentabilidad con una agencia local - Isla Orquídea,0,1,1,1.0,103.252988,1,0,Highly Engaging Pages
Orchid Island Real Estate | Luxury Real Estate & Investment,22,2,3,0.75,1173.15881325,33,0,Highly Engaging Pages
Exceptional Commercial Property for Sale in Gueliz Marrakech – Prime 100m² Retail Opportunity on Rue Mohamed El Bekal - Orchid Island,22,18,17,0.7727272727272727,74.00925022727273,51,0,Highly Engaging Pages
Best Commercial Mall for Sale Marrakech – 11 Shops,22,17,17,0.7727272727272727,143.3410274090909,49,0,Highly Engaging Pages
Apartment for Sale Majorelle Marrakech | 2 Bedroom,22,13,13,0.8125,181.3324248125,48,0,Highly Engaging Pages
Agent immobilier terrain freelance à Marrakech | Carrières Orchid Island Real Estate,22,3,7,0.7,239.4179535,41,0,Highly Engaging Pages
Orchidisland | Association Anouar,0,5,6,1.0,39.11411383333333,6,0,Highly Engaging Pages
Orchid Island Investment: Entdecken Sie einzigartige Wachstumschancen,0,1,1,1.0,45.132096,1,0,Highly Engaging Pages
Opportunité de rénovation de riad au Maroc - Propriété de premier choix en Palmeraie,0,1,1,1.0,143.192273,2,0,Highly Engaging Pages
"Opportunité d'investissement : villas, hôtels et résidences au Maroc – Île aux Orchidées",0,1,1,1.0,137.072352,1,0,Highly Engaging Pages
Opportunité d'investissement agricole hors marché à Taroudant (NB1),0,1,1,1.0,122.222344,1,0,Highly Engaging Pages
"Opportunité d'investissement : Villas, hôtels et résidences au Maroc [VENDU] - Orchid Island",0,2,2,1.0,61.949329,2,0,Highly Engaging Pages
"Opportunité d'investissement : Villas, hôtels et résidences au Maroc - Île des Orchidées",0,2,2,1.0,249.954181,2,0,Highly Engaging Pages
Onroerend goed kopen in Marokko als Europese investeerder: gids voor 2025 - Orchid Island,0,2,2,1.0,33.2566475,2,0,Highly Engaging Pages
Onroerend goed Marrakech – Orchid Island | Luxe eigendommen,0,3,3,1.0,43.66016666666666,4,0,Highly Engaging Pages
Off-plan vastgoedinvesteringen in Marrakech: Investeerdersgids 2025 - Orchid Island,0,1,1,1.0,113.594129,1,0,Highly Engaging Pages
Off-Plan-Immobilieninvestitionen in Marrakesch: Investorenleitfaden 2025 - Orchideeninsel,0,1,1,1.0,23.018556,1,0,Highly Engaging Pages
Odnawianie nieruchomości w Maroku: Odnawianie riadów z sercem w 2025 roku,0,1,1,1.0,66.154033,1,0,Highly Engaging Pages
Nieruchomości w Marrakeszu – Orchid Island | Nieruchomości luksusowe,0,2,2,1.0,24.775762,2,0,Highly Engaging Pages
Nieruchomości w Maroku: Wpływ Mistrzostw Świata - Orchid Island,0,1,1,1.0,320.694103,1,0,Highly Engaging Pages
Povolení k pronájmu v Maroku: Váš právní průvodce Airbnb 2025,0,1,1,1.0,203.821174,1,0,Highly Engaging Pages
Morocco Renewable Energy Real Estate Growth,21,17,12,0.6,71.68600169999999,58,0,Highly Engaging Pages
Luxury Riad Hotel for Sale Marrakech Medina | 20 Rooms | Sky Bar & Prime Location,21,19,15,0.75,33.37203115,49,0,Highly Engaging Pages
Amazing Terrain 1 Hectare Marrakech – Villas SD1 | Orchid Immobilier,19,4,6,1.0,151.0960085,23,0,Highly Engaging Pages
Prime Opportunity – Prestigia Agate Apartment,20,18,16,0.8,107.0856953,44,0,Highly Engaging Pages
Apartment Marrakech – Burj Malak Residence – Perfect for Airbnb Investment or Family Living | Orchid Immobilier,20,7,10,0.909090909090909,378.060099,32,0,Highly Engaging Pages
Nieruchomości - Wyspa Orchidei,0,4,4,1.0,36.3925315,9,0,Highly Engaging Pages
Neem contact met ons op - Orchid Island,0,4,4,1.0,49.26727225,4,0,Highly Engaging Pages
Najlepsze obszary inwestycyjne w nieruchomości nadmorskie w Maroku w 2025 roku,0,2,2,1.0,400.740177,2,0,Highly Engaging Pages
Najlepsze dzielnice w Marrakeszu pod kątem inwestycji w Airbnb: Przewodnik 2025,0,1,1,1.0,371.015144,1,0,Highly Engaging Pages
Najlepsze dzielnice Marrakeszu: 10 najbardziej dochodowych obszarów luksusowych,0,2,2,1.0,37.2909075,2,0,Highly Engaging Pages
NFT immobiliers Maroc : Propriété numérique à Marrakech,0,1,1,1.0,10.113931,1,0,Highly Engaging Pages
Morocco Mall Marrakech est-il un lieu de shopping de luxe ? - Orchid Island,0,1,1,1.0,420.053514,2,0,Highly Engaging Pages
Morocco Finance Law 2025: Significant Effects upon High-end Real Estate Taxation | Orchid Island Real Estate,0,1,1,1.0,0.0,1,0,Highly Engaging Pages
Modèles de financement innovants dans l'immobilier marocain,0,1,1,1.0,330.823427,1,0,Highly Engaging Pages
"Moderne Villa zu verkaufen – Halbfertig, privat und ohne Aussicht",0,1,1,1.0,34.976783,1,0,Highly Engaging Pages
Mode d’Antan et d’Aujourd’hui” – Honoring Elegance at the Musée de l’Art Culinaire Marocain | Orchid Island Real Estate,0,1,1,1.0,0.0,1,0,Highly Engaging Pages
"Mini-villa Marrakech, Bab Ighli : Une opportunité d'investissement unique",0,1,1,1.0,0.0,1,0,Highly Engaging Pages
Mercado inmobiliario de Marruecos 2026: Perspectivas de crecimiento e infraestructura | Orchid Island Real Estate,0,1,1,1.0,211.747855,1,0,Highly Engaging Pages
Orchidisland | Stowarzyszenie Anouar,0,1,1,1.0,8.598721,1,0,Highly Engaging Pages
1Luxury Villa in Casablanca | Architect Villa,18,16,13,0.8125,65.92813418749999,40,0,Highly Engaging Pages
Propriété de Luxe Marrakech 2 Villas & Spa Estate for Sale,19,17,12,0.6666666666666666,31.947100222222225,42,0,Highly Engaging Pages
Palace Marrakech for Rent- Ultimate Luxury-Orchid Island - Orchid Island,19,14,11,0.6470588235294118,227.8126798823529,50,0,Highly Engaging Pages
Mejores zonas de inversión inmobiliaria costera en Marruecos 2025,0,7,6,0.8571428571428571,140.041823,7,0,Highly Engaging Pages
Mejores zonas costeras para invertir en propiedades en Marruecos en 2025,0,3,3,1.0,196.8007633333333,4,0,Highly Engaging Pages
Meilleurs quartiers où investir à Marrakech : opportunités immobilières - Île aux Orchidées,0,1,1,1.0,77.352817,1,0,Highly Engaging Pages
Meilleures zones d'investissement immobilier côtières au Maroc en 2025,0,5,4,0.8,102.4366318,5,0,Highly Engaging Pages
Meilleures zones d'investissement immobilier côtier au Maroc en 2025,0,3,3,1.0,192.517206,3,0,Highly Engaging Pages
Meilleur centre commercial à vendre à Marrakech – 11 boutiques,0,1,1,1.0,1.158,1,0,Highly Engaging Pages
Marruecos Rusia Asociación: Entrevista de Hassan AL KHAYER - Isla de la Orquídea,0,1,1,1.0,301.537811,1,0,Highly Engaging Pages
Marrakesch Infrastruktur-Immobilienwachstum - Orchideeninsel,0,1,1,1.0,47.391674,1,0,Highly Engaging Pages
"Marrakech: il polo delle criptovalute del 2025, supportato dal settore immobiliare.",0,1,1,1.0,173.589132,1,0,Highly Engaging Pages
Marrakech: 2025’s Hub for Crypto Backed by Real Estate | Orchid Island Real Estate,0,1,1,1.0,0.0,1,0,Highly Engaging Pages
"Marrakech, l'investissement immobilier : Marrakech deviendra le Dubaï de l'Afrique en 2030 - Orchid Island",0,1,1,1.0,73.264628,1,0,Highly Engaging Pages
Marrakech vs Dubaï Immobilier : Quelle Ville Choisir en 2025 ? - Île aux Orchidées,0,3,2,0.6666666666666666,37.885843666666666,3,0,Highly Engaging Pages
Marrakech versus Marbella: waar investeren in luxe onroerend goed? - Orchid Island,0,1,1,1.0,195.193926,1,0,Highly Engaging Pages
Marrakech Tourism Rental Investment: Driving Demand for Short-Term Properties | Orchid Island Real Estate,0,1,1,1.0,0.0,1,0,Highly Engaging Pages
Nieruchomości Marrakesz - Wyspa Orchidei | Luksusowe Nieruchomości,0,1,1,1.0,47.410859,1,0,Highly Engaging Pages
Land Marrakech – Exceptional Opportunity Near Dar Lamia for a High-End Residential Project | Orchid Immobilier,17,2,2,1.0,1085.399931,20,0,Highly Engaging Pages
Healthcare - Orchid Island,17,11,10,0.909090909090909,86.63503281818181,32,0,Highly Engaging Pages
GITEX Africa 2026 Marrakech: 5 Powerful Insights Driving the Future of Tech-Driven Real Estate,17,15,11,0.5789473684210527,104.19577805263158,54,0,Highly Engaging Pages
Marrakech Infrastructure Property Growth: How New Projects Are Boosting Property Values | Orchid Island Real Estate,0,1,1,1.0,10.440464,1,0,Highly Engaging Pages
Marché immobilier marocain 2026 : Perspectives de croissance et d'infrastructure - Orchid Island,0,1,1,1.0,377.991592,2,0,Highly Engaging Pages
Marché immobilier de Marrakech – Meilleur investissement en 2025 - Île des Orchidées,0,1,1,1.0,212.75086,1,0,Highly Engaging Pages
Marakeş'te Gayrimenkul – Orkide Adası | Lüks Mülkler,0,1,1,1.0,49.68608,1,0,Highly Engaging Pages
Marakeş Medinası'ndaki Geleneksel Bir Riad'ın Yenilenmesi - Orkide Adası,0,1,1,1.0,31.6594,1,0,Highly Engaging Pages
Marakeş Emlak – Orkide Adası | Lüks Gayrimenkuller,0,1,1,1.0,38.614106,1,0,Highly Engaging Pages
Mansión Marrakech: Propiedad premium - Isla Orquídea,0,1,1,1.0,89.440829,1,0,Highly Engaging Pages
Mansion Marrakech : Propriété de prestige - Île aux Orchidées,0,7,7,1.0,253.1665217142857,8,0,Highly Engaging Pages
Mansion Marrakech : Propriété Premium - Orchid Island,0,2,2,1.0,0.00316,3,0,Highly Engaging Pages
Magnifique villa à RiverPalm : une vie de luxe avec des vues à couper le souffle – Orchid Island,0,1,1,1.0,192.24839,3,0,Highly Engaging Pages
Magnifique villa à RiverPalm : une vie de luxe avec des vues à couper le souffle - Orchid Island,0,3,3,1.0,20.17773333333333,3,0,Highly Engaging Pages
Magnifique villa à RiverPalm : vie de luxe avec vue à couper le souffle - Orchid Island,0,1,1,1.0,18.153256,1,0,Highly Engaging Pages
Magnifique villa à RiverPalm : une vie de luxe avec des vues à couper le souffle – Orchid Island,0,1,1,1.0,50.091881,1,0,Highly Engaging Pages
Magnifique villa à RiverPalm : un cadre de vie luxueux avec des vues à couper le souffle - Orchid Island,0,2,2,1.0,111.4949795,2,0,Highly Engaging Pages
Magnifique terrain à vendre à proximité du Karting de Marrakech (VENDU) - Orchid Island,0,1,1,1.0,258.474357,1,0,Highly Engaging Pages
Mentions légales - Orchid Island,0,1,1,1.0,9.95918,1,0,Highly Engaging Pages
Land for sale-Marrakech : A Unique Opportunity near Marrakech (SOLD) - Orchid Island,14,14,9,0.6428571428571429,30.610379785714287,34,0,Highly Engaging Pages
Luxe vastgoed kopen in Marrakech: een complete gids voor buitenlandse kopers,0,1,1,1.0,395.167728,1,0,Highly Engaging Pages
"Luxe tuinappartement te koop, Hivernage Marrakech met 3 suites - Orchid Island",0,1,1,1.0,219.432703,1,0,Highly Engaging Pages
Los mejores barrios de Marrakech: Las 10 zonas de lujo más rentables,0,3,2,0.6666666666666666,30.04123866666667,3,0,Highly Engaging Pages
Los mejores barrios de Marrakech: 10 zonas de lujo más rentables,0,9,7,0.7777777777777777,107.43710888888889,10,0,Highly Engaging Pages
Les étrangers peuvent-ils acheter un bien immobilier au Maroc ? Votre guide ultime - Orchid Island,0,18,17,0.9444444444444444,235.52515027777773,21,0,Highly Engaging Pages
Les étrangers peuvent-ils acheter un bien immobilier au Maroc ? Votre guide complet : Orchid Island,0,8,5,0.625,126.160461875,10,0,Highly Engaging Pages
Les étrangers peuvent-ils acheter un bien immobilier au Maroc ? Votre guide complet - Orchid Island,0,8,7,0.875,71.11513275,8,0,Highly Engaging Pages
Les meilleurs quartiers où acheter un bien immobilier à Marrakech en 2025 - Orchid Island,0,2,2,1.0,97.7991445,2,0,Highly Engaging Pages
Les meilleurs quartiers de Marrakech : les 10 quartiers de luxe les plus rentables,0,5,5,1.0,52.3166424,5,0,Highly Engaging Pages
Le rôle crucial des notaires dans l'immobilier marocain : un guide pour 2025,0,1,1,1.0,6.543967,1,0,Highly Engaging Pages
Le palais de luxe ultime à Marrakech – Orchid Island Estate - Orchid Island,0,1,1,1.0,14.140444,1,0,Highly Engaging Pages
Le Morocco Mall de Marrakech est-il un centre commercial de luxe ? - Orchid Island,0,3,3,1.0,34.726902333333335,3,0,Highly Engaging Pages
Le Morocco Mall Marrakech est-il un lieu de shopping de luxe ? - Orchid Island,0,8,8,1.0,42.13713225,8,0,Highly Engaging Pages
"Landbouwgrond Marokko: regels, risico's en investeringsvoordelen - Orchid Island",0,3,2,0.6666666666666666,107.400744,3,0,Highly Engaging Pages
7 Reasons Off-Market Real Estate Offers Top Opportunities,14,13,9,0.6923076923076922,20.24381307692308,32,0,Highly Engaging Pages
Amazing Terrain 1 Hectare Marrakech – Villas SD1,15,10,8,0.6153846153846154,255.06161223076924,41,0,Highly Engaging Pages
La diferencia entre una Melkia y una propiedad titulada en Marruecos - Isla Orquídea,0,1,1,1.0,182.436299,1,0,Highly Engaging Pages
L'investissement immobilier de Marrakech devient le Dubaï de l'Afrique en 2030 - Orchid Island,0,1,1,1.0,65.955561,1,0,Highly Engaging Pages
L'impact de Huawei sur l'innovation technologique au Maroc,0,1,1,1.0,19.965577,1,0,Highly Engaging Pages
L'expérience ultime de la vie nocturne de luxe : Es Saadi Marrakech : - L'île aux orchidées,0,1,1,1.0,46.140759,3,0,Highly Engaging Pages
Köp fastighet i Marocko: de främsta anledningarna,0,1,1,1.0,54.983824,1,0,Highly Engaging Pages
Können Ausländer in Marokko Immobilien kaufen? Ihr ultimativer Leitfaden - Orchid Island,0,2,2,1.0,147.7387565,2,0,Highly Engaging Pages
Können Ausländer in Marokko Immobilien erwerben? Ihr umfassender Leitfaden – Orchid Island,0,2,2,1.0,221.265962,2,0,Highly Engaging Pages
Kupno nieruchomości w Marrakeszu: 7 mitów kontra rzeczywistość – wyjaśnienie,0,1,1,1.0,206.476166,1,0,Highly Engaging Pages
Kupnja nekretnina u Maroku kao europski investitor: Vodič za 2025. - Otok orhideja,0,1,1,1.0,72.035599,1,0,Highly Engaging Pages
Kunnen buitenlanders onroerend goed kopen in Marokko? Uw ultieme gids - Orchid Island,0,8,8,1.0,258.022661,8,0,Highly Engaging Pages
Kunnen buitenlanders onroerend goed kopen in Marokko? Jouw ultieme gids - Orchid Island,0,1,1,1.0,385.046833,2,0,Highly Engaging Pages
Kontaktieren Sie uns – Orchideeninsel,0,3,3,1.0,21.479490666666667,3,0,Highly Engaging Pages
Kas Morocco Mall Marrakech on luksuslik ostukeskus? - Orhideesaar,0,1,1,1.0,20.07511,2,0,Highly Engaging Pages
Karrieremöglichkeiten bei Orchid Island,0,1,1,1.0,24.060357,1,0,Highly Engaging Pages
"Luxuriöse Villa in Marrakesch: Luxusvilla zum Verkauf in Targa Jawhar, Marrakesch",0,1,1,1.0,35.629328,1,0,Highly Engaging Pages
Marrakech Real Estate: Africa’s Emerging Capital of Lifestyle Heritage | Orchid Island Real Estate,13,6,5,0.7142857142857143,488.2578009999999,25,0,Highly Engaging Pages
Luxury villa for Sale: Exclusive Marrakech Retreat,13,10,10,0.8333333333333333,36.236291666666666,29,0,Highly Engaging Pages
Luxury Residence for Sale in Casablanca – Private High-End Apartments - Orchid Island,13,12,10,0.6666666666666666,17.0366752,31,0,Highly Engaging Pages
Blog immobilier | Orchid Island - Perspectives sur l'immobilier de luxe,13,4,5,1.0,34.492118399999995,14,0,Highly Engaging Pages
Best Commercial Mall for Sale Marrakech – 11 Shops | Orchid Immobilier,13,3,3,0.75,965.51001125,21,0,Highly Engaging Pages
Appartement Luxe Marrakech for Sale | Orchid Immobilier,13,11,11,0.8461538461538461,151.2692163846154,20,0,Highly Engaging Pages
7 Proven Real Estate for seniors Morocco's Benefits,13,13,8,0.6153846153846154,63.24691984615385,39,0,Highly Engaging Pages
KSAR ABIAD | Palais d'exception à vendre à Marrakech,0,3,3,1.0,30.08906733333333,4,0,Highly Engaging Pages
KSAR ABIAD | Außergewöhnlicher Palast zum Verkauf in Marrakesch,0,1,1,1.0,22.009884,1,0,Highly Engaging Pages
Journées de sensibilisation à l'environnement : Les moments forts de Crocologies 2025,0,2,2,1.0,234.685766,2,0,Highly Engaging Pages
Je Morocco Mall Marrakech luxusní nákupní centrum? - Orchid Island,0,1,1,1.0,53.642659,1,0,Highly Engaging Pages
Japón-Marruecos: Cooperación económica: una asociación en crecimiento,0,1,1,1.0,18.816839,1,0,Highly Engaging Pages
Japón-Marruecos: Cooperación económica: una alianza en crecimiento.,0,1,1,1.0,520.225324,1,0,Highly Engaging Pages
Japon-Maroc : Coopération économique : un partenariat en plein essor,0,1,1,1.0,27.93634,1,0,Highly Engaging Pages
Ist die Morocco Mall in Marrakesch ein Ort zum Luxus-Shopping? - Orchid Island,0,2,2,1.0,506.978242,2,0,Highly Engaging Pages
Ist die Morocco Mall in Marrakesch ein Luxus-Einkaufszentrum? – Orchid Island,0,5,5,1.0,128.6832496,6,0,Highly Engaging Pages
Ist Marokko Mall Marrakesch ein Luxus-Einkaufsort? - Orchid Island,0,1,1,1.0,161.538645,1,0,Highly Engaging Pages
Is 2025 the Right Time to Buy Property in Marrakech? (Market Outlook & Buyer’s Guide) | Orchid Island Real Estate,0,1,1,1.0,89.75162,1,0,Highly Engaging Pages
Inwestycje w nieruchomości w Maroku: Dlaczego duże działki są tak popularne w 2025 roku?,0,3,3,0.75,49.03232,7,0,Highly Engaging Pages
Invierta en las regiones desérticas de Marruecos: Merzouga y Zagora.,0,1,1,1.0,578.319096,1,0,Highly Engaging Pages
Investment Returns in Marrakech’s High-End Property Market: Risk and Reward | Orchid Island Real Estate,0,2,2,1.0,37.367427,2,0,Highly Engaging Pages
La différence entre une Melkia et une propriété titrée au Maroc - Orchid Island,0,1,1,1.0,31.924463,1,0,Highly Engaging Pages
Riad for Sale Marrakech: Gorgeous Villa featuring Traditional Moroccan Design and Modern Luxuries. | Orchid Immobilier,12,4,5,1.0,65.3858234,20,0,Highly Engaging Pages
Investing in Morocco: Exclusive Development Land for Sale/Ideal for Construction Project | Orchid Immobilier,12,5,5,1.0,144.0754694,18,0,Highly Engaging Pages
GITEX Africa 2026 Marrakech: 5 Powerful Insights Driving the Future of Tech-Driven Real Estate | Orchid Island Real Estate,12,4,5,0.8333333333333333,179.80458016666665,20,0,Highly Engaging Pages
Complete Guide to Investing in Essaouira Real Estate (2026) | Orchid Island Real Estate,12,7,9,0.8181818181818182,298.6928860909091,19,0,Highly Engaging Pages
Buying Property in Marrakech: 7 Myths vs Reality Explained,12,12,7,0.5833333333333333,187.89714416666664,34,0,Highly Engaging Pages
Prime Opportunity – Prestigia Agate Apartment | Orchid Immobilier,11,4,5,1.0,264.6851528,13,0,Highly Engaging Pages
Luxury Boutique Riad Marrakech – The Iconic Collection | Orchid Immobilier,11,8,6,0.75,130.66235250000005,20,0,Highly Engaging Pages
Investissement exceptionnel : Riad à Sidi Mimoun – Médina de Marrakech | Orchid Real Estate,11,2,2,1.0,128.57741,11,0,Highly Engaging Pages
Off-market Luxury Villa Marrakech | Orchid Immobilier,10,3,7,1.0,403.2151097142857,18,0,Highly Engaging Pages
Investissements chinois en Afrique du Nord et immobilier à Marrakech - Orchid Island,0,1,1,1.0,1.696304,1,0,Highly Engaging Pages
Investissement sur l'île des Orchidées,0,1,1,1.0,88.273912,1,0,Highly Engaging Pages
Investissement sur Orchid Island : Débloquer des opportunités de croissance uniques,0,1,1,1.0,35.759445,1,0,Highly Engaging Pages
Investissement locatif touristique à Marrakech : Croissance de la demande à court terme - Île aux Orchidées,0,1,1,1.0,167.248089,1,0,Highly Engaging Pages
Investissement immobilier tokenisé au Maroc,0,1,1,1.0,48.369889,1,0,Highly Engaging Pages
Investissement immobilier en leaseback au Maroc : Revenus passifs intelligents,0,2,2,1.0,74.1326855,2,0,Highly Engaging Pages
Investissement immobilier au Maroc : pourquoi les grands terrains sont-ils si recherchés en 2025 ?,0,15,11,0.7333333333333332,183.77000773333333,18,0,Highly Engaging Pages
Investissement immobilier au Maroc : pourquoi les grands terrains sont-ils recherchés en 2025 ?,0,1,1,1.0,252.334356,1,0,Highly Engaging Pages
Investissement immobilier au Maroc : pourquoi les grands terrains sont-ils en vogue en 2025 ?,0,1,1,1.0,146.040533,1,0,Highly Engaging Pages
Investissement immobilier au Maroc : pourquoi les grands terrains sont à la mode en 2025 ?,0,4,4,1.0,127.7789925,6,0,Highly Engaging Pages
"Investissement immobilier : Marrakech, l'Eldorado ultime - L'Île aux Orchidées",0,1,1,1.0,23.521809,1,0,Highly Engaging Pages
Investissement dans les villes satellites de Marrakech : Tendances 2025 - Orchid Island,0,1,1,1.0,128.466875,1,0,Highly Engaging Pages
Investissement dans les centres de données au Maroc | Plateforme d'infrastructure d'IA souveraine - Orchid Island,0,4,4,1.0,62.97064375,6,0,Highly Engaging Pages
Investissement dans Orchid Island : Débloquez des opportunités de croissance uniques,0,9,9,1.0,177.07941244444444,12,0,Highly Engaging Pages
"Investissement au Maroc, terrain de 365 m² au centre de Marrakech, permis R+5",0,1,1,1.0,10.361506,1,0,Highly Engaging Pages
Kan utlänningar köpa fastighet i Marocko? Din ultimata guide - Orchid Island,0,1,1,1.0,153.671666,1,0,Highly Engaging Pages
Moroccan Real Estate Resilience: How the Market Withstands Global Crises | Orchid Island Real Estate,10,15,12,0.8,11.763607933333333,34,0,Highly Engaging Pages
Luxury Duplex for Sale in Marrakech – 3 Master Suites & Iconic Majorelle View,10,6,8,1.0,112.190865875,20,0,Highly Engaging Pages
Investment School Marrakech – Bellevue Educational Asset in Gueliz | Orchid Immobilier,10,5,5,1.0,421.2540178,17,0,Highly Engaging Pages
"Inmuebles de lujo en Marrakech | Villas, riads y propiedades de inversión | Isla Orquídea",10,6,8,1.0,38.0219535,10,0,Highly Engaging Pages
Farm House Archives - Page 2 of 2 - Orchid Island,10,10,9,0.9,13.3608914,22,0,Highly Engaging Pages
Ultimate Luxury Palace in Marrakech – Orchid Island Estate - Orchid Island | Orchid Immobilier,11,9,7,0.7777777777777777,92.31248866666664,29,0,Highly Engaging Pages
"Investissement au Maroc : Terrain à vendre, approuvé pour 22 villas !",0,6,6,1.0,95.05786233333332,6,0,Highly Engaging Pages
"Investir au Maroc, Terrain de 365 m² au centre de Marrakech Permis R+5",0,1,1,1.0,403.640234,1,0,Highly Engaging Pages
"Investieren Sie in Marokko: 365 m² Grundstück im Zentrum von Marrakesch, Baugenehmigung R+5",0,1,1,1.0,0.0,1,0,Highly Engaging Pages
"Investicija u Maroku: Zemljište na prodaju, odobreno za 22 vile!",0,1,1,1.0,15.475376,1,0,Highly Engaging Pages
Investeren in onroerend goed in Marokko: waarom zijn grote percelen in 2025 zo populair?,0,2,2,1.0,48.9188045,2,0,Highly Engaging Pages
Investeren in onroerend goed in Marokko: waarom grote percelen in 2025 zo populair zijn?,0,2,1,0.5,218.195943,3,0,Highly Engaging Pages
"Investeren in Marokko: Grond te koop, goedgekeurd voor 22 villa's!",0,2,2,1.0,119.082897,2,0,Highly Engaging Pages
Inversión inmobiliaria en Marruecos: ¿Por qué las grandes parcelas están de moda en 2025?,0,1,1,1.0,82.97418,1,0,Highly Engaging Pages
Inversión inmobiliaria en Marruecos: ¿Por qué las grandes parcelas estarán de moda en 2025?,0,18,20,0.9523809523809524,146.09359176190478,28,0,Highly Engaging Pages
"Inversión en Marruecos: Terreno en venta, ¡aprobado para 22 villas!",0,1,1,1.0,34.930183,1,0,Highly Engaging Pages
Innovative Financing Models Are Prospering Moroccan Real Estate Investment | Orchid Island Real Estate,0,1,1,1.0,19.727289,1,0,Highly Engaging Pages
Investissements immobiliers sur plan à Marrakech : Guide de l'investisseur 2025 - Orchid Island,0,2,2,1.0,39.988973,3,0,Highly Engaging Pages
"Premium Land for Sale in Targa Marrakech – Exclusive 2,300 m² Plot | Orchid Immobilier",9,2,2,1.0,624.997322,13,0,Highly Engaging Pages
"Morocco & Oréus Launch Sovereign AI Infrastructure Platform Across Europe, Africa & the US - Orchid Island",9,6,5,0.7142857142857143,151.94857371428571,23,0,Highly Engaging Pages
Investir dans la location courte durée à Marrakech : le guide complet pour réussir | Orchid Island Real Estate,9,4,5,1.0,28.4845588,13,0,Highly Engaging Pages
Agricultural Land Morocco: What Foreign Buyers Need to Know | Orchid Island Real Estate,9,18,13,0.7222222222222222,72.0139123888889,35,0,Highly Engaging Pages
luxury villa resort Marrakech : Experience Timeless Elegance [SOLD] - Orchid Island,10,9,6,0.6666666666666666,154.9438632222222,26,0,Highly Engaging Pages
STAGE DÉVELOPPEUR INTELLIGENCE ARTIFICIELLE (IA) - MARRAKECH | Carrières Orchid Island Real Estate,8,4,7,1.0,404.7979561428571,18,0,Highly Engaging Pages
Inmobiliaria Marrakech – Isla Orquídea | Propiedades de lujo,0,13,13,1.0,98.24121346153846,19,0,Highly Engaging Pages
Imóveis em Marrakech – Ilha das Orquídeas | Propriedades de Luxo,0,1,1,1.0,17.003745,1,0,Highly Engaging Pages
Imóveis - Ilha das Orquídeas,0,1,1,1.0,67.69529,2,0,Highly Engaging Pages
Immobilier à Marrakech : la capitale émergente de l'Afrique,0,1,1,1.0,56.261582,1,0,Highly Engaging Pages
Immobilier pour seniors au Maroc ; Vieillir chez soi - L'île aux Orchidées,0,1,1,1.0,34.041953,1,0,Highly Engaging Pages
Immobilier en Afrique 2025 - Orchid Island,0,1,1,1.0,227.757379,1,0,Highly Engaging Pages
Immobilier durable au Maroc : Guide d'investissement 2025 - Orchid Island,0,1,1,1.0,97.772694,1,0,Highly Engaging Pages
"Immobilier de luxe à Marrakech | Villas, Riads et propriétés d'investissement | Orchid Island",0,1,1,1.0,489.618559,1,0,Highly Engaging Pages
Immobilier d'Orchid Island,0,1,1,1.0,210.033601,1,0,Highly Engaging Pages
Immobilier Royal Maroc : propriétés de célébrités et de diplomates,0,1,1,1.0,2.675719,1,0,Highly Engaging Pages
Immobilier Marrakech – Île des Orchidées | Propriétés de luxe,0,139,147,0.9245283018867924,143.52604128301888,257,0,Highly Engaging Pages
Immobilier Marrakech – Île aux Orchidées | Propriétés de luxe,0,42,49,0.9607843137254902,151.92628035294118,59,0,Highly Engaging Pages
Immobilier Marrakech – Orchid Island | Propriétés de luxe,0,1,1,1.0,108.0792,1,0,Highly Engaging Pages
"Investissement au Maroc : Terrain à vendre, permis de construire pour 22 villas !",0,8,7,0.875,56.555915,9,0,Highly Engaging Pages
Real Estate Guide - Orchid Insights - Page 23 of 23 - Orchid Island,8,5,5,1.0,49.1732436,18,0,Highly Engaging Pages
NB1 Taroudant Off Market Farm Investment Opportunity,8,5,4,0.6666666666666666,41.69597083333333,16,0,Highly Engaging Pages
Morocco Is Entering Its Most Strategic Investment Window Ever | Orchid Island Real Estate,8,6,8,0.8888888888888888,193.4475685555556,21,0,Highly Engaging Pages
Luxury Riad Hotel for Sale Marrakech Medina | Orchid Immobilier,8,6,5,0.8333333333333333,153.817957,15,0,Highly Engaging Pages
Luxury Apartment Hivernage Marrakech | Orchid Immobilier,8,4,3,0.75,49.47476525,12,0,Highly Engaging Pages
Exclusive Boutique Spa Retreat – Confidential Luxury Hotel For Sale in Marrakech | Orchid Immobilier,8,7,6,0.8571428571428571,184.89138042857144,13,0,Highly Engaging Pages
Careers & Job Opportunities | Orchid Island Real Estate,8,4,7,1.0,8.740568571428572,12,0,Highly Engaging Pages
Morocco Real Estate Market 2026: Growth & Infrastructure Outlook | Orchid Island Real Estate,7,30,29,0.9354838709677418,78.72150548387097,40,0,Highly Engaging Pages
Morocco Investment Destination: 7 Strategic Reasons Why It Is Emerging Globally | Orchid Island Real Estate,7,2,2,0.6666666666666666,391.2439786666666,15,0,Highly Engaging Pages
How Chinese Investment Is Reshaping Morocco’s Real Estate and Trade Landscape | Orchid Island Real Estate,7,18,17,0.9444444444444444,10.411011111111112,33,0,Highly Engaging Pages
Cost to Build Villa Marrakech – Average Costs and Budget Guide | Orchid Island Real Estate,7,8,4,0.5,199.1826995,18,0,Highly Engaging Pages
A Smart Residential Choice – Prestigia Agate Apartment on the First Floor | Orchid Immobilier,7,2,2,1.0,6.5953965,7,0,Highly Engaging Pages
Immobilienkauf in Marrakesch – Ist 2025 der richtige Zeitpunkt zum Investieren? – Orchid Island,0,1,1,1.0,59.552734,1,0,Highly Engaging Pages
Immobilienkauf in Marokko als europäischer Investor: Leitfaden 2025 – Orchideeninsel,0,5,5,1.0,188.1963294,5,0,Highly Engaging Pages
Immobilienkauf in Marokko als europäischer Investor: Leitfaden 2025 - Orchid Island,0,2,2,1.0,108.995687,2,0,Highly Engaging Pages
Immobilieninvestitionen in Marokko: Warum sind große Grundstücke im Jahr 2025 sehr beliebt?,0,1,1,1.0,368.368604,1,0,Highly Engaging Pages
Immobilieninvestitionen in Marokko: Warum große Grundstücke im Jahr 2025 so gefragt sind?,0,5,5,1.0,325.2759962,5,0,Highly Engaging Pages
Immobilieninvestitionen in Marokko: Warum große Grundstücke im Jahr 2025 heiß begehrt sind?,0,4,4,1.0,128.73850625,5,0,Highly Engaging Pages
Immobilienauktionen in Marokko: Ein Leitfaden für cleveres Kaufen,0,1,1,1.0,34.423046,1,0,Highly Engaging Pages
Immobilienauktionen Marokko: Ein Leitfaden für kluges Kaufen,0,1,1,1.0,243.487991,1,0,Highly Engaging Pages
Immobilien in Marrakesch – Orchideeninsel | Luxusimmobilien,0,9,9,1.0,185.49513866666663,11,0,Highly Engaging Pages
Immobilien in Marrakesch kaufen – Ist 2025 der richtige Zeitpunkt für eine Investition? - Orchid Island,0,3,2,0.6666666666666666,92.502894,5,0,Highly Engaging Pages
Immobilien für Senioren Marokko; Altern vor Ort - Orchid Island,0,2,2,1.0,80.9476735,3,0,Highly Engaging Pages
Immobilien Marrakesch – Orchid Island | Luxusimmobilien,0,2,2,1.0,17.563171,2,0,Highly Engaging Pages
Immobilien - Orchideeninsel,0,8,8,1.0,99.59131725,26,0,Highly Engaging Pages
Immobilien - Orchid Island,0,2,2,1.0,143.4512815,7,0,Highly Engaging Pages
Immobili Marrakech – Isola delle Orchidee | Proprietà di Lusso,0,2,2,1.0,26.597622,2,0,Highly Engaging Pages
Inmobiliaria en Marruecos: Vende riads con pasión en 2025,0,1,1,1.0,4.05235,1,0,Highly Engaging Pages
guéliz marrakech land r5 Investment Opportunity,7,2,2,1.0,236.026102,14,0,Highly Engaging Pages
Riad Renovation Opportunity Morocco Prime Palmeraie Property | Orchid Immobilier,7,3,3,1.0,138.243732,10,0,Highly Engaging Pages
Real Estate Guide - Orchid Insights - Page 19 of 22 - Orchid Island,7,5,5,0.7142857142857143,9.238513428571428,16,0,Highly Engaging Pages
Real Estate Guide - Orchid Insights - Page 16 of 19 - Orchid Island,7,2,6,0.8571428571428571,180.02206085714286,12,0,Highly Engaging Pages
Propriété de Prestige Marrakech Villa & 4 Hectares VNA | Orchid Immobilier,7,5,5,0.8333333333333333,310.82005083333337,12,0,Highly Engaging Pages
Property Auctions Morocco: A New Way to Access Luxury Real Estate | Orchid Island Real Estate,7,9,5,0.5,197.9677682,24,0,Highly Engaging Pages
Real Estate Guide - Orchid Insights - Page 20 of 22 - Orchid Island,6,5,4,0.6666666666666666,7.512797166666665,15,0,Highly Engaging Pages
Il Morocco Mall Marrakech è un luogo per lo shopping di lusso? - Orchid Island,0,1,1,1.0,68.74618,1,0,Highly Engaging Pages
I quartieri più esclusivi di Marrakech: le 10 zone di lusso più redditizie,0,2,2,1.0,103.8261535,2,0,Highly Engaging Pages
"Hôtel de luxe à vendre à Marrakech – Mirage Royal Gardens, opportunité d'investissement 5 étoiles",0,2,2,1.0,424.5460235,3,0,Highly Engaging Pages
Hôtel Riad de luxe à vendre dans la médina de Marrakech | 20 chambres | Bar panoramique et emplacement privilégié,0,1,1,1.0,1.860958,1,0,Highly Engaging Pages
Huurvergunningen Marokko: uw Airbnb-juridische gids 2025,0,1,2,0.6666666666666666,297.64231966666665,5,0,Highly Engaging Pages
Hur mycket kostar det att bygga en lyxvilla i Marrakech? - Orchid Island,0,1,1,1.0,173.065818,1,0,Highly Engaging Pages
How to Maximize Rental Yields in Marrakech and Casablanca for World Cup 2030 | Orchid Island Real Estate,0,1,1,1.0,0.0,1,0,Highly Engaging Pages
How to Invest in Morocco: Key Opportunities Await | Orchid Island Real Estate,0,1,1,1.0,25.755279,1,0,Highly Engaging Pages
Hoeveel kost het om een ​​luxe villa in Marrakesh te bouwen? - Orchid Island,0,8,7,0.875,164.622657875,8,0,Highly Engaging Pages
Hoeveel kost het om een ​​luxe villa in Marrakech te bouwen? - Orchid Island,0,4,3,0.75,19.324532,4,0,Highly Engaging Pages
Hitze in Marrakesch: So bleiben Sie diesen Sommer stilvoll kühl – Orchid Island,0,1,1,1.0,17.115688,1,0,Highly Engaging Pages
High-End Events: Marrakech’s Exclusive Nightlife Venue | Orchid Immobilier,0,1,1,1.0,15.217364,1,0,Highly Engaging Pages
"Hassan, Author at Orchid Island - Page 5 of 20",0,1,1,1.0,2.437034,1,0,Highly Engaging Pages
Gängige Mythen über den Immobilienkauf in Marrakesch widerlegt – Orchid Island,0,1,1,1.0,86.831657,1,0,Highly Engaging Pages
Guide immobilier - Orchid Insights - Page 17 sur 17 - Orchid Island,0,1,1,1.0,51.700283,1,0,Highly Engaging Pages
Immobilier Marrakech - Orchid Island | Propriétés de luxe,0,4,4,1.0,52.58170075,6,0,Highly Engaging Pages
Real Estate Guide - Orchid Insights - Page 2 of 17 - Orchid Island,6,1,2,0.6666666666666666,23.833844,13,0,Highly Engaging Pages
Luxury Hotel for Sale in Marrakech | Orchid Immobilier,6,4,4,0.8,99.0475622,11,0,Highly Engaging Pages
Luxury Garden Apartment for Sale Hivernage Marrakech with 3 suites - Orchid Island | Orchid Immobilier,6,3,3,1.0,78.16162333333334,6,0,Highly Engaging Pages
How to Diversify Your Moroccan Property Portfolio in 2025,6,5,4,0.8,25.9729692,11,0,Highly Engaging Pages
Blockchain for Moroccan Property Transactions 2025,6,5,5,0.8333333333333333,73.93282,11,0,Highly Engaging Pages
Best Areas in Morocco for Coastal Property Investment: 2025 Buyer’s Guide | Orchid Island Real Estate,6,8,8,0.8888888888888888,145.49949600000002,19,0,Highly Engaging Pages
1 Luxury Villa in Casablanca | Orchid Immobilier,5,3,3,1.0,173.39108033333332,5,0,Highly Engaging Pages
Vacation Rental Laws in Marrakech: 2025 Compliance Guide,6,5,4,0.8,75.0916836,16,0,Highly Engaging Pages
"Sovereign AI Infrastructure Morocco: Oréus Partnership Expands Across Europe, Africa & US | Orchid Island Real Estate",6,7,8,0.8888888888888888,283.3542235555556,29,0,Highly Engaging Pages
Real Estate Guide - Orchid Insights - Page 22 of 22 - Orchid Island,6,5,4,0.6666666666666666,6.178872000000001,15,0,Highly Engaging Pages
Real Estate Guide - Orchid Insights - Page 20 of 23 - Orchid Island,6,5,5,1.0,21.093637,13,0,Highly Engaging Pages
"Grundstück zum Verkauf in Gueliz, Marrakesch – Erstklassiges 2.200 m² großes Grundstück",0,1,1,1.0,136.112048,2,0,Highly Engaging Pages
"Grond te koop: Prime perceel van 11 hectare in Chrifia, Marrakech (VERKOCHT) - Orchid Island",0,1,1,1.0,65.104137,1,0,Highly Engaging Pages
Gdje pronaći najljepše riade na prodaju u Maroku? - Otok orhideja,0,1,1,1.0,12.918011,1,0,Highly Engaging Pages
Garantie de rapatriement des fonds : Guide à l'intention des étrangers. - Orchid Island,0,4,4,1.0,48.094166,5,0,Highly Engaging Pages
Frais d'achat immobilier à Marrakech : l'essentiel à connaître - Orchid Island,0,1,1,1.0,2.605271,1,0,Highly Engaging Pages
Fiscale voordelen voor buitenlandse investeerders in Marokko - Orchideeëneiland,0,1,1,1.0,104.67837,1,0,Highly Engaging Pages
Financiación inmobiliaria en Marruecos: Guía 2025 para compradores extranjeros,0,1,1,1.0,17.550106,1,0,Highly Engaging Pages
Financement participatif immobilier au Maroc : Guide de l'investisseur 2025 - Orchid Island,0,3,3,1.0,183.4711183333333,3,0,Highly Engaging Pages
Feng Shui Real Estate: How We Design Harmonious Homes in Marrakech | Orchid Island Real Estate,0,2,2,1.0,2.4258105,2,0,Highly Engaging Pages
Fastighetsinvesteringar i Marocko: Varför stora tomter är heta år 2025?,0,2,2,1.0,21.78829,2,0,Highly Engaging Pages
Fastighetsauktioner i Marocko: En guide till smart köp,0,1,1,1.0,184.757069,1,0,Highly Engaging Pages
Fastigheter مراكش – أوركيديون | ليكسفاستيغيتر,0,1,1,1.0,117.920541,1,0,Highly Engaging Pages
Fas'ta Satılık En Güzel Riadları Nerede Bulabilirsiniz? - Orkide Adası,0,1,1,1.0,22.966217,1,0,Highly Engaging Pages
Immobili - Orchid Island,0,1,1,1.0,54.114952,2,0,Highly Engaging Pages
"Investment in Morocco: 28,000 m² Land for Sale Approved for 22 Villas",5,4,3,0.75,64.594257,15,0,Highly Engaging Pages
"Immobilier de luxe à Marrakech | Villas, Riades et Propriétés d’Investissement | Île aux Orchidées",5,1,1,1.0,129.18285,8,0,Highly Engaging Pages
Green Roofs and Urban Agriculture: Impact on Morocco Real Estate | Orchid Island Real Estate,5,9,7,0.7777777777777777,112.50784144444444,15,0,Highly Engaging Pages
Buying Property in Morocco as a European Investor: 2025 Guide | Orchid Island Real Estate,5,6,4,0.6666666666666666,217.5060178333333,17,0,Highly Engaging Pages
Akenza 2: Top 1 luxury villa Marrakech with Atlas views,5,5,5,1.0,348.3691536,13,0,Highly Engaging Pages
1Exceptional Villa Carré du Golf Amelkis – Marrakech | Orchid Immobilier,5,3,3,1.0,63.86802533333333,5,0,Highly Engaging Pages
Family-Friendly Real Estate Developments in Morocco: 2025 Buyer’s Guide | Orchid Island Real Estate,0,1,1,1.0,16.933167,1,0,Highly Engaging Pages
Extranjeros en Marruecos: Visado y Permiso de Residencia,0,1,1,1.0,413.332603,1,0,Highly Engaging Pages
Exonérations d'impôt sur le revenu au Maroc : Guide complet des cas juridiques et des conditions d'éligibilité,0,3,3,1.0,254.927205,3,0,Highly Engaging Pages
Exonérations d'impôt sur le revenu au Maroc : Guide complet des affaires juridiques et de l'admissibilité,0,1,1,1.0,17.383681,1,0,Highly Engaging Pages
Este Morocco Mall Marrakech un loc de cumpărături de lux? - Insula Orhideelor,0,1,1,1.0,183.197375,1,0,Highly Engaging Pages
Escrow Account Off-Plan in Dubai: How Buyers Are Protected | Orchid Island Real Estate,0,1,1,1.0,19.333086,1,0,Highly Engaging Pages
Erreurs lors de l'achat d'une maison : 5 erreurs coûteuses commises par les primo-accédants,0,1,1,1.0,283.999761,1,0,Highly Engaging Pages
Eigenschappen - Orchid Island,0,3,3,1.0,35.97750166666667,4,0,Highly Engaging Pages
Eigenschaften - Orchid Island,0,1,1,1.0,14.720769,1,0,Highly Engaging Pages
Eckgrundstücksvilla in Marrakesch – Orchid Island,0,1,1,1.0,77.592115,2,0,Highly Engaging Pages
Débloquer le succès : Réglementation des locations de courte durée au Maroc 2025,0,1,1,1.0,122.061061,1,0,Highly Engaging Pages
Duplex de luxe à vendre à Marrakech – 3 suites parentales et vue imprenable sur l'hôtel Majorelle,0,1,1,1.0,171.625383,3,0,Highly Engaging Pages
Doskonała lokalizacja działki w dzielnicy Founty w Agadirze - Orchid Island,0,1,1,1.0,952.242055,1,0,Highly Engaging Pages
"Domaine privé exceptionnel à Marrakech – Propriété de luxe de 4 hectares, hors marché.",0,2,2,1.0,108.2750685,3,0,Highly Engaging Pages
Domaine de luxe à Marrakech – Exceptionnel domaine VNA de 4 hectares avec villa et parcelles divisibles – Île aux Orchidées,0,5,5,1.0,110.3422196,5,0,Highly Engaging Pages
Guide immobilier - Orchid Insights - Orchid Island,0,10,9,0.75,35.08569725,14,0,Highly Engaging Pages
Real Estate Guide - Orchid Insights - Page 19 of 23 - Orchid Island,5,4,4,1.0,160.8000805,12,0,Highly Engaging Pages
Real Estate Guide - Orchid Insights - Page 16 of 18 - Orchid Island,5,1,5,0.8333333333333333,67.81370233333332,11,0,Highly Engaging Pages
Propriétés | Orchid Island - Immobilier de luxe,5,2,3,1.0,9.496516,5,0,Highly Engaging Pages
Propriétés - Île aux Orchidées,5,88,92,0.9292929292929292,171.30072513131316,341,0,Highly Engaging Pages
Prime Location Land in Agadir’s Founty: Build Your Dream Hotel Today | Orchid Immobilier,5,3,2,0.6666666666666666,229.06018033333328,7,0,Highly Engaging Pages
Opening a Bank Account in Morocco: a Practical Guide for Expats (& How it’s Relevant for Real Estate Buyers) | Orchid Island Real Estate,5,8,7,0.875,81.974016625,16,0,Highly Engaging Pages
Luxury Villas Marrakech South | Ourika Road KM 11 – Off-Market Development | Orchid Immobilier,5,6,6,1.0,236.66797216666663,10,0,Highly Engaging Pages
Luxury Real Estate Investment Opportunity: Résidence Village Cap Ghir | Orchid Immobilier,5,4,3,0.75,84.99108775,10,0,Highly Engaging Pages
"Luxury Property with VNA for Sale in Marrakech: Villa, Pool & 4 Hectares",5,2,4,0.6666666666666666,30.5865805,12,0,Highly Engaging Pages
Luxury Estate Marrakech – Exceptional 4-Hectare VNA Domain with Villa & Divisible Plots - Orchid Island | Orchid Immobilier,5,2,2,1.0,108.56551,5,0,Highly Engaging Pages
Wills and Inheritance Morocco Property: Essential Legal Guide | Orchid Island Real Estate,5,9,7,0.7777777777777777,250.21541122222223,23,0,Highly Engaging Pages
Top 5 Mistakes to Avoid When Buying a Home | Orchid Island Real Estate,5,3,2,0.6666666666666666,52.712511,8,0,Highly Engaging Pages
Funds Repatriation Guarantee Archives - Orchid Island,4,4,3,0.75,2.12918225,13,0,Highly Engaging Pages
Discover How Moroccan Architecture Powerfully Influences Scandinavian Design Trends in 2025 | Orchid Island Real Estate,0,1,1,1.0,6.361784,1,0,Highly Engaging Pages
Die besten Viertel in Marrakesch: Die 10 profitabelsten Luxusgegenden,0,15,14,0.9333333333333332,89.67287786666665,16,0,Highly Engaging Pages
De reis naar een tweede thuis in Marrakech - Orchideeëneiland,0,1,1,1.0,102.865816,1,0,Highly Engaging Pages
De cruciale rol van notarissen in de Marokkaanse vastgoedsector: een gids voor 2025,0,1,1,1.0,457.560058,1,0,Highly Engaging Pages
D'Abidjan à Johannesburg : 7 investissements judicieux à Marrakech,0,2,2,1.0,380.5562805,2,0,Highly Engaging Pages
Cómo diversificar su cartera inmobiliaria en Marruecos en 2025,0,1,1,1.0,36.282104,1,0,Highly Engaging Pages
Cudowna willa w RiverPalm: luksusowe życie z zapierającymi dech w piersiach widokami - Orchid Island,0,1,1,1.0,26.037904,1,0,Highly Engaging Pages
Crowdfunding inmobiliario en Marruecos: Guía del inversor 2025 - Isla Orquídea,0,1,1,1.0,447.909603,1,0,Highly Engaging Pages
Crecimiento inmobiliario e infraestructura en Marrakech - Isla Orquídea,0,1,1,1.0,144.007047,1,0,Highly Engaging Pages
Creative Property Spaces Marrakech: Opportunities in Artist Studios and Creative Investments | Orchid Island Real Estate,0,1,1,1.0,0.0,1,0,Highly Engaging Pages
Convention Fiscale Maroc-France 2026 : Une grande expertise louable,0,1,1,1.0,16.584597,1,0,Highly Engaging Pages
Contáctenos - Isla Orquídea,0,2,2,1.0,78.1954665,2,0,Highly Engaging Pages
Contattaci - Orchid Island,0,1,1,1.0,93.336998,1,0,Highly Engaging Pages
Contactez-nous - Île aux Orchidées,0,1,1,1.0,147.48817,1,0,Highly Engaging Pages
Contactez-nous - L'Île aux Orchidées,0,1,1,1.0,19.621215,1,0,Highly Engaging Pages
"Fas Tarım Arazisi: Kurallar, Riskler ve Yatırım Avantajları - Orkide Adası",0,1,2,1.0,37.050089,3,0,Highly Engaging Pages
Discover RiverPalm Villa in Marrakech: A Gem of Luxury Living | Orchid Immobilier,4,2,2,1.0,19.347662,11,0,Highly Engaging Pages
Bioclimatic Architecture in Morocco: Sustainable Design | Orchid Island Real Estate,4,7,5,0.625,58.9585555,15,0,Highly Engaging Pages
An Exceptional Mansion in Marrakech: Luxury and Absolute Elegance | Orchid Immobilier,4,2,2,1.0,32.639742,7,0,Highly Engaging Pages
A Prestigious Opportunity – Premium Commercial Space in Marrakech’s Industrial District | Orchid Immobilier,4,1,1,1.0,242.176567,4,0,Highly Engaging Pages
28/06/2025 - Orchid Island,4,3,3,1.0,1.7754893333333337,11,0,Highly Engaging Pages
Real Estate Guide - Orchid Insights - Page 4 of 17 - Orchid Island,4,2,2,1.0,830.040176,9,0,Highly Engaging Pages
Construction de villa à vendre à Marrakech - luxe semi-fini - Orchid Island,0,1,1,1.0,27.396335,1,0,Highly Engaging Pages
Comprar una propiedad en Marruecos como inversor europeo: Guía 2025 - Isla Orquídea,0,5,5,1.0,208.9792024,5,0,Highly Engaging Pages
Comprar una propiedad en Marrakech: ¿Es 2025 el momento ideal para invertir? - Isla Orquídea,0,3,3,1.0,184.50347966666664,3,0,Highly Engaging Pages
Compra de propiedades en Marrakech con realidad virtual - Isla Orquídea,0,1,1,1.0,26.801963,1,0,Highly Engaging Pages
Complexe hôtelier de luxe à Marrakech : Vivez une élégance intemporelle - Île aux Orchidées,0,3,3,0.75,330.36787475,6,0,Highly Engaging Pages
Comment diversifier votre portefeuille immobilier marocain en 2025,0,1,1,1.0,396.878266,3,0,Highly Engaging Pages
Combien coûte la construction d'une villa de luxe à Marrakech ? - Orchid Island,0,8,7,0.875,61.9966085,8,0,Highly Engaging Pages
Combien coûte la construction d'une villa de luxe à Marrakech ? - Orchid Island,0,14,13,0.9285714285714286,67.63341128571429,14,0,Highly Engaging Pages
Chinese Investmentin North Africa & Marrakech Real Estate | Orchid Island Real Estate,0,2,2,1.0,3.873041,2,0,Highly Engaging Pages
Chi siamo - Orchid Island,0,1,1,1.0,63.824125,1,0,Highly Engaging Pages
Chalet en parcela esquinera en Marrakech - Isla Orquídea,0,1,1,1.0,72.545737,1,0,Highly Engaging Pages
Carrières à Orchid Island,0,15,15,0.9375,202.655588125,18,0,Highly Engaging Pages
Carrières chez Orchid Island,0,5,6,1.0,70.234503,9,0,Highly Engaging Pages
Carreras en Orchid Island,0,1,1,1.0,185.815123,1,0,Highly Engaging Pages
Cara Berinvestasi di Maroko: Peluang Utama Menanti,0,1,1,1.0,288.293854,1,0,Highly Engaging Pages
Dlaczego Chiny inwestują miliardy w marokańskie Factorie - Wyspa Orchidei,0,1,1,1.0,34.048517,1,0,Highly Engaging Pages
Properties Archive - Page 5 of 5 - Orchid Island,4,4,3,0.75,2.4550385,8,0,Highly Engaging Pages
Properties Archive - Page 4 of 5 - Orchid Island,4,4,3,0.75,2.85502475,11,0,Highly Engaging Pages
Properties Archive - Page 3 of 5 - Orchid Island,4,4,3,0.75,4.20129375,10,0,Highly Engaging Pages
Properties Archive - Page 2 of 5 - Orchid Island,4,4,3,0.75,2.41562225,12,0,Highly Engaging Pages
Luxury Villa for Sale | Orchid Immobilier,4,1,2,1.0,75.930909,5,0,Highly Engaging Pages
Luxury Villa for Rent in Marrakech: Your Ultimate Oasis of Calm and Class | Orchid Immobilier,4,3,2,0.6666666666666666,86.39955766666665,8,0,Highly Engaging Pages
Luxury Villa for Rent in Marrakech | Orchid Real Estate,4,1,1,1.0,1366.200729,4,0,Highly Engaging Pages
LUXE | Orchid Immobilier,4,2,6,1.0,239.63474866666664,15,0,Highly Engaging Pages
Kitchen Archives - Page 2 of 2 - Orchid Island,4,4,3,0.75,2.91777925,10,0,Highly Engaging Pages
Investing in Morocco: The Complete Legal & Tax Framework Guide (2026) | Orchid Island Real Estate,4,4,3,0.75,121.07260425,10,0,Highly Engaging Pages
Invest Like Royalty: Moroccan Properties Owned by Celebrities and Diplomats | Orchid Island Real Estate,4,9,7,0.7777777777777777,66.02444266666666,20,0,Highly Engaging Pages
19/08/2025 - Orchid Island,3,3,2,0.6666666666666666,0.143064,6,0,Highly Engaging Pages
19/06/2025 - Orchid Island,3,3,2,0.6666666666666666,0.045682,9,0,Highly Engaging Pages
19/04/2025 - Orchid Island,3,3,2,0.6666666666666666,1.5680066666666663,6,0,Highly Engaging Pages
18/07/2025 - Orchid Island,3,3,2,0.6666666666666666,1.3534663333333334,7,0,Highly Engaging Pages
17/07/2025 - Orchid Island,3,3,2,0.6666666666666666,0.519377,8,0,Highly Engaging Pages
15/05/2025 - Orchid Island,3,3,2,0.6666666666666666,2.33405,7,0,Highly Engaging Pages
07/05/2025 - Orchid Island,3,3,2,0.6666666666666666,0.8762356666666666,6,0,Highly Engaging Pages
04/06/2025 - Orchid Island,3,3,2,0.6666666666666666,1.6722020000000002,8,0,Highly Engaging Pages
02/06/2025 - Orchid Island,3,3,2,0.6666666666666666,0.0194026666666666,7,0,Highly Engaging Pages
Stunning 1 Hectare and 65 m² Land Available in Marrakech – Ourika Road | Orchid Immobilier,4,5,5,1.0,60.1733502,8,0,Highly Engaging Pages
Sale Archives - Page 4 of 4 - Orchid Island,4,4,3,0.75,3.2099585,10,0,Highly Engaging Pages
Sale Archives - Page 3 of 4 - Orchid Island,4,4,3,0.75,2.36733075,9,0,Highly Engaging Pages
Sale Archives - Page 2 of 5 - Orchid Island,4,3,2,0.6666666666666666,27.288613666666667,9,0,Highly Engaging Pages
Exceptional Private Estate Marrakech – 4 Hectare Luxury Off Market Domain | Orchid Immobilier,3,3,3,1.0,33.203877,5,0,Highly Engaging Pages
Découvrez RiverPalm Villa à Marrakech : un joyau de luxe | Orchid Immobilier,3,1,1,1.0,819.390402,4,0,Highly Engaging Pages
Buying Property in Morocco via Power of Attorney: Risks & Process (2025 Guide),3,2,2,1.0,212.0091615,5,0,Highly Engaging Pages
Buy Luxury Property in Marrakech: A Complete Guide for Foreign Buyers | Orchid Island Real Estate,3,1,1,1.0,160.71907,4,0,Highly Engaging Pages
Best Areas to Invest in Marrakech: Where Tradition Meets Opportunity | Orchid Island Real Estate,3,1,1,1.0,33.993271,5,0,Highly Engaging Pages
"Africa Investment Opportunities: From Abidjan to Johannesburg, A New Investment Narrative | Orchid Island Real Estate",3,2,2,1.0,41.8236595,8,0,Highly Engaging Pages
29/07/2025 - Orchid Island,3,3,2,0.6666666666666666,0.396561,7,0,Highly Engaging Pages
29/05/2025 - Orchid Island,3,3,2,0.6666666666666666,0.4753723333333333,7,0,Highly Engaging Pages
28/05/2025 - Orchid Island,3,3,2,0.6666666666666666,0.9367676666666668,7,0,Highly Engaging Pages
25/03/2025 - Orchid Island,3,3,2,0.6666666666666666,1.033381,7,0,Highly Engaging Pages
22/05/2025 - Orchid Island,3,3,2,0.6666666666666666,1.3101363333333331,9,0,Highly Engaging Pages
21/07/2025 - Orchid Island,3,3,2,0.6666666666666666,0.0913003333333333,7,0,Highly Engaging Pages
20/05/2025 - Orchid Island,3,3,2,0.6666666666666666,1.148067,6,0,Highly Engaging Pages
Moroccan Land Tenure Systems for Foreign Buyers | Orchid Island Real Estate,3,4,4,1.0,362.74990325,7,0,Highly Engaging Pages
Mini-Villa Marrakech: A Unique Investment Opportunity – Semi-Finished Property in Bab Ighli | Orchid Immobilier,3,4,4,0.8,7.9331498,10,0,Highly Engaging Pages
Luxury Residence for Sale in Casablanca | Orchid Immobilier,3,3,3,1.0,55.01420766666666,4,0,Highly Engaging Pages
Luxury Property for Sale in Marrakech | 1 Hectare Estate with 4-Star Hotel Permit | Orchid Real Estate,3,2,2,1.0,458.6570545,3,0,Highly Engaging Pages
Luxury Duplex for Sale in Marrakech — Off-Market Signature Residence Facing Majorelle | Orchid Immobilier,3,3,3,1.0,279.474991,3,0,Highly Engaging Pages
Luxury Apartment for Sale in Marrakech - 147 m² Oasis,3,3,3,1.0,28.826938,6,0,Highly Engaging Pages
Land for Sale in Central Marrakech: R+5 Development Chance | Orchid Immobilier,3,4,4,1.0,341.7712665,5,0,Highly Engaging Pages
"Hassan, Author at Orchid Island",3,3,3,1.0,2.1631986666666667,4,0,Highly Engaging Pages
Exploring Morocco Eco-Tourism Investment Opportunities in 2025 | Orchid Island Real Estate,3,3,3,1.0,141.70686333333333,6,0,Highly Engaging Pages
Bästa områdena för kustfastighetsinvesteringar i Marocko 2025,0,1,1,1.0,52.12394,1,0,Highly Engaging Pages
Boutique-spa exclusive – 36 suites. Opportunité d'investissement exceptionnelle à Marrakech.,0,3,2,0.6666666666666666,246.7365903333333,6,0,Highly Engaging Pages
Blockchain pour les transactions immobilières marocaines 2025,0,1,1,1.0,17.105055,1,0,Highly Engaging Pages
Bize Ulaşın - Orchid Island,0,1,1,1.0,927.368088,1,0,Highly Engaging Pages
Bioklimatische architectuur in Marokko: duurzaam ontwerp,0,1,1,1.0,22.75614,1,0,Highly Engaging Pages
Bienes raíces de bienestar en Marrakech: Inversión en villas spa,0,1,1,1.0,26.122014,2,0,Highly Engaging Pages
Beste kustvastgoedinvesteringsgebieden in Marokko 2025,0,1,1,1.0,65.98801,1,0,Highly Engaging Pages
Beste Küstengebiete für Immobilieninvestitionen in Marokko 2025,0,1,1,1.0,15.110476,1,0,Highly Engaging Pages
Beste Kustvastgoedinvesteringsgebieden in Marokko 2025,0,1,1,1.0,46.032009,1,0,Highly Engaging Pages
Avantages fiscaux pour les investisseurs étrangers au Maroc - Orchid Island,0,2,2,1.0,98.2545425,2,0,Highly Engaging Pages
Avantages des villas clé en main - Orchid Island,0,1,1,1.0,84.86879,1,0,Highly Engaging Pages
"Außergewöhnliche Gewerbeimmobilie zum Verkauf in Gueliz, Marrakesch – Erstklassige 100 m² Einzelhandelsfläche in der Rue Mohamed El Bekal – Orchideeninsel",0,1,1,1.0,3.607923,1,0,Highly Engaging Pages
Auswirkungen des Euro-Dirham-Immobilientauschs in Marrakesch - Orchid Island,0,1,1,1.0,72.428729,1,0,Highly Engaging Pages
Artisanat marocain : un atout immobilier stratégique - Orchid Island,0,1,1,1.0,611.939789,1,0,Highly Engaging Pages
Construction de villas à vendre à Marrakech — villas de luxe semi-finies - Île des Orchidées,0,1,1,1.0,45.206251,1,0,Highly Engaging Pages
Riad for Sale Marrakech Medina – 11 Bedroom Boutique Property | Orchid Immobilier,3,2,2,1.0,27.265382,6,0,Highly Engaging Pages
Real Estate Guide - Orchid Insights - Page 21 of 21 - Orchid Island,3,3,2,0.6666666666666666,8.275883333333335,10,0,Highly Engaging Pages
Real Estate Guide - Orchid Insights - Page 2 of 23 - Orchid Island,3,2,2,1.0,11.2604155,6,0,Highly Engaging Pages
Real Estate Guide - Orchid Insights - Page 2 of 21 - Orchid Island,3,3,2,0.6666666666666666,3.708787333333333,8,0,Highly Engaging Pages
Real Estate Guide - Orchid Insights - Page 18 of 22 - Orchid Island,3,4,3,0.75,8.7005615,10,0,Highly Engaging Pages
Real Estate Guide - Orchid Insights - Page 17 of 22 - Orchid Island,3,3,2,0.6666666666666666,8.492816666666668,9,0,Highly Engaging Pages
Real Estate Guide - Orchid Insights - Page 17 of 17 - Orchid Island,3,2,2,1.0,9.270255,5,0,Highly Engaging Pages
Real Estate Guide - Orchid Insights - Page 16 of 23 - Orchid Island,3,3,2,0.6666666666666666,5.757611333333333,7,0,Highly Engaging Pages
10/04/2025 - Orchid Island,2,2,2,1.0,3.612363,4,0,Highly Engaging Pages
06/05/2025 - Orchid Island,2,2,2,1.0,0.430328,4,0,Highly Engaging Pages
luxury villa resort Marrakech : Experience Timeless Elegance - Orchid Island | Orchid Immobilier,3,3,3,1.0,108.24792066666669,7,0,Highly Engaging Pages
Wellness Real Estate Marrakech : Spa Villas Investment,3,3,2,0.6666666666666666,6.454965333333333,7,0,Highly Engaging Pages
Understanding Urban Planning: A Key to Success in Marrakech | Orchid Island Real Estate,3,3,2,0.6666666666666666,21.061388666666662,8,0,Highly Engaging Pages
The Real Estate Flipping Morocco How to Change Riads of Marrakech into living Legacies | Orchid Island Real Estate,3,2,2,1.0,159.5237785,9,0,Highly Engaging Pages
Arquitectura bioclimática en Marruecos: Diseño sostenible,0,2,2,1.0,47.0278925,2,0,Highly Engaging Pages
Archives de villas modernes - L'île aux orchidées,0,1,1,1.0,23.641123,2,0,Highly Engaging Pages
Archives de Marrakech - Île aux Orchidées,0,1,1,1.0,15.726103,1,0,Highly Engaging Pages
Archiv moderner Villen – Orchideeninsel,0,1,1,1.0,27.193907,2,0,Highly Engaging Pages
"Architecture marocaine moderne, tendances immobilières à Marrakech en 2025 - Île aux Orchidées",0,1,1,1.0,81.014064,1,0,Highly Engaging Pages
Appartements vs Villas de luxe Marrakech : Meilleur investissement immobilier - Orchid Island,0,1,1,1.0,155.097759,2,0,Highly Engaging Pages
Appartement à vendre à Marrakech – Propriété de luxe à Hivernage,0,1,1,1.0,35.747924,1,0,Highly Engaging Pages
Appartement à vendre à Marrakech – Propriété de luxe dans l'Hivernage,0,8,8,1.0,100.159787,12,0,Highly Engaging Pages
Appartement à vendre à Marrakech : Propriété haut de gamme de 118 m²,0,1,1,1.0,9.842914,1,0,Highly Engaging Pages
Appartement à vendre à Marrakech,0,2,2,1.0,142.1709095,2,0,Highly Engaging Pages
Appartement de luxe à Marrakech à vendre,0,1,1,1.0,21.338723,1,0,Highly Engaging Pages
"Appartement de luxe avec jardin à vendre à Hivernage Marrakech, comprenant 3 suites - Île aux Orchidées",0,7,6,0.75,45.885716125,9,0,Highly Engaging Pages
Appartement de luxe Hivernage Marrakech | Appartement à Vendre à l'Hivernage Marrakech,0,2,2,1.0,18.954363,2,0,Highly Engaging Pages
Appartement de 107 m² en rez-de-jardin à Marrakech à vendre – Découvrez votre oasis privée – Orchid Island,0,1,1,1.0,14.609504,1,0,Highly Engaging Pages
Appartement de 107 m² en rez-de-jardin à Marrakech à vendre – Découvrez votre oasis privée - Orchid Island,0,5,5,1.0,166.2670634,5,0,Highly Engaging Pages
Can Morocco Increase Its Appeal to Foreign Investors in a Competitive Global Landscape? | Orchid Island Real Estate,0,1,1,1.0,0.0,1,0,Highly Engaging Pages
27/04/2026 - Orchid Island,2,2,1,0.5,758.5460895,5,0,Highly Engaging Pages
22/04/2025 - Orchid Island,2,2,2,1.0,1.3399555,4,0,Highly Engaging Pages
19/05/2025 - Orchid Island,2,2,2,1.0,6.028419,4,0,Highly Engaging Pages
17/04/2025 - Orchid Island,2,2,2,1.0,3.5594355,4,0,Highly Engaging Pages
16/06/2025 - Orchid Island,2,2,2,1.0,2.8368765,4,0,Highly Engaging Pages
14/06/2025 - Orchid Island,2,2,2,1.0,0.2831825,5,0,Highly Engaging Pages
12/09/2025 - Orchid Island,2,2,2,1.0,0.3006385,3,0,Highly Engaging Pages
12/06/2025 - Orchid Island,2,2,2,1.0,0.419676,4,0,Highly Engaging Pages
107 m² Garden Level Apartment Marrakech for Sale – Discover Your Private Oasis - Orchid Island | Orchid Immobilier,2,3,3,1.0,33.02122133333334,4,0,Highly Engaging Pages
Luxury Shopping Expansion in a Rapidly Growing City | Orchid Island Real Estate,2,10,7,0.7,101.7805083,16,0,Highly Engaging Pages
"Luxury Hotel for Sale in Essaouira | Prestigious Estate of 4,430 m² | Orchid Real Estate",2,2,2,1.0,17.4298015,2,0,Highly Engaging Pages
July 2025 - Orchid Island,2,2,2,1.0,8.65595,5,0,Highly Engaging Pages
"Imóveis de luxo em Marrakech | Vilas, Riads e propriedades para investimento | Ilha das Orquídeas",2,1,1,1.0,39.035549,4,0,Highly Engaging Pages
Exclusive Lot for Sale on Route de l’Ourika in Marrakech – 1 Hectare | Orchid Immobilier,2,3,3,1.0,65.94067966666667,6,0,Highly Engaging Pages
Exclusive 3-Bedroom Villa for Sale Marrakech Golf City - Private Pool Opportunity | Orchid Immobilier,2,2,2,1.0,275.595554,4,0,Highly Engaging Pages
Exceptional Investment Riad in Sidi Mimoun – Marrakech Medina | Orchid Real Estate,2,2,2,1.0,15.750722,2,0,Highly Engaging Pages
Environmental Awareness Days: Insights from Crocologies 2025 in Agadir | Orchid Island Real Estate,2,1,2,1.0,25.127624,6,0,Highly Engaging Pages
Emerging Secondary Towns Near Marrakech for Property Investment: 2025 Guide,2,2,2,1.0,6.197523,2,0,Highly Engaging Pages
Appartement Moderne Marrakech : 147 m² Luxury Apartment | Orchid Immobilier,2,1,1,1.0,39.395016,2,0,Highly Engaging Pages
"Appartement Tamaris : Maison contemporaine de 88m² près de la plage"" - Orchid Island",0,1,1,1.0,36.464793,1,0,Highly Engaging Pages
Appartement Tamaris : Maison contemporaine de 88 m² proche de la plage - Orchid Island,0,2,2,1.0,52.957026,2,0,Highly Engaging Pages
Appartement Tamaris : Logement contemporain de 88 m² près de la plage - Orchid Island,0,1,1,1.0,9.111468,1,0,Highly Engaging Pages
Appartement Moderne Marrakech : Appartement de luxe de 147 m²,0,3,3,1.0,146.64783533333335,3,0,Highly Engaging Pages
Appartement Moderne Marrakech : Appartement de Luxe de 147 m²,0,3,3,1.0,111.01008833333331,3,0,Highly Engaging Pages
Appartement Marrakech – Appartement moderne de 2 chambres dans la résidence Burj Malak,0,3,3,1.0,43.46290266666667,3,0,Highly Engaging Pages
Appartement Guéliz Marrakech Duplex & Appartements,0,2,2,1.0,8.0414485,2,0,Highly Engaging Pages
Appartement 2 chambres à vendre à Paris - Orchid Island,0,1,1,1.0,11.969075,1,0,Highly Engaging Pages
Apartamento moderno Marrakech: Apartamento de lujo de 147 m²,0,1,1,1.0,123.84642,1,0,Highly Engaging Pages
Apartamento de lujo Hivernage Marrakech | Apartamento en venta en Hivernage Marrakech,0,1,1,1.0,72.173143,1,0,Highly Engaging Pages
Apartamento Marrakech – Moderno apartamento de 2 dormitorios en la residencia Burj Malak,0,1,1,1.0,108.638704,1,0,Highly Engaging Pages
Altersruhesitz-Immobilien in Marrakesch: Expat-Leitfaden 2025 – Orchid Island,0,1,1,1.0,239.484821,1,0,Highly Engaging Pages
Agente inmobiliario de confianza en Marruecos - Isla Orquídea,0,1,1,1.0,141.070124,1,0,Highly Engaging Pages
Afrique Immobilier 2025 - Orchid Island,0,1,1,1.0,59.068631,1,0,Highly Engaging Pages
Art and Culture in Marrakech: Invest in a Luxury Riad That Embodies Creative Heritage | Orchid Island Real Estate,0,1,1,1.0,0.0,1,0,Highly Engaging Pages
Premium Targa Residences: 5 Reasons to Choose Luxury Living in Targa | Orchid Island Real Estate,2,3,3,1.0,34.368426333333325,6,0,Highly Engaging Pages
Pickalbatros Palais des Roses Reopens in Agadir: A New Era in Luxury Hotels | Orchid Island Real Estate,2,3,2,0.6666666666666666,265.92550266666666,5,0,Highly Engaging Pages
Old Moroccan Money Style Meets Modern Luxury | Orchid Island Real Estate,2,7,5,0.7142857142857143,12.613745142857145,11,0,Highly Engaging Pages
Morocco Tax Reform 2026 & Property Investment | Orchid Island Real Estate,2,1,1,1.0,1500.772439,2,0,Highly Engaging Pages
Moroccan Rooftop Terraces: The Future of Luxury Urban Living | Orchid Island Real Estate,2,3,2,0.6666666666666666,18.95496,8,0,Highly Engaging Pages
Modern Luxury Penthouse in Casablanca Marina | Orchid Island Real Estate,2,1,1,1.0,229.887895,3,0,Highly Engaging Pages
Luxury Villa for Rent in Marrakech: Contemporary Villa Marrakech | Orchid Immobilier,2,3,3,1.0,62.99492266666667,4,0,Highly Engaging Pages
Real Estate Guide - Orchid Insights - Page 13 of 17 - Orchid Island,2,1,1,1.0,31.74159,4,0,Highly Engaging Pages
"RAPPORT D'AUDIT Audit fonctionnel, sécurité et performance www.orchidisland.immo | Orchid Island Real Estate",2,1,1,1.0,252.357309,4,0,Highly Engaging Pages
Propiedades | Isla Orquídea - Bienes raíces de lujo,2,2,2,1.0,54.324201,2,0,Highly Engaging Pages
Acheter un bien immobilier à Marrakech : 2025 est-il le bon moment pour investir ? - Orchid Island,0,9,7,0.7777777777777777,136.57041322222224,9,0,Highly Engaging Pages
Acheter un bien immobilier à Marrakech : 2025 est-elle le bon moment pour investir ? - Orchid Island,0,8,8,1.0,142.59165725,10,0,Highly Engaging Pages
Acheter un bien immobilier de luxe à Marrakech : Guide complet pour les acheteurs étrangers,0,4,4,1.0,182.727741,4,0,Highly Engaging Pages
Acheter un bien immobilier au Maroc en tant qu'investisseur européen : Guide 2025 - Orchid Island,0,7,6,0.75,281.5629145,10,0,Highly Engaging Pages
AI Impact on Real Estate: Shaping Buyer and Seller Behavior | Orchid Island Real Estate,0,1,1,1.0,0.0,1,0,Highly Engaging Pages
AFCON 2025 Marrakech Property Investment: Short-Term Rental Boom | Orchid Island Real Estate,0,1,1,1.0,0.0,1,0,Highly Engaging Pages
"7 sposobów, w jakie agroturystyka w Maroku na nowo definiuje zrównoważony, luksusowy styl życia",0,1,1,1.0,0.0,2,0,Highly Engaging Pages
7 façons dont l'agritourisme au Maroc redéfinit le luxe durable,0,1,1,1.0,41.666975,1,0,Highly Engaging Pages
6 conseils intelligents pour comparer les polices d’assurance au Maroc aujourd’hui,0,1,1,1.0,123.095653,1,0,Highly Engaging Pages
2030년 디지털 마케팅의 모습은 어떨까요?,0,1,1,1.0,5.925063,2,0,Highly Engaging Pages
"1,65 hectare de terrain à vendre Marrakech - Ourika Roa",0,1,1,1.0,218.375401,1,0,Highly Engaging Pages
1 Événements haut de gamme : Le lieu incontournable de la vie nocturne à Marrakech - Orchid Island,0,1,1,1.0,464.952561,1,0,Highly Engaging Pages
“Why Are House Prices in Marrakech Reaching New Heights? A Comprehensive Look at the Factors Driving the Market” | Orchid Island Real Estate,1,2,2,1.0,17.6312815,5,0,Highly Engaging Pages
هل يمكن للأجانب شراء عقارات في المغرب؟ دليلك الشامل - جزيرة الأوركيد,1,2,1,0.5,248.0572705,4,0,Highly Engaging Pages
Appartement Tamaris: moderne woning van 88 m² vlakbij het strand - Orchid Island,0,1,1,1.0,133.74081,2,0,Highly Engaging Pages
Real Estate Guide - Orchid Insights - Page 2 of 18 - Orchid Island,2,1,1,1.0,32.435519,4,0,Highly Engaging Pages
Real Estate Guide - Orchid Insights - Page 18 of 23 - Orchid Island,2,2,2,1.0,8.09444,4,0,Highly Engaging Pages
Real Estate Guide - Orchid Insights - Page 17 of 23 - Orchid Island,2,2,2,1.0,15.8926285,5,0,Highly Engaging Pages
Real Estate Guide - Orchid Insights - Page 15 of 23 - Orchid Island,2,2,2,1.0,9.2452405,4,0,Highly Engaging Pages
Real Estate Guide - Orchid Insights - Page 15 of 19 - Orchid Island,2,1,2,1.0,14.007156,4,0,Highly Engaging Pages
Real Estate Guide - Orchid Insights - Page 14 of 17 - Orchid Island,2,1,1,1.0,14.846712,4,0,Highly Engaging Pages
شقة استثنائية للبيع في ماجوريل مراكش | شقة واسعة بغرفتي نوم مع تراس | أوركيد إيموبيليه,1,1,1,1.0,24.224101,1,0,Highly Engaging Pages
شراء العقارات في المغرب كمستثمر أوروبي: دليل 2025 - جزيرة الأوركيد,1,10,8,0.8,104.0838364,13,0,Highly Engaging Pages
تأجير العقارات من الباطن عبر منصة Airbnb في المغرب: تحقيق دخل من خلال تأجير عقار | عقارات جزيرة الأوركيد,1,1,1,1.0,99.64642,1,0,Highly Engaging Pages
أرض مراكش – فرصة استثنائية بالقرب من دار لاميا لمشروع سكني فاخر | أوركيد إيموبيليه,1,1,1,1.0,6.585008,1,0,Highly Engaging Pages
Africa Property Investment Trends 2025: Where Capital Flows Next | Orchid Island Real Estate,0,2,2,1.0,21.2378795,2,0,Highly Engaging Pages
Real Estate Guide - Orchid Insights - Page 5 of 22 - Orchid Island,2,2,2,1.0,47.5200605,4,0,Highly Engaging Pages
Real Estate Guide - Orchid Insights - Page 5 of 17 - Orchid Island,2,1,1,1.0,15.124182,4,0,Highly Engaging Pages
Real Estate Guide - Orchid Insights - Page 4 of 19 - Orchid Island,2,1,2,1.0,19.756515,4,0,Highly Engaging Pages
Real Estate Guide - Orchid Insights - Page 3 of 23 - Orchid Island,2,1,1,1.0,10.142785,4,0,Highly Engaging Pages
Real Estate Guide - Orchid Insights - Page 3 of 20 - Orchid Island,2,2,2,1.0,8.846187,6,0,Highly Engaging Pages
Real Estate Guide - Orchid Insights - Page 3 of 17 - Orchid Island,2,1,1,1.0,28.27465,4,0,Highly Engaging Pages
Real Estate Guide - Orchid Insights - Page 22 of 24 - Orchid Island,2,1,1,1.0,21.480901,5,0,Highly Engaging Pages
Uncategorized Archives - Page 9 of 22 - Orchid Island,1,1,1,1.0,1.83895,2,0,Highly Engaging Pages
Uncategorized Archives - Page 8 of 20 - Orchid Island,1,1,1,1.0,1.293498,2,0,Highly Engaging Pages
Uncategorized Archives - Page 7 of 22 - Orchid Island,1,1,1,1.0,0.873298,2,0,Highly Engaging Pages
Uncategorized Archives - Page 7 of 20 - Orchid Island,1,1,1,1.0,2.230774,2,0,Highly Engaging Pages
Uncategorized Archives - Page 6 of 20 - Orchid Island,1,1,1,1.0,0.03904,2,0,Highly Engaging Pages
Uncategorized Archives - Page 5 of 22 - Orchid Island,1,1,1,1.0,0.692618,2,0,Highly Engaging Pages
Uncategorized Archives - Page 5 of 20 - Orchid Island,1,1,1,1.0,0.453156,2,0,Highly Engaging Pages
Uncategorized Archives - Page 4 of 20 - Orchid Island,1,1,1,1.0,1.700062,2,0,Highly Engaging Pages
"فندق فاخر للبيع في الصويرة | عقار مرموق بمساحة 4,430 متر مربع | أوركيد للعقارات",1,1,1,1.0,6.244228,1,0,Highly Engaging Pages
Sale Archives - Page 3 of 5 - Orchid Island,2,1,1,1.0,48.252728,3,0,Highly Engaging Pages
Riad for Sale in Marrakech Medina | Orchid Immobilier,2,2,2,1.0,89.079945,3,0,Highly Engaging Pages
Real Estate Investment in Morocco’s Desert Regions (Merzouga & Zagora) | Orchid Island Real Estate,2,3,3,0.75,13.67229775,8,0,Highly Engaging Pages
Real Estate Guide - Orchid Insights - Page 9 of 19 - Orchid Island,2,1,2,0.6666666666666666,7.187956333333333,5,0,Highly Engaging Pages
Real Estate Guide - Orchid Insights - Page 8 of 25 - Orchid Island,2,2,1,0.5,242.7696495,7,0,Highly Engaging Pages
Real Estate Guide - Orchid Insights - Page 7 of 19 - Orchid Island,2,1,2,1.0,16.8554665,4,0,Highly Engaging Pages
Real Estate Guide - Orchid Insights - Page 6 of 23 - Orchid Island,2,1,1,1.0,8.862906,4,0,Highly Engaging Pages
Uncategorized Archives - Page 2 of 21 - Orchid Island,2,2,2,1.0,9.5856995,6,0,Highly Engaging Pages
Uncategorized Archives - Page 3 of 20 - Orchid Island,1,1,1,1.0,0.289559,2,0,Highly Engaging Pages
Uncategorized Archives - Page 22 of 22 - Orchid Island,1,1,1,1.0,1.166381,2,0,Highly Engaging Pages
Uncategorized Archives - Page 21 of 22 - Orchid Island,1,1,1,1.0,0.002716,2,0,Highly Engaging Pages
Uncategorized Archives - Page 20 of 22 - Orchid Island,1,1,1,1.0,1.231252,2,0,Highly Engaging Pages
Uncategorized Archives - Page 20 of 20 - Orchid Island,1,1,1,1.0,0.369127,1,0,Highly Engaging Pages
Uncategorized Archives - Page 2 of 20 - Orchid Island,1,1,1,1.0,0.232087,2,0,Highly Engaging Pages
Uncategorized Archives - Page 19 of 22 - Orchid Island,1,1,1,1.0,4.250024,2,0,Highly Engaging Pages
Uncategorized Archives - Page 19 of 20 - Orchid Island,1,1,1,1.0,5.841601,2,0,Highly Engaging Pages
Uncategorized Archives - Page 19 of 19 - Orchid Island,1,1,1,1.0,0.0,3,0,Highly Engaging Pages
Uncategorized Archives - Page 18 of 22 - Orchid Island,1,1,1,1.0,8.020757,2,0,Highly Engaging Pages
Uncategorized Archives - Page 18 of 20 - Orchid Island,1,1,1,1.0,5.079318,2,0,Highly Engaging Pages
Uncategorized Archives - Page 17 of 22 - Orchid Island,1,1,1,1.0,1.191574,2,0,Highly Engaging Pages
Ultimate Luxury Villa in Marrakech | Orchid Island Real Estate,2,1,1,1.0,819.051642,6,0,Highly Engaging Pages
UAE Investment Projects Marrakech: Luxury Investment Growth | Orchid Island Real Estate,2,1,1,1.0,3.781984,4,0,Highly Engaging Pages
"Stage en visualisation architecturale 3D, CGI et Unreal Engine – Marrakech | Carrières Orchid Island Real Estate",2,4,8,1.0,380.02042475,11,0,Highly Engaging Pages
Unparalleled Luxury Villa Marrakech: Villa Premium for Sale. | Orchid Immobilier,2,2,2,1.0,25.4330605,2,0,Highly Engaging Pages
Uncategorized Archives - Page 16 of 22 - Orchid Island,1,1,1,1.0,0.450212,2,0,Highly Engaging Pages
Uncategorized Archives - Page 16 of 20 - Orchid Island,1,1,1,1.0,0.01453,2,0,Highly Engaging Pages
Uncategorized Archives - Page 15 of 22 - Orchid Island,1,1,1,1.0,0.260214,2,0,Highly Engaging Pages
Uncategorized Archives - Page 15 of 20 - Orchid Island,1,1,1,1.0,0.331987,2,0,Highly Engaging Pages
Uncategorized Archives - Page 14 of 22 - Orchid Island,1,1,1,1.0,1.985131,4,0,Highly Engaging Pages
Uncategorized Archives - Page 14 of 20 - Orchid Island,1,1,1,1.0,0.392779,2,0,Highly Engaging Pages
Uncategorized Archives - Page 13 of 22 - Orchid Island,1,1,1,1.0,0.348564,2,0,Highly Engaging Pages
Uncategorized Archives - Page 13 of 20 - Orchid Island,1,1,1,1.0,2.840653,4,0,Highly Engaging Pages
Uncategorized Archives - Page 12 of 22 - Orchid Island,1,1,1,1.0,0.14424,1,0,Highly Engaging Pages
Uncategorized Archives - Page 12 of 20 - Orchid Island,1,1,1,1.0,2.620628,2,0,Highly Engaging Pages
Uncategorized Archives - Page 11 of 22 - Orchid Island,1,1,1,1.0,0.233149,4,0,Highly Engaging Pages
Uncategorized Archives - Page 11 of 20 - Orchid Island,1,1,1,1.0,0.009026,2,0,Highly Engaging Pages
Uncategorized Archives - Page 3 of 22 - Orchid Island,1,1,1,1.0,1.561406,2,0,Highly Engaging Pages
Unlocking Opportunity: The New Era of Japan–Morocco Investment | Orchid Island Real Estate,2,14,12,0.8571428571428571,23.99821421428572,20,0,Highly Engaging Pages
Unique Opportunity: Corner Plot Villa in Marrakech | Orchid Immobilier,2,1,1,1.0,225.154529,2,0,Highly Engaging Pages
Uncategorized Archives - Page 10 of 22 - Orchid Island,1,1,1,1.0,0.664045,2,0,Highly Engaging Pages
Uncategorized Archives - Page 10 of 20 - Orchid Island,1,1,1,1.0,0.021651,2,0,Highly Engaging Pages
Trustworthy Real Estate Agent in Morocco | Orchid Island Real Estate,1,3,2,0.6666666666666666,20.443258333333333,5,0,Highly Engaging Pages
The Color Red in the Red City Marrakech: How It Shapes Emotion and Space | Orchid Island Real Estate,1,3,2,0.6666666666666666,2.8638383333333333,5,0,Highly Engaging Pages
Terreno Marrakech: Oportunidad excepcional cerca de Dar Lamia para un proyecto residencial de alta gama | Orchid Immobilier,1,1,1,1.0,7.757953,1,0,Highly Engaging Pages
Terrain à Marrakech – Opportunité exceptionnelle près de Dar Lamia pour un projet résidentiel haut de gamme | Orchid Immobilier,1,1,1,1.0,5.880393,1,0,Highly Engaging Pages
Tax Benefits for Foreign Investors in Morocco: 2025 Guide | Orchid Island Real Estate,1,3,2,0.6666666666666666,8.130500333333334,5,0,Highly Engaging Pages
Uncategorized Archives - Page 17 of 20 - Orchid Island,1,1,1,1.0,0.042608,2,0,Highly Engaging Pages
Seismic and Building-Code Requirements for New Builds in Morocco 2025,1,1,1,1.0,18.356658,2,0,Highly Engaging Pages
Salon de thé clé en main à vendre Marrakech 105m² + 63m² Mezzanine + 35m² Terrasse 2 000 000 MAD Opportunité d'investissement | Orchid Immobilier,1,1,1,1.0,66.509215,1,0,Highly Engaging Pages
Riad de inversión excepcional en Sidi Mimoun – Medina de Marrakech | Orchid Real Estate,1,1,1,1.0,5.325813,1,0,Highly Engaging Pages
Riad Lalla Mira à Essaouira : maison d’hôtes de charme clé en main à vendre | Orchid Immobilier,1,1,1,1.0,885.829241,2,0,Highly Engaging Pages
(not set),1,2,3,1.0,156.188848,3,0,Highly Engaging Pages
مدونة العقارات | جزيرة الأوركيد - رؤى عقارية فاخرة,2,2,2,1.0,10.2583585,2,0,Highly Engaging Pages
عقارات | جزيرة أوركيد - عقارات فاخرة,2,1,1,1.0,35.484844,2,0,Highly Engaging Pages
Where to Find the Most Beautiful Riads for Sale in Morocco? | Orchid Island Real Estate,2,4,2,0.5,305.288367,8,0,Highly Engaging Pages
What is the best investment in real estate? Morocco or Spain?Property Guide 2025: Morocco vs. Spain | Orchid Island Real Estate,2,2,2,1.0,32.5673415,6,0,Highly Engaging Pages
Amazing 2.6 Hectare Land for Sale in Marrakech – Perfect for an Elegant Residential Project | Orchid Immobilier,1,2,2,1.0,24.245737,2,0,Highly Engaging Pages
Real Estate Guide - Orchid Insights - Page 9 of 21 - Orchid Island,1,1,1,1.0,0.0,3,0,Highly Engaging Pages
Real Estate Guide - Orchid Insights - Page 9 of 20 - Orchid Island,1,1,1,1.0,0.103203,2,0,Highly Engaging Pages
Real Estate Guide - Orchid Insights - Page 8 of 21 - Orchid Island,1,1,1,1.0,0.006594,2,0,Highly Engaging Pages
Real Estate Guide - Orchid Insights - Page 8 of 20 - Orchid Island,1,1,1,1.0,0.323247,2,0,Highly Engaging Pages
Real Estate Guide - Orchid Insights - Page 8 of 19 - Orchid Island,1,1,1,1.0,18.710642,2,0,Highly Engaging Pages
Real Estate Guide - Orchid Insights - Page 7 of 21 - Orchid Island,1,1,1,1.0,0.000852,1,0,Highly Engaging Pages
Real Estate Guide - Orchid Insights - Page 7 of 20 - Orchid Island,1,1,1,1.0,0.451933,2,0,Highly Engaging Pages
Real Estate Guide - Orchid Insights - Page 6 of 21 - Orchid Island,1,1,1,1.0,5.686167,4,0,Highly Engaging Pages
Airbnb subletting in Morocco: generate income with a rented property | Orchid Island Real Estate,1,1,1,1.0,0.0,2,0,Highly Engaging Pages
A Quiet Contender for Global Investment: 7 Strategic Reasons Why Morocco Is Emerging as a Leading Destination | Orchid Island Real Estate,1,2,3,1.0,1.7915473333333332,4,0,Highly Engaging Pages
A Prestigious Opportunity – Premium Commercial Space in Marrakech’s For Rent in Industrial District | Orchid Immobilier,1,1,1,1.0,27.53202,4,0,Highly Engaging Pages
3 Bedroom Apartment Prestigia Jade – Excellent Opportunity | Orchid Immobilier,1,1,1,1.0,11.432779,4,0,Highly Engaging Pages
Real Estate Guide - Orchid Insights - Page 6 of 19 - Orchid Island,1,1,1,1.0,22.027895,2,0,Highly Engaging Pages
Real Estate Guide - Orchid Insights - Page 6 of 17 - Orchid Island,1,1,1,1.0,759.95922,2,0,Highly Engaging Pages
Real Estate Guide - Orchid Insights - Page 5 of 21 - Orchid Island,1,1,1,1.0,5.360328,2,0,Highly Engaging Pages
Real Estate Guide - Orchid Insights - Page 5 of 20 - Orchid Island,1,1,1,1.0,2.92795,1,0,Highly Engaging Pages
Real Estate Guide - Orchid Insights - Page 5 of 19 - Orchid Island,1,1,1,1.0,11.445206,2,0,Highly Engaging Pages
Real Estate Guide - Orchid Insights - Page 4 of 20 - Orchid Island,1,1,1,1.0,0.925784,1,0,Highly Engaging Pages
Real Estate Guide - Orchid Insights - Page 3 of 22 - Orchid Island,1,1,1,1.0,0.005,2,0,Highly Engaging Pages
Real Estate Guide - Orchid Insights - Page 3 of 19 - Orchid Island,1,1,1,1.0,21.730764,2,0,Highly Engaging Pages
Real Estate Guide - Orchid Insights - Page 24 of 24 - Orchid Island,1,1,1,1.0,5.948816,2,0,Highly Engaging Pages
Real Estate Guide - Orchid Insights - Page 22 of 25 - Orchid Island,1,1,1,1.0,24.955578,3,0,Highly Engaging Pages
Real Estate Guide - Orchid Insights - Page 21 of 25 - Orchid Island,1,1,1,1.0,40.511288,3,0,Highly Engaging Pages
Real Estate Guide - Orchid Insights - Page 21 of 24 - Orchid Island,1,1,1,1.0,6.787619,2,0,Highly Engaging Pages
Real Estate Guide - Orchid Insights - Page 21 of 23 - Orchid Island,1,1,1,1.0,10.720443,2,0,Highly Engaging Pages
Retirement Properties in Marrakech: 2025 Guide for Expats and Investors | Orchid Island Real Estate,1,2,1,0.5,252.990676,4,0,Highly Engaging Pages
Domaine de luxe Marrakech - Domaine VNA exceptionnel de 4 hectares avec villa et parcelles divisibles - Orchid Island | Orchid Immobilier,1,1,1,1.0,19.580011,1,0,Highly Engaging Pages
Discover 7 Smart School Centric Housing Morocco Trends | Orchid Island Real Estate,1,1,1,1.0,1224.530393,2,0,Highly Engaging Pages
Desert Activities in Agafay: A New Frontier for Luxury Tourism and Investment | Orchid Island Real Estate,1,3,2,0.6666666666666666,2.4856206666666667,5,0,Highly Engaging Pages
Contactez-nous - Orchid Island,1,21,19,0.8636363636363636,134.5211674090909,30,0,Highly Engaging Pages
Carrières & Offres d'emploi | Immobilier sur l’Île des Orchidées,1,1,1,1.0,2.63341,2,0,Highly Engaging Pages
Can Foreigners Buy Property in Morocco? Your Ultimate Guide to Owning Real Estate in 2025 | Orchid Island Real Estate,1,3,2,0.6666666666666666,26.929759333333333,4,0,Highly Engaging Pages
Buyer’s Guide to Gueliz: Modern Living in Marrakech Real Estate | Orchid Island Real Estate,1,1,1,1.0,51.405317,4,0,Highly Engaging Pages
Buy Property in Morocco: Why Europeans Are Investing in This North African Gem ? | Orchid Island Real Estate,1,2,2,1.0,35.1883545,5,0,Highly Engaging Pages
Asociación entre Marruecos y Rusia: Entrevista a Hassan AL KHAYER - Isla Orquídea,1,1,1,1.0,125.779467,2,0,Highly Engaging Pages
Apartment for Sale in Marrakech: High-End 118m² Property,1,1,1,1.0,4.701698,1,0,Highly Engaging Pages
"Hassan, Author at Orchid Island - Page 18 of 20",1,1,1,1.0,0.512127,1,0,Highly Engaging Pages
Real Estate Guide - Orchid Insights - Page 20 of 24 - Orchid Island,1,1,1,1.0,20.74217,3,0,Highly Engaging Pages
Real Estate Guide - Orchid Insights - Page 20 of 20 - Orchid Island,1,1,1,1.0,3.190405,2,0,Highly Engaging Pages
Real Estate Guide - Orchid Insights - Page 2 of 20 - Orchid Island,1,1,1,1.0,1.48689,2,0,Highly Engaging Pages
Real Estate Guide - Orchid Insights - Page 19 of 21 - Orchid Island,1,1,1,1.0,0.972749,2,0,Highly Engaging Pages
Real Estate Guide - Orchid Insights - Page 19 of 20 - Orchid Island,1,1,1,1.0,2.750138,2,0,Highly Engaging Pages
Real Estate Guide - Orchid Insights - Page 18 of 21 - Orchid Island,1,1,1,1.0,0.143559,2,0,Highly Engaging Pages
Real Estate Guide - Orchid Insights - Page 18 of 20 - Orchid Island,1,1,1,1.0,6.003595,1,0,Highly Engaging Pages
Real Estate Guide - Orchid Insights - Page 18 of 19 - Orchid Island,1,1,1,1.0,17.597201,2,0,Highly Engaging Pages
Real Estate Guide - Orchid Insights - Page 17 of 21 - Orchid Island,1,1,1,1.0,1.315696,2,0,Highly Engaging Pages
Real Estate Guide - Orchid Insights - Page 17 of 20 - Orchid Island,1,1,1,1.0,0.180148,2,0,Highly Engaging Pages
Real Estate Guide - Orchid Insights - Page 17 of 19 - Orchid Island,1,1,2,1.0,2.736027,3,0,Highly Engaging Pages
Real Estate Guide - Orchid Insights - Page 16 of 21 - Orchid Island,1,1,1,1.0,0.145876,2,0,Highly Engaging Pages
Real Estate Guide - Orchid Insights - Page 16 of 20 - Orchid Island,1,1,1,1.0,5.672025,2,0,Highly Engaging Pages
Real Estate Guide - Orchid Insights - Page 16 of 17 - Orchid Island,1,1,1,1.0,10.642135,2,0,Highly Engaging Pages
Real Estate Guide - Orchid Insights - Page 15 of 21 - Orchid Island,1,1,1,1.0,0.769442,2,0,Highly Engaging Pages
Real Estate Guide - Orchid Insights - Page 6 of 20 - Orchid Island,1,1,1,1.0,0.202214,2,0,Highly Engaging Pages
"Hassan, Author at Orchid Island - Page 17 of 20",1,1,1,1.0,2.044114,2,0,Highly Engaging Pages
"Hassan, Author at Orchid Island - Page 16 of 20",1,1,1,1.0,0.03365,2,0,Highly Engaging Pages
"Hassan, Author at Orchid Island - Page 15 of 20",1,1,1,1.0,0.010314,2,0,Highly Engaging Pages
"Hassan, Author at Orchid Island - Page 14 of 20",1,1,1,1.0,0.181786,1,0,Highly Engaging Pages
"Hassan, Author at Orchid Island - Page 13 of 20",1,1,1,1.0,0.02317,2,0,Highly Engaging Pages
"Hassan, Author at Orchid Island - Page 12 of 20",1,1,1,1.0,0.542553,2,0,Highly Engaging Pages
"Hassan, Author at Orchid Island - Page 11 of 20",1,1,1,1.0,1.737406,2,0,Highly Engaging Pages
"Hassan, Author at Orchid Island - Page 10 of 20",1,1,1,1.0,0.825479,2,0,Highly Engaging Pages
Exclusive Property for Sale in Marrakech – Rare Investment Opportunity | Orchid Immobilier,1,2,2,1.0,26.037264,2,0,Highly Engaging Pages
Exceptional Commercial Property for Sale in Gueliz Marrakech – Prime 100m² Retail Opportunity on Rue Mohamed El Bekal - Orchid Island | Orchid Immobilier,1,1,1,1.0,13.889498,4,0,Highly Engaging Pages
How to Buy Property Online In Morocco: The Digital Transformation of Real Estate | Orchid Island Real Estate,1,3,2,0.6666666666666666,27.173413333333333,5,0,Highly Engaging Pages
"Hassan, Author at Orchid Island - Page 9 of 20",1,1,1,1.0,2.91482,1,0,Highly Engaging Pages
"Hassan, Author at Orchid Island - Page 8 of 20",1,1,1,1.0,4.991824,1,0,Highly Engaging Pages
"Hassan, Author at Orchid Island - Page 7 of 20",1,1,1,1.0,3.840741,2,0,Highly Engaging Pages
"Hassan, Author at Orchid Island - Page 6 of 20",1,1,1,1.0,1.428667,2,0,Highly Engaging Pages
"Hassan, Author at Orchid Island - Page 4 of 20",1,1,1,1.0,0.000545,1,0,Highly Engaging Pages
"Hassan, Author at Orchid Island - Page 3 of 20",1,1,1,1.0,0.710511,2,0,Highly Engaging Pages
"Hassan, Author at Orchid Island - Page 20 of 20",1,1,1,1.0,0.109389,2,0,Highly Engaging Pages
"Hassan, Author at Orchid Island - Page 2 of 20",1,1,1,1.0,1.025769,1,0,Highly Engaging Pages
"Hassan, Author at Orchid Island - Page 19 of 20",1,1,1,1.0,0.32394,2,0,Highly Engaging Pages
Marché immobilier de Marrakech 2025 : Tendances et prévisions - Orchid Island,1,1,1,1.0,39.082427,2,0,Highly Engaging Pages
Mansion Marrakech : 7 Powerful Reasons to Invest Now,1,1,1,1.0,17.862253,4,0,Highly Engaging Pages
Magnifique villa à RiverPalm : un cadre de vie luxueux avec des vues à couper le souffle - Orchid Island,1,7,5,0.7142857142857143,30.593907,10,0,Highly Engaging Pages
"Luxury Villas for Sale on RCZ Road, Marrakech: Exclusive Property 2025",1,1,1,1.0,3.773266,2,0,Highly Engaging Pages
Luxury Villa for Sale in Chaweng Noi Koh Samui – The House of Koh Koon - Orchid Island | Orchid Immobilier,1,2,2,0.6666666666666666,47.241996,4,0,Highly Engaging Pages
Les meilleurs quartiers de Marrakech : les 10 zones de luxe les plus rentables,1,63,55,0.859375,113.303626515625,70,0,Highly Engaging Pages
Kup nieruchomość w Marrakeszu – czy rok 2025 to dobry czas na inwestycję? - Orchid Island,1,2,2,1.0,22.4329405,4,0,Highly Engaging Pages
Koop onroerend goed in Marrakesh – Is 2025 het juiste moment om te investeren? - Orchid Island,1,7,6,0.75,70.88430475,11,0,Highly Engaging Pages
KSAR ABIAD : Exceptionnal Palace | Orchid Immobilier,1,1,1,1.0,301.997769,1,0,Highly Engaging Pages
"Investitionsmöglichkeit: Villen, Hotels und Residenzen in Marokko – Orchideeninsel",1,1,1,1.0,8.015668,4,0,Highly Engaging Pages
Invest in Marrakech: A Strategic Plot on Ourika Road | Orchid Immobilier,1,1,1,1.0,12.11703,1,0,Highly Engaging Pages
"Inversión inmobiliaria: Marrakech, el paraíso por excelencia - Isla Orquídea",1,1,1,1.0,0.0,3,0,Highly Engaging Pages
Real Estate Guide - Orchid Insights - Page 15 of 17 - Orchid Island,1,1,1,1.0,10.753616,2,0,Highly Engaging Pages
Real Estate Guide - Orchid Insights - Page 14 of 21 - Orchid Island,1,1,1,1.0,6.084906,2,0,Highly Engaging Pages
Real Estate Guide - Orchid Insights - Page 14 of 20 - Orchid Island,1,1,1,1.0,0.473589,1,0,Highly Engaging Pages
Real Estate Guide - Orchid Insights - Page 14 of 19 - Orchid Island,1,1,1,1.0,94.042038,2,0,Highly Engaging Pages
Real Estate Guide - Orchid Insights - Page 13 of 21 - Orchid Island,1,1,1,1.0,0.221503,2,0,Highly Engaging Pages
Real Estate Guide - Orchid Insights - Page 13 of 20 - Orchid Island,1,1,1,1.0,0.182668,2,0,Highly Engaging Pages
Real Estate Guide - Orchid Insights - Page 13 of 19 - Orchid Island,1,1,1,1.0,25.217834,2,0,Highly Engaging Pages
Real Estate Guide - Orchid Insights - Page 12 of 21 - Orchid Island,1,1,1,1.0,0.312476,4,0,Highly Engaging Pages
Real Estate Guide - Orchid Insights - Page 12 of 20 - Orchid Island,1,1,1,1.0,1.137537,2,0,Highly Engaging Pages
Real Estate Guide - Orchid Insights - Page 12 of 19 - Orchid Island,1,1,1,1.0,25.775972,2,0,Highly Engaging Pages
Real Estate Guide - Orchid Insights - Page 11 of 21 - Orchid Island,1,1,1,1.0,0.027828,2,0,Highly Engaging Pages
Real Estate Guide - Orchid Insights - Page 11 of 20 - Orchid Island,1,1,1,1.0,0.240773,1,0,Highly Engaging Pages
Real Estate Guide - Orchid Insights - Page 10 of 21 - Orchid Island,1,1,1,1.0,6.395695,2,0,Highly Engaging Pages
Real Estate Guide - Orchid Insights - Page 20 of 25 - Orchid Island,1,1,1,1.0,12.851019,2,0,Highly Engaging Pages
Orchid Island Investering: Ontgrendel unieke groeikansen,1,1,1,1.0,20.74314,3,0,Highly Engaging Pages
O Morocco Mall Marrakech é um destino de compras de luxo? - Ilha das Orquídeas,1,1,1,1.0,0.0,3,0,Highly Engaging Pages
Nemovitosti Marrákeš – Orchidejový ostrov | Luxusní nemovitosti,1,1,1,1.0,73.979714,3,0,Highly Engaging Pages
摩洛哥数据中心投资 | 主权人工智能基础设施平台 - 兰花岛,0,2,2,0.6666666666666666,160.26155933333334,4,0,Highly Engaging Pages
Marrakech Real Estate Market: Best Investment Destination in 2025 | Orchid Island Real Estate,1,3,2,0.6666666666666666,0.8049783333333332,5,0,Highly Engaging Pages
Marrakech Real Estate Investment 2026 : Trends Shaping Global Capital Strategies | Orchid Island Real Estate,1,4,4,0.8,13.805605,6,0,Highly Engaging Pages
Propiedad de lujo en venta en Marrakech | Finca de 1 hectárea con permiso para hotel de 4 estrellas | Orchid Real Estate,1,1,1,1.0,58.089117,1,0,Highly Engaging Pages
Prime Land for Sale in Marrakech – 484 m² in Janat Azaitoun Lifestyle Destination | Orchid Immobilier,1,1,1,1.0,13.339929,1,0,Highly Engaging Pages
Real Estate Guide - Orchid Insights - Page 15 of 20 - Orchid Island,1,1,1,1.0,3.313534,2,0,Highly Engaging Pages
마라케시 스마트 시티: 모로코 최초의 스마트 시티의 부상.,0,1,1,1.0,60.239399,1,0,Highly Engaging Pages
레드 시티 마라케시: 살아있는 팔레트 - 오키드 아일랜드,0,1,2,1.0,35.3534075,2,0,Highly Engaging Pages
马拉喀什的太阳能住宅：到2025年，它们还值得投资吗？ - 兰花岛,0,1,1,1.0,26.339207,1,0,Highly Engaging Pages
马拉喀什摩洛哥购物中心是豪华购物场所吗？ - 兰花岛,0,1,1,1.0,33.242471,1,0,Highly Engaging Pages
马拉喀什十大顶级街区：最赚钱的10个豪华住宅区,0,1,1,1.0,15.910964,1,0,Highly Engaging Pages
非洲房地产2025——兰花岛,0,1,1,1.0,43.182113,1,0,Highly Engaging Pages
联系我们 - 兰花岛,0,1,1,1.0,30.843926,1,0,Highly Engaging Pages
网站地图 - 兰岛,0,1,1,1.0,139.91771,1,0,Highly Engaging Pages
日本・モロッコ：経済協力：深まるパートナーシップ,0,1,1,1.0,383.655071,1,0,Highly Engaging Pages
Morocco Renewable Energy Real Estate: How Projects Drive Market Growth | Orchid Island Real Estate,1,1,1,1.0,1010.647124,4,0,Highly Engaging Pages
房地产 马拉喀什 – 兰花岛 |豪华房产 --- Real Estate Marrakech – Orchid Island | Luxury Properties,0,1,1,1.0,63.041285,1,0,Highly Engaging Pages
"Investment in Morocco: Land for Sale , Approved for 22 Villas!",241,191,170,0.7589285714285714,83.25397174107142,500,0,Highly Engaging Pages
Real Estate Guide - Orchid Insights - Orchid Island,320,211,220,0.750853242320819,82.20217886689417,733,0,Highly Engaging Pages
Real Estate Blog | Orchid Island - Luxury Real Estate Insights,520,63,150,0.8875739644970414,264.0072969526628,670,0,Highly Engaging Pages
Properties - Orchid Island,4842,1451,1546,0.8158311345646438,114.04816964485488,10064,1,Popular Pages
Rental Permits Morocco: Your Airbnb Legal Guide 2025,5896,5679,313,0.0537431318681318,18.35114261641484,22780,1,Popular Pages
"Luxury Real Estate in Marrakech | Villas, Riads & Investment Properties | Orchid Island",7668,1858,1529,0.5096666666666667,269.459241657,14785,1,Popular Pages
Unlocking Success: Short-Term Rental Regulations in Morocco 2025,8800,8726,178,0.0204105033826396,8.388358309253526,34688,1,Popular Pages
Real Estate Marrakech – Orchid Island | Luxury Properties,8899,5687,3714,0.4849830242883259,76.47075476390702,26527,1,Popular Pages
Page not found - Orchid Island,560,432,212,0.4618736383442265,29.91095756862745,1475,2,Low Engagement Pages
Foreigners in Morocco: Visa and Residence Permit,521,467,234,0.4615384615384615,102.04195441617355,1749,2,Low Engagement Pages
"Agricultural Land Morocco: Rules, Risks, and Investment Benefits - Orchid Island",463,395,193,0.4406392694063927,87.71934867123286,1505,2,Low Engagement Pages
Buying Property in Morocco as a European Investor: 2025 Guide - Orchid Island,417,376,162,0.3932038834951456,77.8338343762136,1322,2,Low Engagement Pages
Rental Permits Morocco: How to Legally Rent Out Your Moroccan Property on Airbnb | Orchid Island Real Estate,378,443,12,0.0269662921348314,6.885886483146067,1568,2,Low Engagement Pages
Off-Plan Property Investments in Marrakech: 2025 Investor Guide - Orchid Island,334,302,176,0.5349544072948327,93.0070927112462,1166,2,Low Engagement Pages
Buy Property in Marrakech – Is 2025 the Right Time to Invest? - Orchid Island,313,251,134,0.4364820846905537,63.167052029315954,937,2,Low Engagement Pages
Ultimate Luxury Palace in Marrakech – Orchid Island Estate - Orchid Island,307,207,158,0.535593220338983,80.63392656271188,856,2,Low Engagement Pages
Income Tax Exemptions Morocco: Complete Guide to Legal Cases and Eligibility,245,224,113,0.4612244897959183,95.94906061632652,712,2,Low Engagement Pages
Why China is pouring billions into Moroccan factorie - Orchid Island,242,231,90,0.3345724907063197,69.31538608550187,840,2,Low Engagement Pages
Moving to Marrakech: Everything You Need to Know,222,194,105,0.4751131221719456,90.1604360271493,752,2,Low Engagement Pages
How Much Does It Cost to Build a Luxury Villa in Marrakech? - Orchid Island,583,503,240,0.4293381037567083,63.30152446511627,1823,2,Low Engagement Pages
日本-摩洛哥：经济合作：日益紧密的伙伴关系,0,1,1,0.5,104.0851535,3,2,Low Engagement Pages
Prestigious Apartment for sale Marrakech – Lycée Victor Hugo Area | Orchid Immobilier,1,2,1,0.5,6.448732,4,2,Low Engagement Pages
Price Appreciation Trends in the Real Estate Market After World Cup | Orchid Island Real Estate,1,2,1,0.5,0.0,4,2,Low Engagement Pages
"Prime land for sale-Marrakech, Chouiter. | Orchid Immobilier",1,2,1,0.5,7.6031915,5,2,Low Engagement Pages
Prime location Archives - Orchid Island,1,1,0,0.0,0.0,3,2,Low Engagement Pages
"Properti Mewah di Marrakech | Vila, Riad & Properti Investasi | Pulau Orchid",1,1,0,0.0,0.0,3,2,Low Engagement Pages
Properties Archive - Page 2 of 7 - Orchid Island,1,1,0,0.0,0.0,3,2,Low Engagement Pages
Properties Archive - Page 2 of 8 - Orchid Island,1,1,0,0.0,3.636601,4,2,Low Engagement Pages
Properties Archive - Page 4 of 7 - Orchid Island,1,1,0,0.0,0.0,3,2,Low Engagement Pages
Properties Archive - Page 5 of 8 - Orchid Island,1,1,0,0.0,0.0,3,2,Low Engagement Pages
Properties Archive - Page 7 of 7 - Orchid Island,1,1,0,0.0,0.0,3,2,Low Engagement Pages
Properties Archive - Page 7 of 9 - Orchid Island,1,1,0,0.0,3.495291,4,2,Low Engagement Pages
Property ROI Morocco Portugal: Comparing Luxury Real Estate Markets in 2025 | Orchid Island Real Estate,1,2,1,0.5,0.0,4,2,Low Engagement Pages
R+5 building Archives - Orchid Island,1,1,0,0.0,0.0,3,2,Low Engagement Pages
Real Estate Guide - Orchid Insights - Page 10 of 19 - Orchid Island,1,1,1,0.5,71.641617,3,2,Low Engagement Pages
Marrakech Land for Sale – The Exclusive Region for Morocco’s Premier Investment. | Orchid Immobilier,1,1,0,0.0,0.0,3,2,Low Engagement Pages
Marrakech Outdoor Living Trends: How Demand Shapes Property Design | Orchid Island Real Estate,1,1,0,0.0,0.0,3,2,Low Engagement Pages
"Marrakech, an Imperial City | Orchid Island Real Estate",1,1,0,0.0,0.0,3,2,Low Engagement Pages
Morocco Real Estate Investment: What Smart Investors Are Doing in 2025 | Orchid Island Real Estate,1,1,0,0.0,0.0,3,2,Low Engagement Pages
Mountain View (penthouses) Archives - Orchid Island,1,1,0,0.0,0.0,3,2,Low Engagement Pages
Mountain View Archives - Orchid Island,1,1,0,0.0,0.0,3,2,Low Engagement Pages
Olive Trees Archives - Orchid Island,1,1,0,0.0,0.0,3,2,Low Engagement Pages
Open Plan Living Area Archives - Orchid Island,1,1,0,0.0,0.0,3,2,Low Engagement Pages
Optimized Layout Archives - Orchid Island,1,1,0,0.0,0.0,3,2,Low Engagement Pages
Real Estate Guide - Orchid Insights - Page 12 of 23 - Orchid Island,1,0,0,0.0,0.0,2,2,Low Engagement Pages
Real Estate Guide - Orchid Insights - Page 12 of 25 - Orchid Island,1,1,0,0.0,0.0,3,2,Low Engagement Pages
Park View Archives - Orchid Island,1,1,0,0.0,0.0,3,2,Low Engagement Pages
Lake View Archives - Orchid Island,1,1,0,0.0,0.0,3,2,Low Engagement Pages
Large living room Archives - Orchid Island,1,1,0,0.0,0.0,3,2,Low Engagement Pages
Luxury Real Estate Smart Technology: The ultimate rise | Orchid Island Real Estate,1,2,1,0.5,0.0,4,2,Low Engagement Pages
"Marakeş'te Lüks Gayrimenkul | Villalar, Riadlar ve Yatırım Amaçlı Gayrimenkuller | Orkide Adası",1,1,0,0.0,0.0,3,2,Low Engagement Pages
How Non-Agricultural Land Use Drives Real Estate Development | Orchid Island Real Estate,1,2,1,0.5,0.0,4,2,Low Engagement Pages
Ifrane’s Learning Festival 2025: A Celebration of Innovation and Knowledge at Al Akhawayn University | Orchid Island Real Estate,1,1,0,0.0,0.0,3,2,Low Engagement Pages
Immobiliare Marrakech – Isola delle Orchidee | Proprietà di lusso,1,0,0,0.0,0.0,2,2,Low Engagement Pages
Impact of Monetary Policy on Morocco’s Real Estate in 2025 | Orchid Island Real Estate,1,1,0,0.0,0.0,3,2,Low Engagement Pages
Infinity Pool Archives - Orchid Island,1,1,0,0.0,0.0,3,2,Low Engagement Pages
Institutional-Grade Asset Archives - Orchid Island,1,1,0,0.0,0.0,3,2,Low Engagement Pages
Emerging Real Estate Markets in Africa for 2025 | Orchid Island Real Estate,1,2,1,0.5,10.70433,4,2,Low Engagement Pages
Essential Landlord Responsibilities: 5 Key Steps for Success | Orchid Island Real Estate,1,1,0,0.0,0.0,3,2,Low Engagement Pages
Find the Best Remote Work Sanctuary Property in Morocco | Orchid Island Real Estate,1,1,0,0.0,0.0,3,2,Low Engagement Pages
GITEX Africa 2025: Orchid Island Real Estate at the Forefront of Real Estate Innovation | Orchid Island Real Estate,1,1,0,0.0,0.0,3,2,Low Engagement Pages
Gym Archives - Orchid Island,1,1,0,0.0,0.0,3,2,Low Engagement Pages
Apartments vs Luxury Villas Marrakech: Which Is the Best Real Estate Investment? | Orchid Island Real Estate,1,1,0,0.0,0.0,3,2,Low Engagement Pages
Aviation Led Urban Growth Morocco Boosts Real Estate | Orchid Island Real Estate,1,1,0,0.0,0.0,3,2,Low Engagement Pages
Built-in Wardrobes Archives - Orchid Island,1,1,0,0.0,0.0,3,2,Low Engagement Pages
Comntemporary Architecture Archives - Orchid Island,1,1,0,0.0,0.0,3,2,Low Engagement Pages
Educational Facility Archives - Orchid Island,1,1,0,0.0,0.0,3,2,Low Engagement Pages
Real Estate Guide - Orchid Insights - Page 24 of 25 - Orchid Island,1,1,0,0.0,0.0,3,2,Low Engagement Pages
Real Estate Guide - Orchid Insights - Page 4 of 23 - Orchid Island,1,1,0,0.0,0.0,3,2,Low Engagement Pages
Educational use (school) Archives - Orchid Island,1,1,0,0.0,0.0,3,2,Low Engagement Pages
16/03/2026 - Orchid Island,1,1,0,0.0,0.0,3,2,Low Engagement Pages
17/10/2025 - Orchid Island,1,1,0,0.0,0.0,3,2,Low Engagement Pages
19/02/2026 - Orchid Island,1,1,0,0.0,0.0,3,2,Low Engagement Pages
2025年非洲房地产展望 - 兰花岛,1,1,0,0.0,0.0,3,2,Low Engagement Pages
21/10/2025 - Orchid Island,1,1,0,0.0,1.444668,4,2,Low Engagement Pages
24/04/2026 - Orchid Island,1,1,0,0.0,0.0,3,2,Low Engagement Pages
27/02/2025 - Orchid Island,1,1,0,0.0,3.043683,4,2,Low Engagement Pages
50m Swimming Pool Archives - Orchid Island,1,1,0,0.0,0.0,3,2,Low Engagement Pages
6 Smart Insurance Policy Comparison Morocco Tips Today | Orchid Island Real Estate,1,1,0,0.0,0.0,3,2,Low Engagement Pages
Admin - Orchid Island,1,1,0,0.0,0.0,3,2,Low Engagement Pages
Africa investment Archives - Orchid Island,1,1,0,0.0,0.0,3,2,Low Engagement Pages
Spa / Hammam Archives - Orchid Island,1,1,0,0.0,0.0,3,2,Low Engagement Pages
Real Estate Guide - Orchid Insights - Page 7 of 25 - Orchid Island,1,1,0,0.0,0.0,3,2,Low Engagement Pages
Real Estate Investment Strategies for Beginners: A Comprehensive Guide | Orchid Island Real Estate,1,1,0,0.0,0.0,3,2,Low Engagement Pages
Real Estate Marrakech – Orchid Island | Premium & Luxury Properties - Orchid Island,1,1,0,0.0,0.0,3,2,Low Engagement Pages
Real Estate in Morocco: Opportunities and Challenges Shaping the Future | Orchid Island Real Estate,1,1,0,0.0,0.0,3,2,Low Engagement Pages
Renovation vs New Villas : What Investors Should Know ? | Orchid Island Real Estate,1,1,0,0.0,0.0,3,2,Low Engagement Pages
Rent Income Marrakech Maximize Returns by using Local Agency Local Agency | Orchid Island Real Estate,1,1,0,0.0,0.0,3,2,Low Engagement Pages
Restaurant Spaces Archives - Orchid Island,1,1,0,0.0,0.0,3,2,Low Engagement Pages
Vacation Rentals in Marrakech: What You Need to Know Before Booking | Orchid Island Real Estate,2,2,0,0.0,0.0,6,2,Low Engagement Pages
Vertical Farming Morocco: Integrating Sustainable Agriculture into Luxury Residential Complexes | Orchid Island Real Estate,2,2,2,0.5,5.63118725,9,2,Low Engagement Pages
"Villa in Morocco Marrakech – Luxury, Atlas Views & High Rental Yield | Orchid Immobilier",2,2,1,0.5,18.346221,5,2,Low Engagement Pages
Virtual Staging in Morocco: Property Visualization Tools,2,2,1,0.5,13.1659045,7,2,Low Engagement Pages
Who Owns Marrakech? | Orchid Island Real Estate,2,2,0,0.0,0.0,6,2,Low Engagement Pages
Why Morocco Has Become a Strategic Real Estate Investment Destination in North Africa | Orchid Island Real Estate,2,3,1,0.3333333333333333,0.0,7,2,Low Engagement Pages
08/11/2025 - Orchid Island,1,1,0,0.0,0.0,3,2,Low Engagement Pages
10/10/2025 - Orchid Island,1,1,0,0.0,1.00358,4,2,Low Engagement Pages
10/11/2025 - Orchid Island,1,1,0,0.0,0.0,3,2,Low Engagement Pages
13/10/2025 - Orchid Island,1,1,0,0.0,0.0,3,2,Low Engagement Pages
Uncategorized Archives - Page 10 of 25 - Orchid Island,1,1,0,0.0,0.0,3,2,Low Engagement Pages
Riad Villa Marrakech: The Ultimate Showdown Between Villas and Riads | Orchid Island Real Estate,1,1,0,0.0,0.0,3,2,Low Engagement Pages
Sale Archives - Page 2 of 6 - Orchid Island,1,1,0,0.0,0.0,3,2,Low Engagement Pages
Sale Archives - Page 3 of 6 - Orchid Island,1,1,0,0.0,0.0,3,2,Low Engagement Pages
Sale Archives - Page 4 of 6 - Orchid Island,1,1,0,0.0,0.0,3,2,Low Engagement Pages
Sale Property Archives - Orchid Island,1,1,0,0.0,0.0,3,2,Low Engagement Pages
Security System / CCTV Archives - Orchid Island,1,1,0,0.0,0.0,3,2,Low Engagement Pages
September 2025 - Orchid Island,1,1,0,0.0,0.0,3,2,Low Engagement Pages
Smart Climate Design Archives - Orchid Island,1,1,0,0.0,0.0,3,2,Low Engagement Pages
Smart Device Integration Property Impact on Inspections and Appraisals in 2025 | Orchid Island Real Estate,1,1,0,0.0,0.0,3,2,Low Engagement Pages
Smart Villas in Morocco: The Future of Luxury Living Is Here | Orchid Island Real Estate,1,2,1,0.5,0.0,4,2,Low Engagement Pages
Solar-Powered Homes in Marrakech: Are They Worth the Investment in 2025? | Orchid Island Real Estate,1,1,0,0.0,0.0,3,2,Low Engagement Pages
Summer in Marrakech: A Unique Summer Getaway | Orchid Island Real Estate,1,1,0,0.0,0.0,3,2,Low Engagement Pages
Sustainable Real Estate Investment in Morocco: 2025 Guide | Orchid Island Real Estate,1,1,0,0.0,0.0,3,2,Low Engagement Pages
Tanjia: A Delicious Symbol of the Marrakchi Way of Life - Orchid Island,1,1,0,0.0,0.0,3,2,Low Engagement Pages
Taxes on Property in Marrakech: What Investors Need to Know | Orchid Island Real Estate,1,1,0,0.0,0.0,3,2,Low Engagement Pages
Terrace Archives - Orchid Island,1,1,0,0.0,0.0,3,2,Low Engagement Pages
The Rise of Digital Real Estate Collectibles in Marrakech (Real Estate NFTs?) | Orchid Island Real Estate,1,1,0,0.0,0.0,3,2,Low Engagement Pages
Top 7 Mistakes Foreign Buyers Make When Buying Property in Morocco | Orchid Island Real Estate,1,1,0,0.0,0.0,3,2,Low Engagement Pages
Top Tips for Managing Holiday Villas in Marrakech | Orchid Island Real Estate,1,2,1,0.5,0.0,4,2,Low Engagement Pages
14/04/2026 - Orchid Island,1,1,0,0.0,0.0,3,2,Low Engagement Pages
Uncategorized Archives - Page 2 of 22 - Orchid Island,2,2,1,0.5,0.0538055,5,2,Low Engagement Pages
Uncategorized Archives - Page 20 of 21 - Orchid Island,2,2,1,0.5,3.542716,6,2,Low Engagement Pages
Uncategorized Archives - Page 21 of 21 - Orchid Island,2,2,1,0.5,3.183527,6,2,Low Engagement Pages
Uncategorized Archives - Page 21 of 25 - Orchid Island,2,2,0,0.0,0.0,6,2,Low Engagement Pages
Uncategorized Archives - Page 24 of 25 - Orchid Island,2,2,0,0.0,0.0,6,2,Low Engagement Pages
Uncategorized Archives - Page 4 of 21 - Orchid Island,2,2,1,0.5,0.0074355,5,2,Low Engagement Pages
Uncategorized Archives - Page 4 of 22 - Orchid Island,2,2,1,0.5,0.198854,5,2,Low Engagement Pages
Uncategorized Archives - Page 5 of 21 - Orchid Island,2,2,1,0.5,2.8744725,6,2,Low Engagement Pages
Uncategorized Archives - Page 6 of 21 - Orchid Island,2,2,1,0.5,2.9400815,6,2,Low Engagement Pages
Uncategorized Archives - Page 7 of 21 - Orchid Island,2,2,1,0.5,3.0851475,6,2,Low Engagement Pages
Uncategorized Archives - Page 8 of 21 - Orchid Island,2,2,1,0.5,3.9958925,6,2,Low Engagement Pages
Uncategorized Archives - Page 8 of 22 - Orchid Island,2,2,1,0.5,0.325296,5,2,Low Engagement Pages
Uncategorized Archives - Page 9 of 21 - Orchid Island,2,2,1,0.5,2.7894785,6,2,Low Engagement Pages
Uncategorized Archives - Page 11 of 23 - Orchid Island,1,1,0,0.0,0.0,3,2,Low Engagement Pages
Uncategorized Archives - Page 11 of 25 - Orchid Island,1,1,0,0.0,0.0,3,2,Low Engagement Pages
Uncategorized Archives - Page 14 of 25 - Orchid Island,1,1,0,0.0,0.0,3,2,Low Engagement Pages
The Backbone of Morocco’s Transportation: The Railway Network in Morocco | Orchid Island Real Estate,2,2,1,0.5,4.384762,5,2,Low Engagement Pages
The Role of Notaries in Moroccan Real Estate: A Complete Guide | Orchid Island Real Estate,2,2,0,0.0,0.0,6,2,Low Engagement Pages
Uncategorized Archives - Page 10 of 21 - Orchid Island,2,2,1,0.5,2.986259,5,2,Low Engagement Pages
Uncategorized Archives - Page 11 of 21 - Orchid Island,2,2,1,0.5,2.9397245,5,2,Low Engagement Pages
Uncategorized Archives - Page 12 of 21 - Orchid Island,2,2,1,0.5,3.1781625,6,2,Low Engagement Pages
Uncategorized Archives - Page 13 of 21 - Orchid Island,2,2,1,0.5,2.819293,6,2,Low Engagement Pages
Uncategorized Archives - Page 14 of 21 - Orchid Island,2,2,1,0.5,3.2256,6,2,Low Engagement Pages
Uncategorized Archives - Page 15 of 21 - Orchid Island,2,2,1,0.5,2.9419310000000003,6,2,Low Engagement Pages
Uncategorized Archives - Page 16 of 21 - Orchid Island,2,2,1,0.5,3.109263,6,2,Low Engagement Pages
Uncategorized Archives - Page 17 of 21 - Orchid Island,2,2,1,0.5,3.1071435,6,2,Low Engagement Pages
Uncategorized Archives - Page 18 of 21 - Orchid Island,2,2,1,0.5,2.873955,6,2,Low Engagement Pages
Uncategorized Archives - Page 19 of 21 - Orchid Island,2,2,1,0.5,4.636277,8,2,Low Engagement Pages
Villa du Golf Marrakech: Luxury Villa (SOLD) 25M MAD,1,1,0,0.0,9.956455,4,2,Low Engagement Pages
Uncategorized Archives - Page 22 of 23 - Orchid Island,1,1,0,0.0,0.0,3,2,Low Engagement Pages
Uncategorized Archives - Page 22 of 25 - Orchid Island,1,1,0,0.0,0.0,3,2,Low Engagement Pages
Uncategorized Archives - Page 23 of 25 - Orchid Island,1,1,0,0.0,0.0,3,2,Low Engagement Pages
Real Estate Guide - Orchid Insights - Page 7 of 22 - Orchid Island,2,2,1,0.5,2.926939,6,2,Low Engagement Pages
Real Estate Guide - Orchid Insights - Page 7 of 26 - Orchid Island,2,2,1,0.5,6.5814525,7,2,Low Engagement Pages
Real Estate Guide - Orchid Insights - Page 8 of 22 - Orchid Island,2,2,1,0.5,2.861089,6,2,Low Engagement Pages
Real Estate Guide - Orchid Insights - Page 8 of 26 - Orchid Island,2,2,0,0.0,2.2360635,8,2,Low Engagement Pages
Real Estate Guide - Orchid Insights - Page 9 of 22 - Orchid Island,2,2,1,0.5,3.5668485,6,2,Low Engagement Pages
Real Estate Guide - Orchid Insights - Page 9 of 26 - Orchid Island,2,2,0,0.0,2.092052,8,2,Low Engagement Pages
Riad Archives - Orchid Island,2,2,0,0.0,0.0,6,2,Low Engagement Pages
Sale Archives - Page 4 of 5 - Orchid Island,2,2,1,0.5,27.7535225,7,2,Low Engagement Pages
Uncategorized Archives - Page 5 of 23 - Orchid Island,1,1,0,0.0,0.0,3,2,Low Engagement Pages
Uncategorized Archives - Page 6 of 25 - Orchid Island,1,1,0,0.0,0.0,3,2,Low Engagement Pages
Uncategorized Archives - Page 8 of 24 - Orchid Island,1,1,0,0.0,0.0,3,2,Low Engagement Pages
Uncategorized Archives - Page 8 of 25 - Orchid Island,1,1,0,0.0,0.0,3,2,Low Engagement Pages
Uncategorized Archives - Page 9 of 23 - Orchid Island,1,1,0,0.0,0.0,3,2,Low Engagement Pages
Uncategorized Archives - Page 9 of 25 - Orchid Island,1,1,0,0.0,0.0,3,2,Low Engagement Pages
Understanding the Demand for Villas with Private Pools in Marrakech | Orchid Island Real Estate,1,2,1,0.5,0.0,4,2,Low Engagement Pages
Shop Archives - Orchid Island,2,2,0,0.0,0.0,6,2,Low Engagement Pages
Real Estate Guide - Orchid Insights - Page 20 of 21 - Orchid Island,2,2,1,0.5,1.0341695,5,2,Low Engagement Pages
Real Estate Guide - Orchid Insights - Page 20 of 26 - Orchid Island,2,2,0,0.0,0.0,6,2,Low Engagement Pages
Real Estate Guide - Orchid Insights - Page 22 of 26 - Orchid Island,2,2,0,0.0,4.1317915,8,2,Low Engagement Pages
Real Estate Guide - Orchid Insights - Page 23 of 26 - Orchid Island,2,2,0,0.0,1.0887025,7,2,Low Engagement Pages
Real Estate Guide - Orchid Insights - Page 24 of 26 - Orchid Island,2,2,0,0.0,0.0,6,2,Low Engagement Pages
Real Estate Guide - Orchid Insights - Page 25 of 26 - Orchid Island,2,2,0,0.0,0.0,6,2,Low Engagement Pages
Real Estate Guide - Orchid Insights - Page 3 of 21 - Orchid Island,2,2,1,0.5,2.9566315,6,2,Low Engagement Pages
Real Estate Guide - Orchid Insights - Page 4 of 22 - Orchid Island,2,2,1,0.5,0.00378,5,2,Low Engagement Pages
Waterfront Living Morocco: Sustainable Coastal Homes | Orchid Island Real Estate,1,2,1,0.5,11.460416,4,2,Low Engagement Pages
What Will Real Estate Look Like in 2030? Morocco’s World Cup Boom and Future Trends | Orchid Island Real Estate,1,1,0,0.0,0.0,3,2,Low Engagement Pages
Why Azerbaijani Investors Should Consider Real Estate in Morocco: A Strategic Economic Opportunity | Orchid Island Real Estate,1,2,1,0.5,0.0,4,2,Low Engagement Pages
Why Foreign Investors Are Choosing Marrakech for Luxury Real Estate Investments | Orchid Island Real Estate,1,2,1,0.5,26.224827,4,2,Low Engagement Pages
Why Invest in Real Estate in Marrakech: A Smart Choice for Global Investors | Orchid Island Real Estate,1,1,0,0.0,1.902315,4,2,Low Engagement Pages
"Why Invest in Real Estate in Medina, Marrakech | Orchid Island Real Estate",1,1,0,0.0,0.0,3,2,Low Engagement Pages
Why Marrakech Real Estate Is Booming Thanks to New Airline Routes | Orchid Island Real Estate,1,2,0,0.0,4.448757,4,2,Low Engagement Pages
WhyInvest in Marrakech Villas2026 Is the Right Time | Orchid Island Real Estate,1,1,0,0.0,0.0,3,2,Low Engagement Pages
why Marrakech is consistently ranked as a top cultural destination - Orchid Island,1,1,1,0.5,7.745558,3,2,Low Engagement Pages
Лучшие районы Марракеша: 10 самых прибыльных районов элитной недвижимости,1,2,1,0.5,67.976254,5,2,Low Engagement Pages
Почему Китай вкладывает миллиарды в марокканскую фабрику - Остров Орхидей,1,1,0,0.0,0.0,3,2,Low Engagement Pages
Real Estate Guide - Orchid Insights - Page 6 of 22 - Orchid Island,2,2,1,0.5,3.2578210000000003,6,2,Low Engagement Pages
Real Estate Guide - Orchid Insights - Page 14 of 22 - Orchid Island,2,2,1,0.5,2.98966,6,2,Low Engagement Pages
Real Estate Guide - Orchid Insights - Page 14 of 26 - Orchid Island,2,2,0,0.0,2.1320025,7,2,Low Engagement Pages
Real Estate Guide - Orchid Insights - Page 15 of 22 - Orchid Island,2,2,1,0.5,3.0647275,6,2,Low Engagement Pages
Real Estate Guide - Orchid Insights - Page 15 of 26 - Orchid Island,2,2,0,0.0,0.0,6,2,Low Engagement Pages
Real Estate Guide - Orchid Insights - Page 16 of 22 - Orchid Island,2,2,1,0.5,3.1566,6,2,Low Engagement Pages
Real Estate Guide - Orchid Insights - Page 16 of 26 - Orchid Island,2,2,0,0.0,1.018123,7,2,Low Engagement Pages
Real Estate Guide - Orchid Insights - Page 17 of 26 - Orchid Island,2,2,0,0.0,0.0,6,2,Low Engagement Pages
Real Estate Guide - Orchid Insights - Page 18 of 26 - Orchid Island,2,2,0,0.0,0.0,6,2,Low Engagement Pages
Real Estate Guide - Orchid Insights - Page 19 of 26 - Orchid Island,2,2,0,0.0,1.1677705,7,2,Low Engagement Pages
7 attraktive Investitionsmöglichkeiten für Studentenunterkünfte in Marokko,0,1,0,0.0,0.0,2,2,Low Engagement Pages
Real Estate Guide - Orchid Insights - Page 2 of 22 - Orchid Island,2,2,1,0.5,0.0476685,4,2,Low Engagement Pages
Properties Archive - Page 3 of 8 - Orchid Island,2,2,0,0.0,1.7335005,7,2,Low Engagement Pages
Properties Archive - Page 3 of 9 - Orchid Island,2,2,0,0.0,0.0,6,2,Low Engagement Pages
Properties Archive - Page 4 of 9 - Orchid Island,2,2,0,0.0,1.571156,7,2,Low Engagement Pages
Properties Archive - Page 5 of 9 - Orchid Island,2,2,0,0.0,1.5858135,7,2,Low Engagement Pages
Properties Archive - Page 6 of 9 - Orchid Island,2,2,0,0.0,6.6233865,8,2,Low Engagement Pages
Properties Archive - Page 8 of 9 - Orchid Island,2,2,0,0.0,1.545966,7,2,Low Engagement Pages
Real Estate Guide - Orchid Insights - Page 10 of 22 - Orchid Island,2,2,1,0.5,2.876352,6,2,Low Engagement Pages
Real Estate Guide - Orchid Insights - Page 10 of 26 - Orchid Island,2,2,0,0.0,5.142036,8,2,Low Engagement Pages
Real Estate Guide - Orchid Insights - Page 11 of 22 - Orchid Island,2,2,1,0.5,7.003921500000001,6,2,Low Engagement Pages
Real Estate Guide - Orchid Insights - Page 12 of 22 - Orchid Island,2,2,1,0.5,6.5022835,5,2,Low Engagement Pages
Real Estate Guide - Orchid Insights - Page 12 of 26 - Orchid Island,2,2,0,0.0,1.84123,7,2,Low Engagement Pages
Real Estate Guide - Orchid Insights - Page 13 of 22 - Orchid Island,2,2,1,0.5,3.186917,6,2,Low Engagement Pages
Real Estate Guide - Orchid Insights - Page 13 of 26 - Orchid Island,2,2,0,0.0,3.312212,8,2,Low Engagement Pages
Moroccan Cuisine: A Rich Tapestry of Flavors and Traditions | Orchid Island Real Estate,2,2,0,0.0,0.0,6,2,Low Engagement Pages
Morocco Real Estate Market Sees Dynamic Shifts in April 2025​ | Orchid Island Real Estate,2,2,0,0.0,0.0,6,2,Low Engagement Pages
Morocco or Portugal – Where should you invest in real estate in 2025? | Orchid Island Real Estate,2,4,1,0.25,5.457424,9,2,Low Engagement Pages
Off Market Property Archives - Orchid Island,2,2,0,0.0,0.0,6,2,Low Engagement Pages
Off-Market Luxury Villa Marrakech | Exclusive Private Estate | Orchid Immobilier,2,2,1,0.5,155.228115,6,2,Low Engagement Pages
"OrchidTeam, Author at Orchid Island",2,2,1,0.5,0.1441055,7,2,Low Engagement Pages
Pool House Archives - Orchid Island,2,2,0,0.0,0.0,6,2,Low Engagement Pages
Properties Archive - Page 2 of 9 - Orchid Island,2,2,0,0.0,3.413718,8,2,Low Engagement Pages
An outstanding 42-hectare land development opportunity near Golf Royal and Al Maaden in Marrakech | Orchid Immobilier,0,1,0,0.0,6.932124,1,2,Low Engagement Pages
Properties Archive - Page 3 of 7 - Orchid Island,2,2,0,0.0,0.0,6,2,Low Engagement Pages
Architectural Canvas: How Walls Speak the Language of Prestige | Orchid Island Real Estate,2,2,0,0.0,0.0,6,2,Low Engagement Pages
Escrow Account for Property Purchases in Morocco: 2025 Guide,2,2,1,0.5,72.023685,6,2,Low Engagement Pages
Foreigners in Morocco: Visa and Residence Permit | Orchid Island Real Estate,2,2,2,0.5,54.3582655,10,2,Low Engagement Pages
GITEX Africa 2025: A Landmark Event for Digital Transformation in Africa | Orchid Island Real Estate,2,3,1,0.3333333333333333,0.0,7,2,Low Engagement Pages
Living as an Expat in Morocco: A Journey of Discovery and Connection | Orchid Island Real Estate,2,4,1,0.2,40.0621422,10,2,Low Engagement Pages
Location longue durée à Marrakech : les quartiers les plus recherchés | Orchid Island Real Estate,2,2,1,0.5,7.5898775,5,2,Low Engagement Pages
17/03/2026 - Orchid Island,2,2,1,0.5,3.519894,5,2,Low Engagement Pages
18/09/2025 - Orchid Island,2,2,1,0.5,0.004316,5,2,Low Engagement Pages
19/09/2025 - Orchid Island,2,2,1,0.5,3.014747,5,2,Low Engagement Pages
23/10/2025 - Orchid Island,2,2,0,0.0,0.7129095,7,2,Low Engagement Pages
29/10/2025 - Orchid Island,2,2,1,0.5,3.050562,6,2,Low Engagement Pages
Aging In Place in Morocco: Designing Homes for Seniors | Orchid Island Real Estate,2,1,0,0.0,0.0,5,2,Low Engagement Pages
Agrotourism Property Morocco: Profitable Investments | Orchid Island Real Estate,2,3,1,0.3333333333333333,4.461543666666667,7,2,Low Engagement Pages
Tokenised Real Estate Investment in Morocco | Orchid Island Real Estate,3,2,1,0.25,105.396588,9,2,Low Engagement Pages
Uncategorized Archives - Page 3 of 21 - Orchid Island,3,3,1,0.3333333333333333,3.713622,10,2,Low Engagement Pages
Uncategorized Archives - Page 5 of 25 - Orchid Island,3,3,0,0.0,0.0,9,2,Low Engagement Pages
Villa as Status: What Your Moroccan Property Says About You | Orchid Island Real Estate,3,2,1,0.3333333333333333,6.0331003333333335,9,2,Low Engagement Pages
03/10/2025 - Orchid Island,2,2,0,0.0,0.546166,7,2,Low Engagement Pages
06/02/2026 - Orchid Island,2,2,1,0.5,11.0177725,4,2,Low Engagement Pages
06/10/2025 - Orchid Island,2,2,0,0.0,0.0,6,2,Low Engagement Pages
07/08/2025 - Orchid Island,2,2,1,0.5,0.0693965,5,2,Low Engagement Pages
07/10/2025 - Orchid Island,2,2,0,0.0,3.304788,7,2,Low Engagement Pages
09/04/2025 - Orchid Island,2,2,0,0.0,0.8451335,7,2,Low Engagement Pages
Real Estate Guide - Orchid Insights - Page 11 of 26 - Orchid Island,3,3,0,0.0,2.430545,11,2,Low Engagement Pages
Real Estate Guide - Orchid Insights - Page 26 of 26 - Orchid Island,3,3,1,0.3333333333333333,23.48769366666667,9,2,Low Engagement Pages
Real Estate Guide - Orchid Insights - Page 3 of 26 - Orchid Island,3,3,0,0.0,1.9819933333333333,11,2,Low Engagement Pages
Real Estate Guide - Orchid Insights - Page 4 of 21 - Orchid Island,3,3,1,0.3333333333333333,2.371152,9,2,Low Engagement Pages
Real Estate Guide - Orchid Insights - Page 4 of 26 - Orchid Island,3,3,0,0.0,2.930171333333333,11,2,Low Engagement Pages
Real Estate Guide - Orchid Insights - Page 6 of 25 - Orchid Island,3,3,0,0.0,0.0,9,2,Low Engagement Pages
Real Estate Guide - Orchid Insights - Page 6 of 26 - Orchid Island,3,3,0,0.0,0.8087593333333332,10,2,Low Engagement Pages
Beste investeringsgebieden voor kustvastgoed in Marokko in 2025,0,3,1,0.3333333333333333,57.853104,4,2,Low Engagement Pages
Smart Home Technology: Is It Worth the Investment? | Orchid Island Real Estate,3,6,3,0.5,0.3985788333333333,12,2,Low Engagement Pages
Join Orchid Island Real Estate: Elevate Your Career on a Global Platform | Orchid Island Real Estate,3,3,1,0.3333333333333333,20.279460333333333,10,2,Low Engagement Pages
Luxury Villa for Rent in Marrakech: Modern Targa Retreat,3,3,1,0.3333333333333333,1.6821173333333332,7,2,Low Engagement Pages
Marrakech: The Hottest Real Estate Investment Destination | Orchid Island Real Estate,3,2,1,0.5,143.59976,5,2,Low Engagement Pages
"Morocco Property Playbook 2025: Ownership rules, taxes, and the smart places to buy for foreigners | Orchid Island Real Estate",3,6,0,0.0,2.414032,15,2,Low Engagement Pages
Paris 2 Bedroom Apartment for Sale: Haussmannian Elegance Near Champs-Élysées | Orchid Immobilier,3,2,1,0.5,94.2975425,5,2,Low Engagement Pages
Properties Archive - Page 9 of 9 - Orchid Island,3,3,1,0.3333333333333333,42.662306333333326,8,2,Low Engagement Pages
Real Estate Crowdfunding in Morocco: 2025 Investor Guide | Orchid Island Real Estate,3,3,1,0.3333333333333333,1.8504866666666664,10,2,Low Engagement Pages
26/02/2025 - Orchid Island,3,3,0,0.0,0.0,9,2,Low Engagement Pages
31/10/2025 - Orchid Island,3,3,1,0.3333333333333333,0.9587523333333332,11,2,Low Engagement Pages
Best Neighborhoods in Marrakech for Airbnb Investment (2025 Guide) | Orchid Island Real Estate,3,1,0,0.0,0.0,7,2,Low Engagement Pages
What are the risks? | Orchid Island Real Estate,4,4,1,0.2,0.0,12,2,Low Engagement Pages
16/09/2025 - Orchid Island,3,3,1,0.3333333333333333,0.0025883333333333,7,2,Low Engagement Pages
16/10/2025 - Orchid Island,3,3,0,0.0,0.0,9,2,Low Engagement Pages
High-return property investment near Marrakech | Orchid Immobilier,4,4,2,0.5,15.17125475,12,2,Low Engagement Pages
Off-Plan Property Investments in Marrakech: 2025 Investor Guide | Orchid Island Real Estate,4,4,2,0.5,10.50424375,12,2,Low Engagement Pages
Outdoor Space Archives - Page 2 of 2 - Orchid Island,4,5,3,0.6,1.3637054000000002,12,2,Low Engagement Pages
Real Estate Guide - Orchid Insights - Page 21 of 26 - Orchid Island,4,4,1,0.2,9.527247,12,2,Low Engagement Pages
22/07/2025 - Orchid Island,4,4,2,0.5,0.13417175,12,2,Low Engagement Pages
22/10/2025 - Orchid Island,4,4,0,0.0,0.0,12,2,Low Engagement Pages
23/05/2025 - Orchid Island,4,4,2,0.5,2.01972275,10,2,Low Engagement Pages
24/07/2025 - Orchid Island,4,5,2,0.4,0.2298052,12,2,Low Engagement Pages
26/05/2025 - Orchid Island,4,4,2,0.5,0.515606,10,2,Low Engagement Pages
27/03/2025 - Orchid Island,4,4,2,0.5,0.0668045,10,2,Low Engagement Pages
28/10/2025 - Orchid Island,4,4,0,0.0,0.0,12,2,Low Engagement Pages
31/07/2025 - Orchid Island,4,4,2,0.5,1.419475,10,2,Low Engagement Pages
Air Conditioning Archives - Page 2 of 2 - Orchid Island,4,5,3,0.6,3.6104936,15,2,Low Engagement Pages
Beyond Marrakech: Morocco’s Ultra-Private Mountain and Desert Retreats | Orchid Island Real Estate,4,4,2,0.5,9.75834375,9,2,Low Engagement Pages
02/05/2025 - Orchid Island,4,4,2,0.5,1.3387495,9,2,Low Engagement Pages
08/07/2025 - Orchid Island,4,4,2,0.5,0.9383085,13,2,Low Engagement Pages
09/09/2025 - Orchid Island,4,4,2,0.5,1.9270805,9,2,Low Engagement Pages
10/09/2025 - Orchid Island,4,4,2,0.5,1.33433325,10,2,Low Engagement Pages
12/11/2025 - Orchid Island,4,4,0,0.0,0.0,12,2,Low Engagement Pages
13/05/2025 - Orchid Island,4,4,2,0.5,0.9036735,11,2,Low Engagement Pages
13/08/2025 - Orchid Island,4,4,2,0.5,0.65704425,11,2,Low Engagement Pages
14/07/2025 - Orchid Island,4,4,2,0.5,3.620077,11,2,Low Engagement Pages
15/09/2025 - Orchid Island,4,4,1,0.25,0.0866005,11,2,Low Engagement Pages
16/05/2025 - Orchid Island,4,4,2,0.5,2.73481675,13,2,Low Engagement Pages
17/09/2025 - Orchid Island,4,4,1,0.25,0.014495,11,2,Low Engagement Pages
20/01/2026 - Orchid Island,4,3,1,0.3333333333333333,19.44068366666667,12,2,Low Engagement Pages
20/10/2025 - Orchid Island,4,4,0,0.0,0.0,12,2,Low Engagement Pages
2025 - Orchid Island,4,4,0,0.0,0.0,12,2,Low Engagement Pages
Moving to Marrakech: Everything You Need to Know | Orchid Island Real Estate,5,3,1,0.1666666666666666,17.005268166666667,16,2,Low Engagement Pages
Natural Light Archives - Page 2 of 2 - Orchid Island,5,5,3,0.6,2.9202562,16,2,Low Engagement Pages
Real Estate Guide - Orchid Insights - Page 19 of 24 - Orchid Island,5,1,2,0.4,1.1478776,9,2,Low Engagement Pages
Real Estate Guide - Orchid Insights - Page 2 of 26 - Orchid Island,5,5,3,0.5,3.3962265000000005,15,2,Low Engagement Pages
Real Estate Guide - Orchid Insights - Page 21 of 22 - Orchid Island,5,4,3,0.6,6.505749400000001,13,2,Low Engagement Pages
Real Estate Guide - Orchid Insights - Page 4 of 25 - Orchid Island,5,5,1,0.2,3.7321114,14,2,Low Engagement Pages
15/07/2025 - Orchid Island,5,5,2,0.4,0.5957178,13,2,Low Engagement Pages
15/10/2025 - Orchid Island,5,5,0,0.0,0.0,15,2,Low Engagement Pages
21/04/2025 - Orchid Island,5,5,2,0.4,0.4232558,13,2,Low Engagement Pages
26/06/2025 - Orchid Island,5,5,2,0.4,3.0771606,13,2,Low Engagement Pages
26/08/2025 - Orchid Island,5,5,2,0.4,1.0363582,14,2,Low Engagement Pages
28/07/2025 - Orchid Island,5,5,2,0.4,0.78469,16,2,Low Engagement Pages
30/10/2025 - Orchid Island,5,5,0,0.0,0.0,15,2,Low Engagement Pages
Header - Orchid Island,5,5,1,0.2,25.3049014,14,2,Low Engagement Pages
Home - Luxury Real Estate Marrakech - Orchid Island,5,5,0,0.0,0.0,15,2,Low Engagement Pages
Fas'ta banka hesabı açmak: Yurtdışında yaşayanlar bunu nasıl yapabilir?,0,1,0,0.0,6.166169,1,2,Low Engagement Pages
GITEX Africa 2025 : Tendances de l'IA et des technologies dans l'immobilier - Orchid Island,0,1,1,0.5,16.5621535,3,2,Low Engagement Pages
Land Archives - Orchid Island,5,5,0,0.0,0.0,15,2,Low Engagement Pages
Real Estate Guide - Orchid Insights - Page 3 of 25 - Orchid Island,6,6,2,0.3333333333333333,32.0778265,16,2,Low Engagement Pages
Real Estate Guide - Orchid Insights - Page 5 of 25 - Orchid Island,6,6,0,0.0,0.6835886666666666,19,2,Low Engagement Pages
Real Estate Guide - Orchid Insights - Page 5 of 26 - Orchid Island,6,6,0,0.0,2.6354735,22,2,Low Engagement Pages
Sale Archives - Page 2 of 4 - Orchid Island,6,6,3,0.5,1.4972078333333334,16,2,Low Engagement Pages
The Ultimate Luxury Nightlife Experience at Es Saadi Marrakech | Orchid Island Real Estate,6,4,2,0.5,70.974913,14,2,Low Engagement Pages
01/07/2025 - Orchid Island,5,5,2,0.4,2.3980978,15,2,Low Engagement Pages
01/09/2025 - Orchid Island,5,4,2,0.5,1.33293475,12,2,Low Engagement Pages
08/09/2025 - Orchid Island,5,5,2,0.4,0.0914874,13,2,Low Engagement Pages
08/10/2025 - Orchid Island,5,5,0,0.0,0.0,15,2,Low Engagement Pages
12/05/2025 - Orchid Island,5,5,2,0.4,1.1118306,13,2,Low Engagement Pages
14/04/2025 - Orchid Island,5,5,2,0.4,0.3275648,14,2,Low Engagement Pages
25/04/2025 - Orchid Island,6,6,2,0.3333333333333333,1.725024333333333,18,2,Low Engagement Pages
27/08/2025 - Orchid Island,6,6,2,0.3333333333333333,0.4898555,16,2,Low Engagement Pages
27/10/2025 - Orchid Island,6,4,2,0.4,10.061087,16,2,Low Engagement Pages
28/03/2025 - Orchid Island,6,6,2,0.3333333333333333,0.5291586666666666,16,2,Low Engagement Pages
7 Reasons Off-Market Real Estate Offers the Best Investment Opportunities | Orchid Island Real Estate,6,6,3,0.5,111.17669583333333,14,2,Low Engagement Pages
"An Exceptional Villa in Palmeraie, Marrakech | Orchid Immobilier",6,3,2,0.5,65.92560975,11,2,Low Engagement Pages
Buy Home Archives - Orchid Island,6,6,3,0.5,1.958849,17,2,Low Engagement Pages
Laundry Room Archives - Page 2 of 2 - Orchid Island,6,6,3,0.5,1.8577495,16,2,Low Engagement Pages
Media Room Archives - Orchid Island,6,7,3,0.4285714285714285,1.4138415714285717,19,2,Low Engagement Pages
OrchidTeam - Orchid Island,7,7,2,0.2857142857142857,0.504925,21,2,Low Engagement Pages
Page not found – Orchid Island,7,6,3,0.4285714285714285,69.58714071428571,19,2,Low Engagement Pages
Real Estate Guide - Orchid Insights - Page 25 of 25 - Orchid Island,7,5,3,0.5,94.86480066666664,15,2,Low Engagement Pages
Solar Panels Archives - Orchid Island,7,7,3,0.4285714285714285,1.816137142857143,19,2,Low Engagement Pages
#LuxuryRealEstate Archives - Orchid Island,6,6,3,0.5,1.8460981666666667,18,2,Low Engagement Pages
02/09/2025 - Orchid Island,6,6,2,0.3333333333333333,0.0946411666666666,15,2,Low Engagement Pages
07/07/2025 - Orchid Island,6,6,2,0.3333333333333333,0.7449121666666666,17,2,Low Engagement Pages
18/08/2025 - Orchid Island,6,6,2,0.3333333333333333,0.143852,16,2,Low Engagement Pages
23/07/2025 - Orchid Island,6,6,2,0.3333333333333333,1.216186,16,2,Low Engagement Pages
24/10/2025 - Orchid Island,6,6,0,0.0,0.0,18,2,Low Engagement Pages
Uncategorized Archives - Page 4 of 25 - Orchid Island,8,8,0,0.0,0.67256775,25,2,Low Engagement Pages
06/03/2025 - Orchid Island,7,7,2,0.2857142857142857,1.5726270000000002,22,2,Low Engagement Pages
06/08/2025 - Orchid Island,7,7,2,0.2857142857142857,1.729795571428571,21,2,Low Engagement Pages
08/08/2025 - Orchid Island,7,7,2,0.2857142857142857,0.7405215714285714,20,2,Low Engagement Pages
11/09/2025 - Orchid Island,7,7,2,0.2857142857142857,0.8083101428571428,18,2,Low Engagement Pages
15/08/2025 - Orchid Island,7,8,2,0.25,0.269545625,22,2,Low Engagement Pages
29/08/2025 - Orchid Island,7,7,2,0.2857142857142857,0.4978265714285714,20,2,Low Engagement Pages
Biophilic Design Real Estate in Marrakech Villas,7,7,4,0.5714285714285714,28.94716071428571,21,2,Low Engagement Pages
Furnished Floors Archives - Orchid Island,7,7,3,0.4285714285714285,1.0178841428571428,17,2,Low Engagement Pages
Guide to Funds Repatriation Guarantee for Foreigners Investing in Moroccan Real Estate | Orchid Island Real Estate,7,9,3,0.25,35.83587975,28,2,Low Engagement Pages
How Huawei is Revolutionizing Tech Innovation in Morocco( Huawei’s impact on Morocco tech Innovation ) | Orchid Island Real Estate,7,5,1,0.2,2.5730384,15,2,Low Engagement Pages
11/07/2025 - Orchid Island,8,8,2,0.25,0.644895,23,2,Low Engagement Pages
12/07/2025 - Orchid Island,8,8,2,0.25,0.4483779999999999,23,2,Low Engagement Pages
16/07/2025 - Orchid Island,8,8,2,0.25,0.10936825,22,2,Low Engagement Pages
25/07/2025 - Orchid Island,8,8,3,0.375,1.572788125,22,2,Low Engagement Pages
25/08/2025 - Orchid Island,8,8,1,0.125,0.577315875,24,2,Low Engagement Pages
30/05/2025 - Orchid Island,8,8,2,0.25,1.099657375,23,2,Low Engagement Pages
Coat Check Archives - Orchid Island,8,8,3,0.375,1.499487,22,2,Low Engagement Pages
From Abidjan to Johannesburg: 7 Powerful Investment Moves in Marrakech,8,7,5,0.625,29.219624625,17,2,Low Engagement Pages
Immobilier Marrakech – Ile aux Orchidées | Propriétés de luxe,0,2,1,0.5,96.425854,2,2,Low Engagement Pages
Infrastructure d'IA souveraine Maroc : Oréus dévoile une expansion majeure sur 3 continents,0,1,0,0.0,8.660806,1,2,Low Engagement Pages
Outdoor Space Archives - Orchid Island,10,11,6,0.5454545454545454,1.9860116363636364,26,2,Low Engagement Pages
Real Estate Guide - Orchid Insights - Page 2 of 25 - Orchid Island,10,9,5,0.5,11.67497,25,2,Low Engagement Pages
#real estate innovation Archives - Orchid Island,9,9,3,0.3333333333333333,0.7266066666666666,25,2,Low Engagement Pages
07/09/2025 - Orchid Island,9,9,2,0.2222222222222222,1.0466571111111111,26,2,Low Engagement Pages
11/08/2025 - Orchid Island,9,9,2,0.2222222222222222,1.128329666666667,27,2,Low Engagement Pages
12/08/2025 - Orchid Island,9,8,3,0.3333333333333333,3.852782333333333,26,2,Low Engagement Pages
Fireplace Archives - Orchid Island,9,9,3,0.3333333333333333,1.3747951111111112,28,2,Low Engagement Pages
Uncategorized Archives - Page 2 of 25 - Orchid Island,9,9,0,0.0,0.4696298888888889,28,2,Low Engagement Pages
Walk-in Closets Archives - Orchid Island,9,10,3,0.3,1.3543254,28,2,Low Engagement Pages
restroom Archives - Orchid Island,9,9,3,0.3333333333333333,1.0763315555555557,25,2,Low Engagement Pages
Inversiones inmobiliarias sobre plano en Marrakech: Guía del inversor 2025 - Orchid Island,0,1,0,0.0,0.0,2,2,Low Engagement Pages
Inversión china en el norte de África y el sector inmobiliario de Marrakech - Orchid Island,0,2,1,0.5,34.2838935,3,2,Low Engagement Pages
Inversión inmobiliaria en Marruecos: ¿Por qué los grandes terrenos serán una opción atractiva en 2025?,0,1,0,0.0,5.562645,1,2,Low Engagement Pages
"Investeringsmogelijkheid: villa's, hotels en residenties in Marokko - Orchid Island",0,1,0,0.0,0.0,2,2,Low Engagement Pages
05/02/2025 - Orchid Island,8,9,2,0.2222222222222222,1.1714326666666668,27,2,Low Engagement Pages
Uncategorized Archives - Page 25 of 25 - Orchid Island,11,11,0,0.0,0.6229841818181818,36,2,Low Engagement Pages
#smart home technology Archives - Orchid Island,10,10,3,0.3,1.7473306000000002,30,2,Low Engagement Pages
09/07/2025 - Orchid Island,10,10,2,0.2,0.0628263,28,2,Low Engagement Pages
11/06/2025 - Orchid Island,10,10,2,0.2,0.4733562,30,2,Low Engagement Pages
11/12/2025 - Orchid Island,10,10,3,0.3,1.9324408,26,2,Low Engagement Pages
16/03/2021 - Orchid Island,10,10,0,0.0,0.3011534,31,2,Low Engagement Pages
28/08/2025 - Orchid Island,10,10,2,0.2,1.1397992,31,2,Low Engagement Pages
7 Powerful Student Accommodation Investment Opportunities in Morocco,10,10,6,0.5454545454545454,52.563583363636354,29,2,Low Engagement Pages
Inheritance and Property Succession Laws in Morocco : Complete Guide 2025,10,6,5,0.4166666666666666,37.98064491666667,28,2,Low Engagement Pages
Vacation Rentals in Marrakech - Orchid Island,12,12,5,0.4166666666666666,11.346686416666666,32,2,Low Engagement Pages
03/09/2025 - Orchid Island,11,11,2,0.1818181818181818,0.680924,33,2,Low Engagement Pages
04/09/2025 - Orchid Island,11,11,2,0.1818181818181818,0.6218644545454545,34,2,Low Engagement Pages
09/10/2025 - Orchid Island,11,11,0,0.0,0.0,33,2,Low Engagement Pages
A Quiet Contender for Global Investment: 7 Strategic Reasons Why Morocco Is Emerging as a Leading Destination,11,11,5,0.4545454545454545,38.010276363636365,30,2,Low Engagement Pages
Achat d’un bien à Marrakech : Top 5 des erreurs à éviter - Orchid Island,11,11,5,0.4545454545454545,8.709071090909092,34,2,Low Engagement Pages
"Agritourism Morocco: Fostering Sustainable Luxury Through Farming, Culture and Innovation | Orchid Island Real Estate",11,9,4,0.4,160.03472,29,2,Low Engagement Pages
Hardwood Floors Archives - Orchid Island,11,11,3,0.2727272727272727,1.922833818181818,35,2,Low Engagement Pages
High Roof Archives - Orchid Island,11,11,3,0.2727272727272727,1.0861371818181818,30,2,Low Engagement Pages
Internet / Wi-Fi Archives - Orchid Island,11,11,3,0.2727272727272727,1.3507822727272727,32,2,Low Engagement Pages
Library Archives - Orchid Island,11,11,3,0.2727272727272727,0.5510048181818181,31,2,Low Engagement Pages
"Premium Land for Sale in Targa Marrakech – Exclusive 2,300 m² Plot",11,11,7,0.5833333333333333,10.735899333333334,28,2,Low Engagement Pages
Top Neighborhoods in Marrakech: 10 Most Profitable Luxury Areas for Investment | Orchid Island Real Estate,11,17,9,0.5,20.3970255,38,2,Low Engagement Pages
Town House Archives - Orchid Island,13,13,3,0.2307692307692307,1.3568456153846151,38,2,Low Engagement Pages
rooftop Archives - Orchid Island,13,13,3,0.2307692307692307,0.9415782307692308,37,2,Low Engagement Pages
02/07/2025 - Orchid Island,12,12,2,0.1666666666666666,1.6579994166666667,37,2,Low Engagement Pages
03/07/2025 - Orchid Island,12,12,2,0.1666666666666666,1.1859150833333334,36,2,Low Engagement Pages
13/03/2021 - Orchid Island,12,12,0,0.0,0.0,36,2,Low Engagement Pages
14/03/2025 - Orchid Island,12,12,0,0.0,0.0,36,2,Low Engagement Pages
20/02/2025 - Orchid Island,12,12,0,0.0,0.2174910833333333,37,2,Low Engagement Pages
Balcony Archives - Orchid Island,12,13,3,0.2307692307692307,0.8828536923076922,36,2,Low Engagement Pages
Kitchen Archives - Orchid Island,12,12,6,0.5,2.4913902500000003,33,2,Low Engagement Pages
Smart Device Integration Property Value Trends in 2025 - Orchid Island,12,12,5,0.4166666666666666,20.662533916666668,31,2,Low Engagement Pages
"Investment in Morocco: Land of 28,000 m² in SD1 – 22 Villas Project Already Approved | Orchid Immobilier",0,1,0,0.0,6.682295,1,2,Low Engagement Pages
Uncategorized Archives - Page 3 of 25 - Orchid Island,12,12,0,0.0,0.92551375,39,2,Low Engagement Pages
Marrakech Real Estate: 1Africa’s Emerging greater Capital,14,13,7,0.4375,77.985342625,36,2,Low Engagement Pages
01/01/2025 - Orchid Island,13,13,0,0.0,0.0,39,2,Low Engagement Pages
10/02/2025 - Orchid Island,13,13,3,0.2307692307692307,1.523525769230769,41,2,Low Engagement Pages
10/07/2025 - Orchid Island,13,13,2,0.1538461538461538,0.9596166153846154,43,2,Low Engagement Pages
24/04/2025 - Orchid Island,13,13,2,0.1538461538461538,0.0441150769230769,36,2,Low Engagement Pages
AI for Real Estate Investment: 2025 Innovations - Orchid Island,13,14,4,0.2857142857142857,1.6903727142857143,40,2,Low Engagement Pages
Moroccan Artisans Interiors in Luxury Homes,13,13,1,0.0769230769230769,1.4815094615384616,41,2,Low Engagement Pages
Patio Archives - Orchid Island,13,13,3,0.2307692307692307,1.1220449230769232,37,2,Low Engagement Pages
Kehidupan Tepi Laut Maroko: Rumah Pesisir Berkelanjutan,0,0,0,0.0,0.0,2,2,Low Engagement Pages
Remote Work Real Estate Morocco : Transforming Villas,13,13,3,0.2307692307692307,3.323586692307692,38,2,Low Engagement Pages
17/03/2025 - Orchid Island,15,15,0,0.0,0.0,45,2,Low Engagement Pages
20/03/2025 - Orchid Island,15,15,2,0.1333333333333333,0.1965365333333333,43,2,Low Engagement Pages
22/08/2025 - Orchid Island,15,15,2,0.1333333333333333,0.3196266666666666,44,2,Low Engagement Pages
28/04/2025 - Orchid Island,15,15,2,0.1333333333333333,0.3283782666666666,43,2,Low Engagement Pages
Family House Archives - Orchid Island,15,15,3,0.1875,0.5233915,45,2,Low Engagement Pages
Laundry Room Archives - Orchid Island,15,16,6,0.375,1.012197125,43,2,Low Engagement Pages
"Marrakech, an Imperial City - Orchid Island",15,15,6,0.4,37.113812,42,2,Low Engagement Pages
Marrakech: A World-Class Golf Destination - Orchid Island,15,15,6,0.4,6.506889066666667,41,2,Low Engagement Pages
Parking Archives - Orchid Island,15,15,3,0.2,1.1538208666666667,46,2,Low Engagement Pages
SOLD Archives - Orchid Island,15,15,4,0.2666666666666666,0.9010684,42,2,Low Engagement Pages
Villas with Private Pools in Marrakech: 2025 Demand Guide - Orchid Island,15,16,7,0.4375,29.00268625,40,2,Low Engagement Pages
Artist Dressing Rooms Archives - Orchid Island,14,14,3,0.2142857142857142,1.2618854285714285,42,2,Low Engagement Pages
Elevate Your Success in Marrakech Industrial District,14,12,8,0.5714285714285714,48.11769907142857,34,2,Low Engagement Pages
Marrakech Smart City : l'essor de la première Smart City du Maroc.,0,1,0,0.0,0.0,2,2,Low Engagement Pages
Leaseback Real Estate Morocco: Invest and Earn Secure Passive Income | Orchid Island Real Estate,0,1,0,0.0,2.709333,1,2,Low Engagement Pages
Why a Real Estate Agency Sells Faster? - Orchid Island,17,17,5,0.2941176470588235,3.025695647058824,49,2,Low Engagement Pages
05/05/2025 - Orchid Island,16,16,2,0.125,0.2987550625,46,2,Low Engagement Pages
14/02/2025 - Orchid Island,16,16,0,0.0,0.2134518125,49,2,Low Engagement Pages
30/06/2025 - Orchid Island,16,16,2,0.125,0.20586325,47,2,Low Engagement Pages
Art and culture in Marrakech : Africa’s New Hotspot! - Orchid Island,16,17,5,0.2941176470588235,2.220681529411765,48,2,Low Engagement Pages
Condo Archives - Orchid Island,16,16,0,0.0,0.5956785,50,2,Low Engagement Pages
Creative Property Spaces Marrakech : 2025 Investment Guide - Orchid Island,16,16,6,0.375,3.9820554375,44,2,Low Engagement Pages
Georgia-Morocco: Invest on Morocco's Booming Property Market,16,17,7,0.4117647058823529,4.470382941176471,44,2,Low Engagement Pages
Natural Light Archives - Orchid Island,16,16,6,0.375,1.3800270625,43,2,Low Engagement Pages
Ontario Archives - Orchid Island,16,16,2,0.125,0.3413471875,48,2,Low Engagement Pages
Riad Marrakech House: A Historical and Artistic Masterpiece [SOLD] - Orchid Island,16,11,7,0.4666666666666666,14.917708333333334,41,2,Low Engagement Pages
TV Cable Archives - Orchid Island,16,16,3,0.1875,0.4490761875,45,2,Low Engagement Pages
What Makes the 2025 Heritage Days a Must-Attend in Marrakech? - Orchid Island,16,16,5,0.3125,2.3772961875,47,2,Low Engagement Pages
1 Stunning Luxury Apartments for Sale in Jardin Harti Marrakech,15,15,5,0.3333333333333333,4.1547003333333326,37,2,Low Engagement Pages
11/04/2025 - Orchid Island,15,15,2,0.1333333333333333,0.2218389333333333,44,2,Low Engagement Pages
13/03/2025 - Orchid Island,15,15,1,0.0666666666666666,46.905816,45,2,Low Engagement Pages
how to sell real estate to international buyers - Orchid Island,18,15,6,0.3529411764705882,4.72595811764706,48,2,Low Engagement Pages
yoga in marrakech,18,18,5,0.2777777777777777,3.006167,54,2,Low Engagement Pages
02/01/2025 - Orchid Island,17,18,2,0.1111111111111111,6.6505425,51,2,Low Engagement Pages
11/03/2025 - Orchid Island,17,17,0,0.0,0.266475,52,2,Low Engagement Pages
24/02/2025 - Orchid Island,17,17,0,0.0,0.1659837647058823,52,2,Low Engagement Pages
24/06/2025 - Orchid Island,17,18,2,0.1111111111111111,0.1398856666666666,52,2,Low Engagement Pages
AI Impact on Real Estate: Shaping Buyer and Seller Behavior,17,17,5,0.2941176470588235,5.836464235294118,49,2,Low Engagement Pages
New York Archives - Orchid Island,17,17,2,0.1176470588235294,0.2713005294117647,51,2,Low Engagement Pages
Off Plan Villas Dubai : Affordable Luxury for Investors 2025 - Orchid Island,17,17,5,0.2941176470588235,3.0728847058823527,49,2,Low Engagement Pages
Orchid Island - GITEX Africa - real estate & innovation,17,17,5,0.2941176470588235,2.476279529411765,50,2,Low Engagement Pages
Resale Smart Home Devices and Home Value in 2025 - Orchid Island,17,16,8,0.5,24.83962,46,2,Low Engagement Pages
United States Archives - Orchid Island,17,17,2,0.1176470588235294,0.1132184705882353,48,2,Low Engagement Pages
Marrakech in Winter: Rent a Villa for the Holidays | Orchid Island Real Estate,0,1,0,0.0,2.087213,1,2,Low Engagement Pages
What Is the Best Golf Course in the World? - Orchid Island,17,18,4,0.2222222222222222,0.6541824444444444,50,2,Low Engagement Pages
Canada Archives - Orchid Island,19,19,2,0.1052631578947368,0.0287112631578947,55,2,Low Engagement Pages
New South Wales Archives - Orchid Island,19,19,2,0.1052631578947368,0.5022225789473684,57,2,Low Engagement Pages
art and culture in Marrakech Archives - Orchid Island,19,19,3,0.1578947368421052,0.456459052631579,57,2,Low Engagement Pages
orchidisland - Orchid Island,19,18,4,0.2222222222222222,4.780809555555555,53,2,Low Engagement Pages
03/06/2025 - Orchid Island,18,18,2,0.1111111111111111,0.5349584444444444,54,2,Low Engagement Pages
3 Bedroom Apartment Prestigia Jade – Excellent Opportunity,18,16,10,0.5555555555555555,46.87623705555556,44,2,Low Engagement Pages
AFCON 2025 Marrakech Investment & Rental Growth - Orchid Island,18,18,6,0.3333333333333333,6.274818,50,2,Low Engagement Pages
Buy Property Archives - Orchid Island,18,18,3,0.1666666666666666,0.9329028888888888,52,2,Low Engagement Pages
Content Blocks Archive - Orchid Island,18,18,3,0.1666666666666666,0.3797831111111111,56,2,Low Engagement Pages
Dubai Property Buying Tips: 7 Secrets for 2025 Off-Plan Success - Orchid Island,18,18,4,0.2222222222222222,1.0210087222222224,52,2,Low Engagement Pages
How Is SSE at al akhawayn Shaping Future Innovators? - Orchid Island,18,16,9,0.4736842105263157,34.2633132631579,56,2,Low Engagement Pages
INDH & Malaika Centre: Partnering for Inclusion - Orchid Island,18,18,6,0.3333333333333333,6.421374611111111,55,2,Low Engagement Pages
Mietgenehmigungen Marokko: Ihr Airbnb-Rechtsleitfaden 2025,0,2,1,0.5,16.1985635,3,2,Low Engagement Pages
"Najlepsze dzielnice Marrakeszu: 10 najbardziej dochodowych, luksusowych obszarów",0,2,1,0.5,8.9852715,2,2,Low Engagement Pages
Why Azerbaijani investors should invest in Morocco? - Orchid Island,18,18,5,0.263157894736842,1.5325559473684212,54,2,Low Engagement Pages
25/06/2025 - Orchid Island,20,20,2,0.1,0.30653905,58,2,Low Engagement Pages
27/06/2025 - Orchid Island,20,20,2,0.1,0.0214865,56,2,Low Engagement Pages
Building a Villa in Marrakech: Agency vs DIY - Orchid Island,20,20,11,0.55,21.73288465,59,2,Low Engagement Pages
California Archives - Orchid Island,20,20,2,0.1,0.0168766,57,2,Low Engagement Pages
Douar property investment Marrakech : Farmhouse Renovation - Orchid Island,20,22,11,0.4782608695652174,47.92780721739131,64,2,Low Engagement Pages
Home Buying Mistakes: 5 Costly Errors First-Time Buyers Make,20,20,7,0.35,4.56536405,59,2,Low Engagement Pages
Impact of Monetary Policy on Morocco's Real Estate in 2025,20,20,7,0.3333333333333333,21.56420695238096,63,2,Low Engagement Pages
Modern Villa Archives - Orchid Island,20,19,6,0.3157894736842105,76.823087,54,2,Low Engagement Pages
Rent Archives - Orchid Island,20,20,4,0.2,1.4219593,62,2,Low Engagement Pages
Villa Status Symbol: What Your Moroccan Property Says About You,20,19,7,0.3684210526315789,6.062587421052632,56,2,Low Engagement Pages
#GITEXAfrica2025 Archives - Orchid Island,19,20,3,0.15,0.3212961,57,2,Low Engagement Pages
18/04/2025 - Orchid Island,19,19,2,0.1052631578947368,0.3166726842105263,55,2,Low Engagement Pages
23/04/2025 - Orchid Island,19,19,2,0.1052631578947368,0.6367294210526315,54,2,Low Engagement Pages
Euro Dirham Marrakech Property Exchange Impact - Orchid Island,21,25,7,0.28,9.05965628,64,2,Low Engagement Pages
Marrakech vs. Marbella: Where to Invest in Luxury Real Estate? - Orchid Island,21,22,10,0.4347826086956521,35.08620295652174,63,2,Low Engagement Pages
Preventive Property Maintenance for Moroccan Rentals,21,21,4,0.1904761904761904,15.177990857142856,64,2,Low Engagement Pages
Real Estate Archives - Orchid Island,21,21,3,0.1428571428571428,0.2892012380952381,60,2,Low Engagement Pages
Smart Home Investment: Is It Worth the Cost,21,20,8,0.4,21.5402388,61,2,Low Engagement Pages
The Journey to a Second Home in Marrakech - Orchid Island,21,21,7,0.3333333333333333,3.2163464285714283,56,2,Low Engagement Pages
What is GITEX in Real Estate?,21,21,5,0.238095238095238,3.065085571428571,65,2,Low Engagement Pages
07/03/2025 - Orchid Island,20,20,2,0.1,0.13249685,59,2,Low Engagement Pages
07/04/2025 - Orchid Island,20,20,2,0.1,0.1425496,59,2,Low Engagement Pages
08/04/2025 - Orchid Island,20,20,2,0.1,0.4439196499999999,59,2,Low Engagement Pages
20/06/2025 - Orchid Island,20,20,2,0.1,0.44195565,59,2,Low Engagement Pages
21/03/2025 - Orchid Island,20,20,2,0.1,1.34581155,60,2,Low Engagement Pages
23/06/2025 - Orchid Island,20,20,2,0.1,0.25489885,58,2,Low Engagement Pages
Opportunité exceptionnelle – Appartement Prestigia Agate,0,1,0,0.0,192.293346,1,2,Low Engagement Pages
24/03/2025 - Orchid Island,20,20,2,0.1,0.78270955,60,2,Low Engagement Pages
Air Conditioning Archives - Orchid Island,22,22,6,0.2727272727272727,1.7788143181818183,67,2,Low Engagement Pages
Australia Archives - Orchid Island,22,22,2,0.0909090909090909,0.1749463636363636,63,2,Low Engagement Pages
Azerbaijani Traditional Dress Honored in Marrakech - Orchid Island,22,22,5,0.2272727272727272,20.995105863636365,64,2,Low Engagement Pages
GITEX Africa Real Estate Highlights - Orchid Island,22,22,6,0.2608695652173913,2.2698324347826087,65,2,Low Engagement Pages
Marrakesh Archives - Orchid Island,22,22,5,0.2272727272727272,36.247167681818176,63,2,Low Engagement Pages
Renting vs. Buying : Which Makes More Sense in Marrakesh,22,22,7,0.3181818181818181,3.2726323636363635,66,2,Low Engagement Pages
bar storage Archives - Orchid Island,22,22,3,0.1363636363636363,1.129690045454545,68,2,Low Engagement Pages
16/04/2025 - Orchid Island,21,21,2,0.0952380952380952,0.2877740952380952,61,2,Low Engagement Pages
AI In Real Estate:How AI is Revolutionizing the Industry,21,21,6,0.2727272727272727,4.756621454545456,62,2,Low Engagement Pages
Buying Motives Villas Morocco: What Drives Luxury Sales,21,21,9,0.4285714285714285,74.41142047619046,60,2,Low Engagement Pages
Page introuvable - Île aux Orchidées,0,1,0,0.0,2.706712,1,2,Low Engagement Pages
Pagina niet gevonden - Orchid Island,0,2,1,0.5,3.623052,2,2,Low Engagement Pages
Per què són tan alts els preus dels habitatges a Marràqueix? - Illa de les Orquídies,0,1,0,0.0,3.281843,1,2,Low Engagement Pages
Elevating Elegance: Wall Art and Prestige Homes Unveiled - Orchid Island,21,20,7,0.3333333333333333,69.91425742857143,63,2,Low Engagement Pages
How to Market Your Marrakech Property to International buyers - Orchid Island,24,23,9,0.375,33.05134775,67,2,Low Engagement Pages
Marrakech in Winter: Rent a Villa for the Holidays - Orchid Island,24,22,5,0.217391304347826,1.922491608695652,66,2,Low Engagement Pages
Moroccan Craftsmanship: A Strategic Real Estate Asset - Orchid Island,24,24,5,0.2083333333333333,1.5337096250000002,68,2,Low Engagement Pages
Real Estate Trends in Marrakech - Orchid Island,24,24,5,0.2083333333333333,2.8088944166666665,73,2,Low Engagement Pages
13/06/2025 - Orchid Island,23,23,2,0.0869565217391304,0.1717716086956521,67,2,Low Engagement Pages
Beginner's guide to real estate investing in 2025 - Orchid Island,23,22,6,0.2727272727272727,141.79742740909091,67,2,Low Engagement Pages
Footer 02 - Orchid Island,23,23,2,0.0869565217391304,0.2371706956521738,69,2,Low Engagement Pages
Furnishing and Maintaining Your Marrakech Home: Practical Tips - Orchid Island,23,23,9,0.391304347826087,7.876087869565217,72,2,Low Engagement Pages
Historical Palace Riad Marrakech Investment - Orchid Island,23,23,4,0.1739130434782608,0.6953706086956521,66,2,Low Engagement Pages
Moroccan Diaspora Property Investment in Marrakech - Orchid Island,23,20,7,0.28,1.31313676,63,2,Low Engagement Pages
Property Buying Marrakech with Virtual Reality - Orchid Island,23,23,6,0.2608695652173913,3.5998149130434776,67,2,Low Engagement Pages
#RealEstateInnovation Archives - Orchid Island,22,22,3,0.1363636363636363,0.9189474090909092,64,2,Low Engagement Pages
30/04/2025 - Orchid Island,22,22,2,0.0909090909090909,0.1584483636363636,64,2,Low Engagement Pages
Garage Archives - Orchid Island,25,26,3,0.1153846153846153,0.6089071153846153,76,2,Low Engagement Pages
"Marrakech Land -surface area of 2,200 m² (SOLD) - Orchid Island",25,24,10,0.4,31.39820908,74,2,Low Engagement Pages
Morocco Real Estate : World Cup impact - Orchid Island,25,25,9,0.36,7.549105799999999,75,2,Low Engagement Pages
"Prime Land for Sale in Janat Azaitoun, Marrakech – 484 m² Within a Fully Integrated Lifestyle Destination - Orchid Island",25,15,14,0.5833333333333333,67.52729166666667,57,2,Low Engagement Pages
"Why Buy Property in Medina with Orchid Island, Marrakech - Orchid Island",25,25,7,0.28,6.801024559999999,78,2,Low Engagement Pages
#luxury real estate Archives - Orchid Island,24,24,3,0.125,0.5261817083333333,70,2,Low Engagement Pages
21/02/2025 - Orchid Island,24,24,6,0.25,6.499502833333334,69,2,Low Engagement Pages
25/02/2025 - Orchid Island,24,24,2,0.0833333333333333,0.5993420833333333,72,2,Low Engagement Pages
Buildable Land Marrakech - Orchid Island,24,23,12,0.48,7.90254732,65,2,Low Engagement Pages
Desert Activities Drive Agafay’s Tourism Investment - Orchid Island,24,25,7,0.28,7.652942439999999,74,2,Low Engagement Pages
Easiest Tips Archives - Orchid Island,24,24,4,0.1666666666666666,3.5121497499999994,73,2,Low Engagement Pages
Find the Best Remote Work Sanctuary Property in Morocco,24,23,10,0.4347826086956521,24.67173695652174,75,2,Low Engagement Pages
GITEX Africa 2025: AI and Tech Trends in Real Estate - Orchid Island,24,23,10,0.4166666666666666,23.370718416666666,69,2,Low Engagement Pages
Riad à vendre à Marrakech Medina - Exclusif et rénové - Orchid Island,0,2,1,0.5,0.1934065,3,2,Low Engagement Pages
How Non-Agricultural Land Use Drives Real Estate Development,24,25,6,0.2307692307692307,7.1207438846153845,73,2,Low Engagement Pages
Traditional Moroccan Riads: Traveler’s Guide - Orchid Island,27,27,4,0.1481481481481481,1.3906795555555556,84,2,Low Engagement Pages
Who Owns Marrakech? - Orchid Island,27,27,13,0.4814814814814814,31.16039081481481,80,2,Low Engagement Pages
#AI in real estate Archives - Orchid Island,26,26,3,0.1153846153846153,0.4211681923076922,76,2,Low Engagement Pages
11/02/2025 - Orchid Island,26,26,2,0.0769230769230769,0.9707007692307692,82,2,Low Engagement Pages
27/05/2025 - Orchid Island,26,26,2,0.0769230769230769,0.3083547307692307,76,2,Low Engagement Pages
Cultural Festivals Impact on Marrakech Real Estate - Orchid Island,26,26,5,0.1923076923076923,1.1868146923076923,78,2,Low Engagement Pages
Digital Nomad Rentals in Morocco: 2025 Investment Guide,26,27,7,0.2592592592592592,14.280941592592592,80,2,Low Engagement Pages
Reconnecting with Roots Through Property in Morocco,26,25,3,0.1111111111111111,3.792856444444445,86,2,Low Engagement Pages
Virtual Home Viewing: The Future of Luxury Real Estate,26,27,5,0.1851851851851851,2.7950273703703705,80,2,Low Engagement Pages
What Digital Marketing Will Look Like in 2030,26,25,5,0.2,1.2566701999999998,72,2,Low Engagement Pages
Yields Morocco World Cup : Marrakech & Casablanca - Orchid Island,26,26,9,0.3461538461538461,17.894695153846154,75,2,Low Engagement Pages
admin - Orchid Island,26,26,2,0.0769230769230769,0.3888984615384615,78,2,Low Engagement Pages
wedding in marrakech,26,26,4,0.1538461538461538,2.10321023076923,83,2,Low Engagement Pages
06/02/2025 - Orchid Island,25,25,0,0.0,0.14146028,76,2,Low Engagement Pages
10/03/2025 - Orchid Island,25,25,2,0.08,0.4059079599999999,75,2,Low Engagement Pages
Sbloccare il successo: regolamenti sul noleggio a breve termine in Marocco 2025,0,1,0,0.0,0.0,2,2,Low Engagement Pages
Convention Fiscale Maroc-France 2026 : Great Expertise Rentable,25,23,12,0.4444444444444444,85.22639251851852,68,2,Low Engagement Pages
Marrakech Outdoor Living Trends in Modern Property Design - Orchid Island,28,25,11,0.3928571428571428,14.846700321428573,80,2,Low Engagement Pages
Propriété de Prestige Marrakech Villa & 4 Hectares VNA,28,22,13,0.52,67.08679708,71,2,Low Engagement Pages
UAE investment projects Marrakech : Luxury Investment Growth - Orchid Island,28,28,10,0.3448275862068965,10.46520555172414,85,2,Low Engagement Pages
Why Marrakech Real Estate Is Booming Thanks to New Airline Routes - Orchid Island,28,27,8,0.2758620689655172,34.67052065517241,90,2,Low Engagement Pages
"Wonderful land near Karting Roundabout, Marrakech for sale (SOLD) - Orchid Island",28,27,14,0.4827586206896551,11.21562596551724,76,2,Low Engagement Pages
#TechInRealEstate Archives - Orchid Island,27,27,3,0.1111111111111111,0.7737514444444444,79,2,Low Engagement Pages
Apartment Archives - Orchid Island,27,27,3,0.1111111111111111,0.4912451481481481,80,2,Low Engagement Pages
Discover 7 Smart School Centric Housing Morocco Trends,27,29,5,0.1724137931034482,15.082763655172414,86,2,Low Engagement Pages
France Archives - Orchid Island,27,27,2,0.074074074074074,0.0032607407407407,79,2,Low Engagement Pages
Managing Holiday Villas in Marrakech: Top Tips 2025 - Orchid Island,27,27,10,0.3703703703703703,68.63944918518519,77,2,Low Engagement Pages
Marrakech Tourism Rental Investment: Short-Term Demand Growth - Orchid Island,27,26,6,0.2307692307692307,2.9573351923076925,74,2,Low Engagement Pages
Riad Villa Marrakech : Which One Is The Best Choice?,27,27,11,0.4074074074074073,21.08009981481481,79,2,Low Engagement Pages
Sell a House Fast:Hiring a Real Estate Agent/Selling On Your Own,30,31,5,0.1515151515151515,1.861867,94,2,Low Engagement Pages
Sustainable Real Estate Marrakech PPP: Key Opportunities - Orchid Island,30,32,7,0.2121212121212121,28.753452454545453,89,2,Low Engagement Pages
Swimming Pool Archives - Orchid Island,30,29,9,0.3103448275862069,28.568495896551727,92,2,Low Engagement Pages
What Is Deep Tech and How Is It Shaping Africa at UM6P 2025? - Orchid Island,30,31,9,0.2571428571428571,14.563562914285717,100,2,Low Engagement Pages
Co-living in Marrakech: A Growing Real Estate Trend - Orchid Island,29,29,9,0.3103448275862069,48.9635175862069,87,2,Low Engagement Pages
Invest in a Golf Property in Marrakech: Luxury Living on the Green - Orchid Island,29,29,7,0.2413793103448276,40.91090196551724,91,2,Low Engagement Pages
Marrakech Airport Property Investment – Rising Demand Explained - Orchid Island,29,29,8,0.2758620689655172,22.803073413793104,82,2,Low Engagement Pages
Marrakech-Land for Sale : Ideal for Hotel or High-End Development - Orchid Island,29,27,14,0.5185185185185184,68.1154312962963,83,2,Low Engagement Pages
visual content in real estate,29,31,8,0.2580645161290322,7.211689548387097,93,2,Low Engagement Pages
29/04/2025 - Orchid Island,28,28,3,0.1071428571428571,0.724606,84,2,Low Engagement Pages
GITEX Marrakesh 2025 : Vision for African Tech Leadership - Orchid Island,28,24,11,0.3793103448275861,43.9660078275862,77,2,Low Engagement Pages
Investment in Marrakesh: Luxury Market Risks and Returns,28,28,10,0.3571428571428571,10.465176964285716,85,2,Low Engagement Pages
Innovative Financing Models in Moroccan Real Estate,32,31,7,0.2258064516129032,26.92543796774193,101,2,Low Engagement Pages
Land Marrakech – 1.16 ha for Exclusive Residential Project,32,29,20,0.606060606060606,18.868997666666665,83,2,Low Engagement Pages
Marrakech Land for Sale | Prime Investment Opportunity,32,30,12,0.4,6.928008266666667,86,2,Low Engagement Pages
Property Rentals in Marrakech: How Events Boost Demand - Orchid Island,32,32,5,0.15625,2.5808753125,97,2,Low Engagement Pages
Common Myths About Buying Property in Marrakech Debunked - Orchid Island,31,28,9,0.2903225806451613,43.12448141935485,79,2,Low Engagement Pages
Essential Landlord Responsibilities: 5 Key Steps for Success,31,30,3,0.1,10.158234666666669,93,2,Low Engagement Pages
Marrakech Satellite Towns Investment: 2025 Trends - Orchid Island,30,30,10,0.3333333333333333,9.901044,88,2,Low Engagement Pages
Paris 2 bedroom apartment for sale - Orchid Island,30,24,16,0.5714285714285714,44.96857507142857,70,2,Low Engagement Pages
Terrasses marocaines sur les toits : le nouveau luxe urbain - Orchid Island,0,1,0,0.0,8.700117,1,2,Low Engagement Pages
Is Morocco the Next Investment Hotspot in Africa? - Orchid Island,34,34,6,0.1764705882352941,17.473907852941178,107,2,Low Engagement Pages
Trustworthy Real Estate Agent in Morocco - Orchid Island,34,31,13,0.40625,37.81467534375,98,2,Low Engagement Pages
Why Marrakech Is Ideal for Land Investment - Orchid Island,34,34,11,0.3142857142857142,6.441098371428572,103,2,Low Engagement Pages
Apartments vs Luxury Villas Marrakech: Best Real Estate Investment - Orchid Island,33,32,12,0.3636363636363636,43.333616696969685,85,2,Low Engagement Pages
Digital Nomad Villas in Marrakech - Orchid Island,33,33,11,0.3333333333333333,104.39829751515153,105,2,Low Engagement Pages
GITEX Africa × Orchid Island : Elevating Real Estate Through Tech,33,32,5,0.15625,1.4753473437500002,97,2,Low Engagement Pages
How to Invest Safely in Africa’s Emerging Real Estate Markets 2025 - Orchid Island,33,32,10,0.303030303030303,13.19970596969697,94,2,Low Engagement Pages
Invest in Marrakech: Unmatched Prime Land on Ourika Road,33,30,16,0.5333333333333333,22.065513966666668,84,2,Low Engagement Pages
Morocco Investment Opportunities 2026: 10 Smart Picks,33,25,13,0.40625,27.45335303125,96,2,Low Engagement Pages
Plot for Sale in Marrakech with R+5 Zoning; Strategic Location. - Orchid Island,33,29,14,0.4516129032258064,9.11235664516129,95,2,Low Engagement Pages
Real Estate Bargaining Morocco: Tips for Smarter Deals,33,30,10,0.3333333333333333,79.66546313333333,97,2,Low Engagement Pages
Renovation vs New Villas: Complete Investment Guide - Orchid Island,33,35,10,0.2857142857142857,10.216379371428571,98,2,Low Engagement Pages
Tax Advantages for Foreign Investors in Marrakech - Orchid Island,33,33,11,0.3235294117647059,18.9282725,95,2,Low Engagement Pages
Urbanisme : la clé d'un investissement intelligent à Marrakech - Orchid Island,0,1,0,0.0,0.0,2,2,Low Engagement Pages
why invest in morocco ? - Orchid Island,33,33,10,0.303030303030303,32.889944121212125,103,2,Low Engagement Pages
Currency Effects on Property Market in Morocco,37,41,9,0.2195121951219512,13.417363048780487,115,2,Low Engagement Pages
Morocco Tax Reform 2026: How Note Circulaire 737 Is Transforming Real Estate Investme - Orchid Island,37,28,20,0.5128205128205127,69.63520723076924,88,2,Low Engagement Pages
Sovereign AI Infrastructure Morocco: Oréus Unveils Powerful Expansion Across 3 Continents,37,27,15,0.4285714285714285,55.658670342857135,107,2,Low Engagement Pages
Al Maaden Golf Marrakech? an Exceptional Golf Destination - Orchid Island,36,36,15,0.3846153846153846,65.78473664102565,119,2,Low Engagement Pages
Chinese Investment in North Africa & Marrakech Real Estate - Orchid Island,36,41,12,0.2926829268292682,16.19083468292683,116,2,Low Engagement Pages
Global Hotel Expansion in Morocco: 7 Powerful Opportunities Driving Exceptional Growth,36,29,20,0.5128205128205127,35.37956761538461,93,2,Low Engagement Pages
Marrakech Second Home Trend 2025 : Investment Insights - Orchid Island,36,35,13,0.3513513513513513,15.274588513513512,104,2,Low Engagement Pages
Property for Sale in Marrakech - Route de Ouarzazate - Orchid Island,36,34,14,0.4117647058823529,20.24303888235294,114,2,Low Engagement Pages
18/03/2025 - Orchid Island,35,35,0,0.0,0.1434254,106,2,Low Engagement Pages
Frais d’achat immobilier à Marrakech : l’essentiel à connaître - Orchid Island,35,34,14,0.4117647058823529,53.10580473529412,111,2,Low Engagement Pages
"Land for Sale: Prime 11-Hectare Plot in Chrifia, Marrakech (SOLD) - Orchid Island",35,34,14,0.4,52.69895102857143,107,2,Low Engagement Pages
Property Visit in Marrakech: What to Look for During an Inspection - Orchid Island,35,31,11,0.3333333333333333,44.822864545454536,104,2,Low Engagement Pages
Verhuizen naar Marrakesh: alles wat u moet weten,0,1,0,0.0,3.243885,1,2,Low Engagement Pages
Luxury Property for Sale in Marrakech: An Original Work Of Art - Orchid Island,39,35,14,0.4,105.77439054285712,104,2,Low Engagement Pages
Luxury Real Estate Smart Technology | The Orchid Island Approach,39,38,10,0.2564102564102563,18.274282153846155,123,2,Low Engagement Pages
Marrakech: 2025’s Hub for Crypto Backed by Real Estate,39,37,8,0.2162162162162162,12.858254675675676,119,2,Low Engagement Pages
Property Evaluation Morocco: What to Know Before You Buy,39,35,13,0.3513513513513513,60.815549054054046,111,2,Low Engagement Pages
Railways in Morocco: Fast Travel & Luxury in Marrakech - Orchid Island,39,39,12,0.3076923076923077,12.596065307692308,121,2,Low Engagement Pages
Agrotourism Property Morocco: Profitable Investments,38,38,2,0.0526315789473684,5.777021736842105,115,2,Low Engagement Pages
Bahja City: What Marrakech’s Joyful Soul Means for Real Estate - Orchid Island,38,34,15,0.3947368421052631,22.935028394736843,119,2,Low Engagement Pages
Investing in Real Estate Near Morocco Mall Marrakech - Orchid Island,38,38,12,0.3157894736842105,42.37017310526316,117,2,Low Engagement Pages
Market After World Cup – Price Appreciation Trends - Orchid Island,38,38,11,0.2894736842105263,14.130714710526316,121,2,Low Engagement Pages
Marrakech Heat : How to Stay Cool in Style This Summer - Orchid Island,38,32,13,0.3513513513513513,12.79078145945946,114,2,Low Engagement Pages
Rental Income Marrakech: Maximize Returns with a Local Agency - Orchid Island,38,37,11,0.282051282051282,50.44159666666666,117,2,Low Engagement Pages
Villa à louer Targa ; Modern Villa with Pool in Marrakech,38,30,17,0.5,52.47167323529412,95,2,Low Engagement Pages
Why Invest in Real Estate in Marrakech - Orchid Island,38,38,6,0.1578947368421052,8.895566631578946,112,2,Low Engagement Pages
Buyer’s Guide to Gueliz: Modern Living in Marrakech Real Estate - Orchid Island,37,32,14,0.3888888888888889,67.35274891666667,109,2,Low Engagement Pages
Why Invest in Real Estate in Medina (Marrakech) - Orchid Island,42,43,10,0.2325581395348837,18.23039074418605,129,2,Low Engagement Pages
Why Morocco Has Become a Strategic Destination for Real Estate Investment in North Africa - Orchid Island,42,44,19,0.4130434782608695,55.406639130434776,148,2,Low Engagement Pages
A land development opportunity - 42 hectare land in Marrakech - Orchid Island,41,40,21,0.5,15.391699904761904,113,2,Low Engagement Pages
Escrow Account Off-Plan Dubai: How Buyers Are Protected - Orchid Island,41,40,12,0.2857142857142857,11.729117833333332,131,2,Low Engagement Pages
"Internship SEO Global Opportunity – ""Digital Marketing & AI"" - Orchid Island",41,37,18,0.45,24.400181725000003,126,2,Low Engagement Pages
Vacation in Marrakech: What Are the Best Things to Do and See?,41,41,5,0.1219512195121951,1.5106430487804878,130,2,Low Engagement Pages
villa medina marrakech - Prime Renovation Potential (SOLD) - Orchid Island,41,38,20,0.5263157894736841,10.012559078947367,103,2,Low Engagement Pages
what will real estate look like in 2030 ? - Orchid Island,41,40,13,0.3170731707317073,12.604205048780486,130,2,Low Engagement Pages
From YSL to Gigi Hadid: Marrakech’s Luxury Scene Icons - Orchid Island,40,36,12,0.3243243243243243,32.10999781081081,118,2,Low Engagement Pages
Marrakech Real Estate 2025: Eco-Friendly Homes on the Rise - Orchid Island,40,37,10,0.263157894736842,14.683609710526316,115,2,Low Engagement Pages
Tiny Luxury Homes Morocco: Micro Villas Rise in Marrakech,40,39,16,0.4,30.359363125000005,130,2,Low Engagement Pages
Waarom investeren in vastgoed in Kasbah (Marrakech)? - Orchideeëneiland,0,1,1,0.5,25.7878945,3,2,Low Engagement Pages
Waarom is Marrakech de keuze van de rijke elite van weleer? - Orchid Island,0,2,1,0.5,68.157712,2,2,Low Engagement Pages
Innovative Insights on Industrial Zones Near Resorts,39,39,7,0.1794871794871794,35.073974615384614,125,2,Low Engagement Pages
Benefits of Turnkey Villas - Orchid Island,45,46,16,0.3478260869565217,49.93673297826088,130,2,Low Engagement Pages
High-End Events: Marrakech's Exclusive Nightlife Venue - Orchid Island,45,39,20,0.4545454545454545,53.839846431818174,135,2,Low Engagement Pages
Morocco Real Estate Market - Orchid Island,45,40,16,0.3555555555555555,99.48462091111112,135,2,Low Engagement Pages
Riads in Marrakech: A Unique Investment Opportunity - Orchid Island,45,45,17,0.3777777777777777,34.6678048,131,2,Low Engagement Pages
World Cup 2030 Morocco Boosts Marrakech Property Market - Orchid Island,45,44,17,0.3777777777777777,42.643722044444445,130,2,Low Engagement Pages
land for sale Marrakech A Unique Opportunity in Gueliz - Orchid Island,45,43,20,0.4545454545454545,19.14295697727273,133,2,Low Engagement Pages
7 Mistakes Foreign Buyers Make When Buying Property in Morocco,44,44,17,0.3777777777777777,44.25765331111111,137,2,Low Engagement Pages
Real Estate Financing Morocco: 2025 Guide for Foreign Buyers,44,37,11,0.2558139534883721,57.43606786046512,122,2,Low Engagement Pages
"Real Estate in Morocco: Opportunities, Challenges & Future Trends",44,42,18,0.4090909090909091,62.345671931818174,137,2,Low Engagement Pages
Villa in Morocco Marrakech | Stunning Atlas Views Investment,44,39,26,0.619047619047619,17.49204333333333,101,2,Low Engagement Pages
Avoid Scams in Real Estate: Protect Yourself and Your Investment,43,44,7,0.159090909090909,2.45710175,135,2,Low Engagement Pages
Uncategorized Archives - Orchid Island,43,41,15,0.3658536585365853,2.42682512195122,114,2,Low Engagement Pages
Marrakech Property Tax Guide 2025: What Investors Need to Know - Orchid Island,42,37,11,0.2558139534883721,6.579192604651162,124,2,Low Engagement Pages
Modern Moroccan Architecture Marrakech Real Estate Trends 2025 - Orchid Island,42,38,12,0.3157894736842105,17.12969847368421,126,2,Low Engagement Pages
Off-Plan Property Marrakech: Risks and Rewards for Investors - Orchid Island,42,41,18,0.4285714285714285,42.81658883333333,134,2,Low Engagement Pages
¿Es Morocco Mall Marrakech un centro comercial de lujo? - Orchid Island,0,1,0,0.0,6.6935,1,2,Low Engagement Pages
¿Por qué China invierte miles de millones en una fábrica marroquí? - Orchid Island,0,1,0,0.0,0.0,2,2,Low Engagement Pages
"Summer in Marrakech: Luxury Stays, Pools & Beach Getaways - Orchid Island",42,42,6,0.1428571428571428,2.231191642857143,133,2,Low Engagement Pages
"Exceptional Villa in Palmeraie, Marrakech",49,46,23,0.4791666666666666,51.92080654166667,130,2,Low Engagement Pages
Foreign Buyer Appeal: Why Riads Attract Global Investors,49,46,17,0.320754716981132,35.1869358490566,156,2,Low Engagement Pages
Invest in Marrakech Villas 2026 : Key Market Insights - Orchid Island,49,48,15,0.3125,24.630089916666662,141,2,Low Engagement Pages
Parcel for sale in Marrakech – Prime investment opportunity - Orchid Island,49,47,18,0.3829787234042553,8.355583595744681,128,2,Low Engagement Pages
ax Optimization & 7 Real Estate Bargaining Morocco Tips,49,52,7,0.1346153846153846,3.604035615384616,151,2,Low Engagement Pages
Top Properties Archives - Orchid Island,48,48,13,0.2708333333333333,7.186848770833333,125,2,Low Engagement Pages
Aviation Led Urban Growth Morocco Boosts Real Estate,47,47,6,0.12,4.31856984,152,2,Low Engagement Pages
Chinese Investment in Morocco: Why Marrakech is Ideal - Orchid Island,47,55,14,0.2545454545454545,14.018305290909092,159,2,Low Engagement Pages
Investment in Ourika Valley Marrakech : Marrakech opportunities - Orchid Island,47,42,21,0.4565217391304347,46.109642565217385,149,2,Low Engagement Pages
Morocco Real Estate Resilience: A Market Built to Withstand Crises,47,54,19,0.3454545454545454,30.586036218181818,158,2,Low Engagement Pages
Terms and Conditions - Orchid Island,47,45,17,0.3617021276595744,37.42668742553191,131,2,Low Engagement Pages
What is the best season to visit Marrakech? - Orchid Island,47,47,7,0.1489361702127659,4.203584510638297,150,2,Low Engagement Pages
should you invest in real estate ? - Orchid Island,47,44,11,0.2340425531914893,32.87052295744681,145,2,Low Engagement Pages
7 Ways Agritourism Morocco Redefines Luxury Living,45,45,11,0.2444444444444444,95.99735357777776,148,2,Low Engagement Pages
Κορυφαίες γειτονιές στο Μαρακές: Οι 10 πιο κερδοφόρες πολυτελείς περιοχές,0,1,0,0.0,1.434059,1,2,Low Engagement Pages
Africa Property Investment Trends 2025: Key Growth Insights - Orchid Island,45,45,13,0.2888888888888888,55.386112,139,2,Low Engagement Pages
Urban Design and Placemaking in Luxury Real Estate,54,39,10,0.1639344262295081,40.51276960655738,165,2,Low Engagement Pages
6 Smart Insurance Policy Comparison Morocco Tips Today,53,47,12,0.2181818181818181,46.65167099999999,162,2,Low Engagement Pages
Buy Property in Morocco: the main reasons,53,50,22,0.4,42.601822381818174,165,2,Low Engagement Pages
Renovating Villas Marrakech: A Practical Investment Guide - Orchid Island,53,54,19,0.3454545454545454,75.24277709090907,165,2,Low Engagement Pages
Villa for Sale in Marrakech – Luxury Amelkis Property - Orchid Island,53,47,24,0.4363636363636363,80.3490006181818,159,2,Low Engagement Pages
Why Marrakech Is the Choice of Old Moroccan Money Style ? - Orchid Island,53,52,22,0.4150943396226415,31.856716566037736,174,2,Low Engagement Pages
Best Areas to Invest in Marrakech: Real Estate Opportunities - Orchid Island,52,43,12,0.2181818181818181,6.020081436363637,146,2,Low Engagement Pages
"Modern Villa for Sale – Semi-Finished, Private & No Overlook",52,43,28,0.5833333333333333,50.453546270833336,127,2,Low Engagement Pages
Real Estate Flipping Morocco: Flip Riads with Heart in 2025,52,49,23,0.4259259259259259,68.03303237037036,153,2,Low Engagement Pages
Riad for Sale – Luxury Medina Property in Morocco - Orchid Island,52,47,28,0.5714285714285714,82.3573648367347,156,2,Low Engagement Pages
"Certified Green Homes Morocco : LEED, HQE, EDGE",51,38,20,0.392156862745098,54.2903788627451,156,2,Low Engagement Pages
Marrakech Real Estate Investment 2026: Unlocking Opportunities,51,49,23,0.4259259259259259,63.5283784074074,152,2,Low Engagement Pages
Smart Villas in Morocco: Home Automation in 2025 - Orchid Island,51,51,17,0.3333333333333333,10.60943168627451,172,2,Low Engagement Pages
"Investing in Morocco,365 m² Land in Central Marrakech R+5 Permit",50,43,19,0.4042553191489361,44.51967461702128,138,2,Low Engagement Pages
Инвестиции в недвижимость в Марокко: почему крупные земельные участки пользуются спросом в 2025 году?,0,1,0,0.0,1.715388,1,2,Low Engagement Pages
Покупка недвижимости в Марокко для европейского инвестора: руководство на 2025 год - Остров Орхидей,0,2,1,0.5,42.413612,2,2,Low Engagement Pages
why invest in real estate in Kasbah (Marrakech) ? - Orchid Island,50,49,12,0.2448979591836734,6.9702918163265295,147,2,Low Engagement Pages
Off-Grid Luxury Morocco: Private Desert & Mountain Escapes,58,55,30,0.5357142857142857,65.53204894642857,191,2,Low Engagement Pages
Real Estate NFTs Morocco: Digital Property in Marrakech,58,52,25,0.4716981132075471,79.48992826415095,178,2,Low Engagement Pages
"Land for Sale Gueliz Marrakech - Prime 2,200 m² Plot",57,44,29,0.5576923076923077,91.89579251923077,140,2,Low Engagement Pages
Moroccan Land Tenure Systems for Foreign Buyers,57,54,27,0.4821428571428571,157.21954910714288,178,2,Low Engagement Pages
Exclusive Prime Land for Sale in Marrakech – 484 m² in Janat Azaitoun Lifestyle Hub,56,44,25,0.4545454545454545,65.58672449090909,152,2,Low Engagement Pages
How AI Transforms Security in High Tech Luxury Homes in Morocco,56,56,17,0.2982456140350877,15.344710245614037,174,2,Low Engagement Pages
Marrakech vs Dubaï Immobilier : Quelle Ville Choisir en 2025 ? - Orchid Island,55,52,26,0.4814814814814814,70.08462727777777,183,2,Low Engagement Pages
The Ultimate Luxury Nightlife Experience : Es Saadi Marrakech: - Orchid Island,55,52,14,0.2545454545454545,8.25927109090909,179,2,Low Engagement Pages
Marrakech Infrastructure Property Growth - Orchid Island,54,67,18,0.2647058823529411,9.58020405882353,182,2,Low Engagement Pages
Marrakech Real Estate Market 2025: Trends and Forecasts - Orchid Island,54,44,25,0.5,37.5438723,154,2,Low Engagement Pages
Privacy Policy - Orchid Island,54,49,18,0.3529411764705882,17.536356215686276,150,2,Low Engagement Pages
Sale Archives - Orchid Island,54,50,18,0.3529411764705882,18.56092952941177,154,2,Low Engagement Pages
Legal Notice - Orchid Island,65,59,21,0.3181818181818181,28.236935181818183,194,2,Low Engagement Pages
Sustainable Real Estate in Morocco: 2025 Investment Guide - Orchid Island,65,55,25,0.3846153846153846,63.01309026153846,202,2,Low Engagement Pages
Green Roofs and Urban Agriculture: Impact on Morocco Real Estate,64,59,26,0.4262295081967212,18.681011639344263,175,2,Low Engagement Pages
Luxury Golf Amelkis Villa : Exclusive investment in Marrakech - Orchid Island,64,54,31,0.5081967213114754,70.80715981967212,167,2,Low Engagement Pages
Feng Shui Real Estate: How our product alight with Feng Shui - Orchid Island,63,71,16,0.2222222222222222,3.589644166666667,213,2,Low Engagement Pages
Premium Targa Residences: 5 Reasons to Choose Luxury Homes,63,57,33,0.540983606557377,27.66191081967213,158,2,Low Engagement Pages
Real Estate for Seniors Morocco ; Aging in Place - Orchid Island,63,60,22,0.360655737704918,41.01701055737705,194,2,Low Engagement Pages
Properties Archive - Orchid Island,61,55,12,0.2,27.381539499999995,186,2,Low Engagement Pages
Apartment for sale Marrakech,59,51,29,0.537037037037037,14.515555092592594,161,2,Low Engagement Pages
Villa Construction for Sale in Marrakech — semi finished luxury - Orchid Island,72,63,34,0.4927536231884058,36.66890385507246,203,2,Low Engagement Pages
How Huawei’s impact on Morocco tech Innovation,71,66,25,0.3571428571428571,110.20230060000002,234,2,Low Engagement Pages
Lot for sale - Route de l'Ourika Marrakech - Orchid Island,71,69,24,0.3380281690140845,18.78463404225352,220,2,Low Engagement Pages
"Real Estate Investment: Marrakech, The Ultimate Eldorado - Orchid Island",70,70,28,0.4,43.64987491428571,214,2,Low Engagement Pages
Transit Oriented Development Morocco: New Real Estate Trends,70,65,15,0.2112676056338028,46.089584690140846,217,2,Low Engagement Pages
How to Invest in Morocco: Key Opportunities Await,68,72,21,0.2837837837837837,15.163173972972976,225,2,Low Engagement Pages
the differences between Morocco and Portugal property markets? - Orchid Island,68,60,17,0.2575757575757575,42.00030237878788,210,2,Low Engagement Pages
Explore Marrakech: A Deep Dive into Its Most Iconic Landmarks - Orchid Island,67,68,12,0.1739130434782608,35.97596694202898,221,2,Low Engagement Pages
Property ROI Morocco Portugal: Which Wins in 2025?,67,65,15,0.2307692307692307,41.66926792307692,209,2,Low Engagement Pages
Smart Homes and PropTech in Morocco - Orchid Island,66,64,19,0.2676056338028168,38.58646095774648,222,2,Low Engagement Pages
1.65 Hectare Land for Sale Marrakech - Ourika Roa,65,52,33,0.55,109.53414585,168,2,Low Engagement Pages
Morocco Real Estate Market 2026: Growth & Infrastructure Outlook - Orchid Island,83,69,46,0.5542168674698795,114.24965727710844,205,2,Low Engagement Pages
Orchid Island Investment,83,63,43,0.5733333333333333,79.0979392,197,2,Low Engagement Pages
Farm House Archives - Orchid Island,80,76,34,0.430379746835443,24.855372202531644,271,2,Low Engagement Pages
7 Ways Agritourism Morocco Is Redefining Sustainable Luxury Living,78,66,34,0.4415584415584415,81.55069092207792,251,2,Low Engagement Pages
Secure Villas Marrakech: Prestige & Privacy in Gated Communities,78,72,36,0.48,68.79387570666667,265,2,Low Engagement Pages
Sitemap - Orchid Island,77,72,35,0.4430379746835442,5.93020170886076,190,2,Low Engagement Pages
Luxury Golf Communities in Marrakech: 2025 Real Estate Guide - Orchid Island,76,66,31,0.4133333333333333,36.88679022666666,256,2,Low Engagement Pages
Luxury villa for sale in Marrakech - Orchid Island,76,65,31,0.4189189189189189,38.8646545,219,2,Low Engagement Pages
Tokenised Real Estate Investment in Morocco,75,65,30,0.4054054054054054,64.10057614864866,242,2,Low Engagement Pages
Digital Title Deeds Morocco – Blockchain Real Estate Guide 2025,74,61,34,0.4473684210526315,80.10812896052633,232,2,Low Engagement Pages
How to Buy Property Online real estate in Morocco ? - Orchid Island,73,66,27,0.391304347826087,52.79555257971014,233,2,Low Engagement Pages
Land Type in Morocco: What Buyers Should Know - Orchid Island,73,61,28,0.3783783783783784,43.74017935135136,218,2,Low Engagement Pages
Leaseback Real Estate Morocco: Smart Passive Income,92,83,30,0.3370786516853932,66.64703753932585,280,2,Low Engagement Pages
Morocco Russia Partnership: Interview of Hassan AL KHAYER - Orchid Island,91,87,36,0.3829787234042553,66.8037670212766,294,2,Low Engagement Pages
High-Return Property Investment Near Marrakech - Orchid Island,89,74,47,0.573170731707317,40.70061201219512,251,2,Low Engagement Pages
How can investors evaluate Riad ROI in Moroccan real estate?,87,76,35,0.4069767441860465,72.5512821860465,278,2,Low Engagement Pages
Morocco Eco-Tourism Investment: Opportunities for Sustainable Property Development in 2025 - Orchid Island,86,76,28,0.345679012345679,107.98245996296296,277,2,Low Engagement Pages
Red City Marrakech: A Living Palette - Orchid Island,85,89,21,0.2234042553191489,19.432672553191487,289,2,Low Engagement Pages
Solar-Powered Homes in Marrakech: Are They Worth the Investment in 2025? - Orchid Island,85,75,29,0.3452380952380952,36.166850833333335,268,2,Low Engagement Pages
دليل العقارات - أوركيد إنسايتس - جزيرة أوركيد,0,1,0,0.0,31.560981,1,2,Low Engagement Pages
شراء العقارات في المغرب كمستثمر أوروبي: دليل 2025 - جزيرة أوركيد,0,2,1,0.5,30.951358,2,2,Low Engagement Pages
شراء عقارات فاخرة في مراكش: دليل شامل للمشترين الأجانب,0,2,1,0.5,67.3966725,3,2,Low Engagement Pages
"Mini-Villa Marrakech, Bab Ighli : A Unique Investment Opportunity",83,69,46,0.6133333333333332,45.9410826,244,2,Low Engagement Pages
Foreign Investors: Reasons for Investing in Marrakech - Orchid Island,118,105,32,0.2831858407079646,48.801880539823,357,2,Low Engagement Pages
"Expat in Morocco: Embrace Adventure, Culture, and Community",116,104,44,0.3859649122807017,57.1731987368421,386,2,Low Engagement Pages
Marrakech Real Estate Market – Top Investment in 2025 - Orchid Island,112,97,55,0.5339805825242718,65.43934905825243,335,2,Low Engagement Pages
Villa du golf - Exclusive Luxury (SOLD) - Orchid Island,112,103,61,0.5446428571428571,28.066304178571432,285,2,Low Engagement Pages
Moroccan Rooftop Terraces: The New Luxury in Urban Living - Orchid Island,111,107,38,0.3333333333333333,43.82930250877193,376,2,Low Engagement Pages
Discover How Moroccan Architecture Powerfully Influences Scandinavian Design Trends in 2025,110,108,22,0.2,22.222461527272724,351,2,Low Engagement Pages
Prime location land in Agadir’s Founty District - Orchid Island,109,91,51,0.53125,70.21874914583334,341,2,Low Engagement Pages
Vertical Farming Morocco: A New Urban Lifestyle,108,101,32,0.2909090909090908,42.85531788181817,357,2,Low Engagement Pages
Is it better to invest in Morocco or Spain real estate? - Orchid Island,105,96,34,0.3269230769230769,60.147329865384606,326,2,Low Engagement Pages
Where to Find the Most Beautiful Riads for Sale in Morocco? - Orchid Island,103,91,53,0.5196078431372549,24.92874302941177,334,2,Low Engagement Pages
Is the Pickalbatros Palais des Roses the new cornerstone of Agadir’s tourism revival - Orchid Island,101,90,44,0.4444444444444444,42.06691667676768,330,2,Low Engagement Pages
Renovating a Traditional Riad in Marrakech’s Medina - Orchid Island,100,84,45,0.4736842105263157,76.52049763157895,319,2,Low Engagement Pages
Waterfront Living Morocco: Sustainable Coastal Homes,99,88,31,0.3163265306122449,36.50740204081633,305,2,Low Engagement Pages
ویلاهای نوسازی در مقابل ویلاهای جدید: راهنمای کامل سرمایه‌گذاری - جزیره ارکید,0,1,0,0.0,0.0,2,2,Low Engagement Pages
فيلا رائعة في ريفر بالم: حياة فاخرة مع إطلالات خلابة - جزيرة أوركيد,0,2,1,0.5,72.673322,2,2,Low Engagement Pages
قصر مراكش: عقار مميز - جزيرة أوركيد,0,1,0,0.0,50.337716,1,2,Low Engagement Pages
Africa Real Estate 2025 - Orchid Island,97,86,35,0.3535353535353535,100.80459377777778,325,2,Low Engagement Pages
Wills and Inheritance Morocco Property Essential Legal Guide,158,134,56,0.3636363636363636,70.6347806103896,511,2,Low Engagement Pages
Urban Planning: Your key to smart investments in Marrakech - Orchid Island,154,145,54,0.3417721518987341,31.78006396202532,524,2,Low Engagement Pages
Retirement Properties in Marrakech: 2025 Expat Guide - Orchid Island,151,134,61,0.4236111111111111,74.10338734027778,476,2,Low Engagement Pages
Family-Friendly Real Estate Developments in Morocco 2025,144,134,73,0.5177304964539006,66.22352656737588,491,2,Low Engagement Pages
"Investment Opportunity: Villas, Hotels, and Residences in Morocco - Orchid Island",141,107,72,0.6153846153846154,49.87423213675214,413,2,Low Engagement Pages
Best Neighborhoods in Marrakech for Airbnb Investment: 2025 Guide,139,122,44,0.3333333333333333,53.61264091666667,404,2,Low Engagement Pages
Hassan - Orchid Island,138,130,53,0.4076923076923076,22.21495587692308,353,2,Low Engagement Pages
Funds Repatriation Guarantee: A Guide for Foreigners. - Orchid Island,137,122,46,0.3216783216783216,94.06482506293706,432,2,Low Engagement Pages
why are house prices so high in Marrakech ? - Orchid Island,134,123,63,0.4736842105263157,63.10791359398496,443,2,Low Engagement Pages
Marrakech Smart City: The Rise of Morocco’s First Smart City.,128,116,46,0.3458646616541353,64.8034094962406,423,2,Low Engagement Pages
Japan-Morocco :Economic Cooperation: A Growing Partnership,126,114,51,0.3893129770992366,71.82786859541984,416,2,Low Engagement Pages
Top Neighborhoods to Buy a Property in Marrakech in 2025 - Orchid Island,126,118,42,0.3414634146341463,64.57308060162602,389,2,Low Engagement Pages
The difference between a Melkia and a Titled Property in Morocco - Orchid Island,123,105,55,0.4471544715447154,88.46182851219513,400,2,Low Engagement Pages
نمو البنية التحتية العقارية في مراكش - جزيرة الأوركيد,0,1,0,0.0,5.380129,1,2,Low Engagement Pages
وظائف في جزيرة أوركيد,0,1,0,0.0,0.0,2,2,Low Engagement Pages
Riad for Sale in Marrakech Medina – Exclusive & Renovated - Orchid Island,215,182,120,0.594059405940594,56.48895735148514,601,2,Low Engagement Pages
Opening a bank account in Morocco: How Can Expats Do It?,207,188,72,0.3380281690140845,65.11071523004695,690,2,Low Engagement Pages
Invest in Morocco's Desert Regions: Merzouga & Zagora,204,160,112,0.6054054054054054,92.5717147783784,670,2,Low Engagement Pages
Bioclimatic Architecture in Morocco: Sustainable Design,190,172,59,0.2964824120603015,71.88367256281407,646,2,Low Engagement Pages
Royal Real Estate Morocco: Celebrity & Diplomat Properties,190,173,98,0.5384615384615384,42.11755035714285,629,2,Low Engagement Pages
Tax Benefits for Foreign Investors in Morocco - Orchid Island,178,152,68,0.3756906077348066,85.23853733701657,574,2,Low Engagement Pages
The Critical Role of Notaries in Moroccan Real Estate: A 2025 Guide,174,142,53,0.3251533742331288,106.95808424539878,534,2,Low Engagement Pages
Morocco Finance Law 2025: Major Impacts on Real Estate Taxation,172,171,39,0.2166666666666666,62.347699122222224,561,2,Low Engagement Pages
Moroccan Cuisine: A Journey Through Tradition & Flavor - Orchid Island,171,166,17,0.0994152046783625,7.5317907368421055,529,2,Low Engagement Pages
Real Estate Crowdfunding in Morocco: 2025 Investor Guide - Orchid Island,167,130,65,0.4248366013071895,86.43589516993462,498,2,Low Engagement Pages
Data Center Investment in Morocco | Sovereign AI Infrastructure Platform - Orchid Island,164,95,71,0.5461538461538461,114.47961585384614,375,2,Low Engagement Pages
Property Auctions Morocco: A Guide to Smart Buying,218,186,87,0.4371859296482412,43.365033437185936,690,2,Low Engagement Pages
Orchid Island Real Estate,2281,722,652,0.733408323959505,100.70493962992128,4184,2,Low Engagement Pages
Top Neighborhoods in Marrakech: 10 Most Profitable Luxury Areas,1289,1149,496,0.3945902943516308,42.20323266109786,4054,2,Low Engagement Pages
Is Morocco Mall Marrakech a luxury shopping spot? - Orchid Island,986,879,540,0.5607476635514018,115.72864845275184,3447,2,Low Engagement Pages
Short-Term Rental Regulations in Morocco: 2025 Legal Guide for Owners | Orchid Island Real Estate,837,972,22,0.022633744855967,2.502411712962963,3472,2,Low Engagement Pages
Can Foreigners Buy Property in Morocco? Your Ultimate Guide - Orchid Island,728,639,318,0.4555873925501432,59.980311634670485,2306,2,Low Engagement Pages
Best Coastal Property Investment Areas in Morocco 2025,704,626,287,0.4220588235294117,65.13138483970589,2311,2,Low Engagement Pages
Real Estate Investment in Morocco: Why Big Plots Are Hot in 2025?,639,560,261,0.4278688524590164,53.571213706557366,2054,2,Low Engagement Pages
